Home_Recent_Points,Away_Recent_Points,Home_Avg_Goals_Scored,Away_Avg_Goals_Scored,Home_Avg_Goals_Conceded,Away_Avg_Goals_Conceded,Home_Win_Rate,Away_Win_Rate,Country,League,Actual_Result,Predicted_Result
1.2,1.8,2.6,2.2,2.2,1.4,0.4,0.6,Russia,Premier League,Away Win,Home Win
1.4,1.4,2.0,1.2,1.0,0.8,0.4,0.4,Germany,Bundesliga 2,Home Win,Home Win
1.0,0.8,0.6,0.6,1.0,0.8,0.2,0.2,Scotland,Scottish League two,Home Win,Home Win
2.4,2.2,1.8,2.4,1.0,1.2,0.8,0.6,Italy,Serie A,Home Win,Home Win
0.0,1.4,0.6,1.0,3.4,0.6,0.0,0.2,China,Super League,Away Win,Away Win
1.4,0.4,2.4,1.0,2.2,2.6,0.4,0.0,England,National league,Home Win,Home Win
2.2,1.8,2.2,3.6,1.2,1.2,0.6,0.4,Mexico,Liga MX,Draw,Draw
1.4,0.2,2.0,0.8,1.6,1.6,0.4,0.0,China,Super League,Draw,Home Win
2.2,1.4,1.4,2.0,0.0,1.6,0.6,0.4,Sweden,Allsvenskan,Home Win,Home Win
3.0,1.6,2.0,1.0,0.2,0.4,1.0,0.4,Argentina,Copa De La Liga Profesional,Home Win,Home Win
2.2,1.6,1.4,2.6,0.6,2.2,0.6,0.4,Russia,Premier League,Home Win,Home Win
1.0,1.0,0.6,0.8,0.6,0.4,0.0,0.2,Argentina,Liga Profesional,Away Win,Draw
1.4,1.0,1.6,1.8,1.6,2.0,0.4,0.2,Italy,Serie A,Home Win,Home Win
0.4,2.2,0.8,2.4,2.2,1.2,0.0,0.6,Netherlands,KPN Eredivisie,Home Win,Away Win
1.2,1.6,1.2,1.0,1.4,0.8,0.4,0.4,Spain,La Liga SmartBank,Home Win,Home Win
1.8,1.4,0.6,1.4,0.2,1.4,0.4,0.4,Japan,J1 League,Draw,Home Win
2.2,1.2,2.6,0.8,2.0,1.0,0.6,0.4,Argentina,Liga Profesional,Home Win,Home Win
0.0,3.0,0.0,2.4,1.2,1.0,0.0,1.0,Mexico,Liga MX,Draw,Away Win
1.8,1.4,0.4,1.2,0.0,1.2,0.4,0.4,Argentina,Copa De La Liga Profesional,Draw,Home Win
0.4,2.2,1.2,1.2,2.0,0.4,0.0,0.6,Russia,Premier League,Away Win,Away Win
0.6,2.6,0.8,3.2,1.2,0.4,0.0,0.8,Ireland,Premier Division,Draw,Away Win
0.8,2.4,0.8,2.6,1.4,1.8,0.2,0.8,England,National league,Home Win,Away Win
2.2,1.6,2.2,1.8,1.4,1.4,0.6,0.4,Denmark,Superliga,Away Win,Home Win
1.6,1.8,1.2,0.6,0.8,0.8,0.4,0.6,Poland,Ekstraklasa,Home Win,Home Win
3.0,0.6,2.0,1.0,1.0,1.4,1.0,0.0,China,Super League,Draw,Home Win
1.4,1.2,1.8,2.0,1.6,2.6,0.4,0.4,England,National league,Home Win,Home Win
0.4,1.0,1.8,1.4,2.6,1.4,0.0,0.2,Japan,J1 League,Away Win,Away Win
1.0,1.4,2.0,0.8,1.8,1.2,0.2,0.4,England,English Football League One,Away Win,Home Win
2.0,0.6,1.8,0.6,1.6,1.6,0.6,0.2,Turkey,Ligi 1,Home Win,Home Win
1.8,0.6,1.2,1.2,0.8,1.6,0.6,0.2,Sweden,Allsvenskan,Home Win,Home Win
0.8,1.8,0.4,1.4,1.4,1.6,0.2,0.6,Scotland,Scottish League one,Draw,Away Win
0.8,1.6,1.0,1.4,1.6,0.8,0.2,0.4,France,Ligue 2,Draw,Away Win
0.2,0.2,0.6,1.0,2.6,2.6,0.0,0.0,Switzerland,Super League,Draw,Home Win
2.2,2.4,2.4,2.4,1.6,2.0,0.6,0.8,Poland,Ekstraklasa,Home Win,Home Win
1.8,1.8,0.4,1.2,0.0,0.4,0.4,0.4,Poland,Ekstraklasa,Draw,Draw
1.4,1.0,2.6,1.0,2.2,1.6,0.4,0.2,Germany,Bundesliga 2,Home Win,Home Win
1.4,1.0,0.8,1.2,0.8,1.4,0.4,0.2,Argentina,Liga Profesional,Home Win,Home Win
0.6,1.2,0.8,1.4,2.6,1.6,0.2,0.4,Argentina,Copa De La Liga Profesional,Home Win,Home Win
1.8,0.4,1.0,1.0,0.0,2.0,0.4,0.0,Spain,La Liga SmartBank,Draw,Home Win
1.4,2.6,1.4,2.6,1.8,0.6,0.4,0.8,Scotland,Scottish League one,Away Win,Away Win
1.0,0.8,0.6,1.8,1.2,2.0,0.2,0.0,Argentina,Copa De La Liga Profesional,Away Win,Draw
0.2,1.0,0.6,1.8,2.2,1.8,0.0,0.2,Germany,Bundesliga 1,Home Win,Away Win
1.8,2.4,1.0,2.8,0.8,1.0,0.6,0.8,Greece,Ethniki Katigoria,Away Win,Away Win
1.8,2.6,1.6,2.4,1.2,0.4,0.4,0.8,Denmark,Superliga,Draw,Away Win
0.6,1.6,0.6,2.4,1.4,1.8,0.0,0.4,USA,MLS,Away Win,Draw
1.0,0.6,0.4,0.6,1.4,2.2,0.2,0.2,Netherlands,KPN Eredivisie,Home Win,Home Win
1.8,0.4,1.6,0.4,1.2,1.2,0.6,0.0,Romania,Liga 1,Home Win,Home Win
1.6,1.2,1.6,1.2,0.6,1.2,0.4,0.2,Italy,Serie B,Home Win,Draw
1.4,1.0,0.6,0.6,0.4,0.8,0.2,0.2,Argentina,Copa De La Liga Profesional,Home Win,Draw
2.2,3.0,2.0,3.2,0.8,0.4,0.6,1.0,Ireland,Premier Division,Draw,Away Win
2.0,0.4,1.8,1.2,0.6,1.8,0.6,0.0,Scotland,Scottish Championship,Draw,Home Win
1.0,0.4,0.6,1.4,0.8,2.8,0.2,0.0,England,National league,Home Win,Home Win
0.8,0.2,1.2,0.2,2.0,2.6,0.2,0.0,Netherlands,KPN Eredivisie,Home Win,Home Win
0.2,1.8,0.8,1.4,3.0,0.4,0.0,0.4,Greece,Ethniki Katigoria,Away Win,Away Win
1.4,0.4,1.4,0.6,1.4,2.4,0.4,0.0,USA,MLS,Draw,Home Win
0.4,1.0,0.2,1.2,0.8,1.2,0.0,0.2,Greece,Ethniki Katigoria,Draw,Draw
0.6,2.0,1.0,2.2,1.6,1.0,0.0,0.6,Germany,Bundesliga 1,Away Win,Away Win
1.8,0.0,2.6,0.2,0.6,1.8,0.4,0.0,China,Super League,Home Win,Home Win
1.0,0.4,0.6,0.4,0.8,1.4,0.2,0.0,Romania,Liga 1,Home Win,Home Win
0.6,1.8,0.4,2.0,1.2,1.0,0.0,0.4,England,National league,Away Win,Draw
1.2,0.2,1.0,0.2,1.2,2.2,0.4,0.0,Germany,Bundesliga 2,Draw,Home Win
0.8,1.8,0.6,1.4,1.6,1.0,0.2,0.6,France,Ligue 1,Away Win,Away Win
0.2,0.6,1.0,1.0,2.8,1.8,0.0,0.2,England,English Football League Two,Away Win,Home Win
1.6,1.2,2.4,1.2,2.4,1.2,0.4,0.2,England,English Football League Two,Draw,Home Win
2.2,0.8,1.8,1.2,0.8,1.8,0.6,0.0,Norway,Eliteserien,Home Win,Home Win
2.0,2.2,1.4,1.2,0.2,0.2,0.6,0.6,Scotland,Scottish Championship,Away Win,Away Win
1.8,1.2,1.4,1.0,0.6,0.8,0.4,0.4,Romania,Liga 1,Draw,Home Win
1.8,1.8,1.6,0.8,0.8,0.4,0.4,0.4,Argentina,Copa De La Liga Profesional,Draw,Draw
2.6,1.4,1.6,1.6,0.6,1.0,0.8,0.4,England,English Championship,Home Win,Home Win
1.6,1.8,0.8,2.0,1.0,0.8,0.4,0.6,Denmark,Superliga,Away Win,Away Win
0.4,0.0,0.0,0.4,1.0,2.0,0.0,0.0,Sweden,Allsvenskan,Away Win,Home Win
3.0,1.2,2.4,1.8,0.8,2.4,1.0,0.4,Finland,Veikkausliiga,Home Win,Home Win
0.8,0.4,1.0,0.8,1.2,2.4,0.2,0.0,England,English Football League One,Home Win,Home Win
0.2,0.2,1.2,0.8,2.0,2.4,0.0,0.0,USA,MLS,Draw,Home Win
3.0,2.2,3.8,1.6,0.4,1.0,1.0,0.6,China,Super League,Away Win,Home Win
0.6,1.2,1.0,0.8,1.8,0.8,0.0,0.2,Italy,Serie B,Home Win,Draw
2.2,0.8,2.6,0.4,0.4,0.6,0.6,0.0,USA,MLS,Home Win,Home Win
1.4,1.4,1.4,2.4,1.2,1.8,0.2,0.4,Belgium,Jupiler League,Home Win,Home Win
3.0,0.6,2.2,1.4,0.4,1.8,1.0,0.0,Germany,Bundesliga 1,Home Win,Home Win
2.2,0.0,1.4,0.8,0.8,1.8,0.6,0.0,Russia,Premier League,Home Win,Home Win
1.4,1.2,1.4,0.8,1.4,0.8,0.4,0.2,Italy,Serie B,Home Win,Home Win
1.8,1.4,1.2,0.8,0.8,0.8,0.4,0.4,Argentina,Copa De La Liga Profesional,Draw,Home Win
0.4,2.2,1.4,2.0,2.0,1.0,0.0,0.6,USA,MLS,Away Win,Away Win
2.6,1.2,2.0,0.4,1.0,1.0,0.8,0.4,Germany,Bundesliga 2,Home Win,Home Win
1.4,0.4,0.4,1.2,0.8,1.8,0.4,0.0,Japan,J1 League,Away Win,Home Win
1.8,1.8,2.0,1.4,1.8,2.0,0.6,0.6,Russia,Premier League,Home Win,Home Win
2.2,1.8,2.4,1.4,0.4,1.6,0.6,0.6,Russia,Premier League,Away Win,Home Win
0.4,2.2,1.4,2.0,3.0,0.4,0.0,0.6,USA,MLS,Home Win,Away Win
3.0,2.6,2.8,1.8,0.8,1.0,1.0,0.8,China,Super League,Away Win,Home Win
1.8,2.0,2.2,1.2,1.6,1.0,0.6,0.6,Italy,Serie B,Draw,Home Win
2.4,0.6,2.4,0.8,0.6,1.4,0.8,0.0,Spain,La Liga SmartBank,Home Win,Home Win
0.8,1.2,0.8,1.2,1.0,1.4,0.0,0.4,USA,MLS,Home Win,Home Win
1.8,1.6,2.2,2.0,1.8,2.0,0.6,0.4,England,National league,Home Win,Home Win
1.0,1.2,1.2,0.8,1.2,0.8,0.2,0.4,Argentina,Liga Profesional,Home Win,Home Win
1.4,2.0,1.8,1.4,1.8,1.0,0.4,0.6,France,Ligue 2,Draw,Home Win
3.0,1.2,1.2,0.6,0.0,0.8,1.0,0.4,Brazil,Serie A,Home Win,Home Win
0.6,0.8,1.2,0.8,2.6,1.0,0.2,0.2,Netherlands,KPN Eredivisie,Home Win,Home Win
1.8,0.8,1.2,0.8,0.8,1.2,0.4,0.2,Scotland,Scottish League two,Home Win,Home Win
0.4,2.4,0.8,1.8,2.0,0.4,0.0,0.8,England,English Football League One,Home Win,Away Win
2.6,0.2,1.8,0.6,0.6,2.6,0.8,0.0,Scotland,Scottish League one,Home Win,Home Win
1.6,2.2,1.8,2.4,1.2,1.0,0.4,0.6,England,English Premier league,Home Win,Home Win
1.2,0.6,1.2,0.4,1.6,1.6,0.4,0.2,Romania,Liga 1,Away Win,Home Win
1.8,1.6,1.0,1.2,1.0,1.0,0.6,0.4,Spain,La Liga SmartBank,Home Win,Home Win
2.6,1.4,1.4,1.8,0.4,2.0,0.8,0.4,Portugal,Liga I,Home Win,Home Win
1.0,0.8,1.4,1.0,1.4,1.4,0.2,0.0,Ireland,Premier Division,Home Win,Draw
0.0,1.8,0.6,2.4,2.8,0.6,0.0,0.6,Denmark,Superliga,Away Win,Away Win
0.0,1.2,0.8,1.2,2.0,1.4,0.0,0.4,Finland,Veikkausliiga,Home Win,Away Win
0.8,1.0,0.6,1.6,1.8,1.4,0.2,0.2,Scotland,Scottish League one,Draw,Away Win
1.6,0.2,1.4,0.2,1.4,1.8,0.4,0.0,England,National league,Draw,Home Win
1.4,2.2,1.2,1.0,2.0,0.4,0.4,0.6,Mexico,Liga MX,Away Win,Away Win
1.8,1.2,0.6,2.0,1.2,1.4,0.6,0.4,Mexico,Liga MX,Home Win,Home Win
0.0,1.8,0.0,1.4,2.2,0.8,0.0,0.6,Russia,Premier League,Away Win,Away Win
1.2,2.2,1.2,2.0,1.4,1.2,0.4,0.6,Italy,Serie B,Away Win,Away Win
2.6,1.4,1.4,1.8,0.6,1.4,0.8,0.4,Ireland,Premier Division,Home Win,Home Win
1.2,1.4,1.2,0.6,1.8,1.0,0.4,0.4,Scotland,Scottish Premiership,Draw,Home Win
0.0,1.0,0.4,1.8,2.6,2.4,0.0,0.2,Austria,Bundesliga,Away Win,Away Win
0.4,0.2,0.6,0.6,1.4,1.6,0.0,0.0,France,Ligue 1,Home Win,Home Win
3.0,2.4,2.4,2.2,1.0,1.6,1.0,0.8,Poland,Ekstraklasa,Home Win,Home Win
1.4,0.0,1.6,0.2,1.2,2.4,0.4,0.0,Finland,Veikkausliiga,Home Win,Home Win
1.4,0.6,1.2,0.6,1.4,1.8,0.4,0.2,Turkey,Ligi 1,Home Win,Home Win
1.8,0.4,2.0,0.4,1.2,1.6,0.6,0.0,Argentina,Liga Profesional,Home Win,Home Win
1.0,1.4,0.0,0.8,0.0,0.8,0.0,0.4,Argentina,Liga Profesional,Draw,Draw
0.2,0.6,0.6,1.4,1.8,2.2,0.0,0.0,Mexico,Liga MX,Draw,Home Win
1.0,0.2,1.2,0.8,1.0,2.0,0.2,0.0,Scotland,Scottish Premiership,Home Win,Home Win
1.6,0.6,0.6,1.2,0.4,2.2,0.4,0.2,Romania,Liga 1,Home Win,Home Win
1.8,2.4,1.4,2.0,0.6,0.8,0.4,0.8,Austria,Bundesliga,Home Win,Away Win
1.6,0.8,2.0,1.0,2.0,1.4,0.4,0.0,Romania,Liga 1,Home Win,Home Win
2.2,0.4,2.2,0.8,1.2,1.4,0.6,0.0,Japan,J1 League,Home Win,Home Win
2.6,1.2,2.0,0.6,0.4,0.8,0.8,0.4,Spain,La Liga Santandar ,Home Win,Home Win
3.0,1.2,2.0,0.6,0.6,0.8,1.0,0.4,Romania,Liga 1,Home Win,Home Win
0.6,1.8,0.4,0.8,0.8,0.4,0.0,0.4,Denmark,Superliga,Draw,Draw
1.0,0.8,0.8,0.6,1.4,2.6,0.2,0.2,Greece,Ethniki Katigoria,Home Win,Home Win
2.2,0.4,3.2,1.4,1.8,2.4,0.6,0.0,USA,MLS,Home Win,Home Win
0.2,2.6,0.4,2.4,1.2,1.2,0.0,0.8,Mexico,Liga MX,Draw,Away Win
0.8,0.6,0.8,0.6,1.2,1.6,0.2,0.2,Turkey,Ligi 1,Home Win,Home Win
0.6,1.8,0.8,1.6,1.8,1.2,0.2,0.4,Brazil,Serie A,Home Win,Away Win
2.2,0.8,2.2,1.4,0.4,2.2,0.6,0.2,Spain,La Liga Santandar ,Home Win,Home Win
2.4,0.6,2.2,0.6,1.0,1.2,0.8,0.0,Spain,La Liga Santandar ,Home Win,Home Win
1.2,2.2,1.0,3.0,1.4,0.4,0.4,0.6,Scotland,Scottish Championship,Away Win,Away Win
0.6,2.0,1.2,2.4,2.0,1.4,0.2,0.6,Portugal,Liga I,Home Win,Away Win
0.8,1.4,0.8,0.8,1.0,1.2,0.0,0.4,England,English Premier league,Draw,Home Win
1.2,2.2,0.4,1.8,1.0,0.4,0.4,0.6,Brazil,Serie A,Away Win,Away Win
2.0,0.4,0.8,1.2,0.6,2.2,0.6,0.0,England,English Football League Two,Draw,Home Win
2.0,1.4,2.0,0.6,1.2,0.6,0.6,0.4,France,Ligue 2,Draw,Home Win
1.6,2.2,1.2,1.0,0.6,0.4,0.4,0.6,Argentina,Copa De La Liga Profesional,Away Win,Draw
0.4,2.0,0.2,1.4,1.6,1.0,0.0,0.6,Spain,La Liga SmartBank,Draw,Away Win
2.0,1.4,1.2,1.2,0.8,1.0,0.6,0.4,France,Ligue 2,Away Win,Home Win
1.4,1.4,1.0,0.8,1.0,1.2,0.4,0.4,England,English Football League Two,Home Win,Home Win
1.0,2.6,1.4,2.0,0.8,0.4,0.2,0.8,France,Ligue 2,Home Win,Away Win
1.2,0.6,0.4,0.6,0.8,1.6,0.2,0.0,England,National league,Away Win,Draw
1.8,1.0,0.8,1.8,1.2,1.8,0.6,0.0,USA,MLS,Home Win,Home Win
1.4,1.8,0.6,1.8,0.6,1.0,0.4,0.4,Brazil,Serie A,Draw,Home Win
0.6,2.2,0.4,2.0,1.0,0.4,0.0,0.6,Italy,Serie B,Away Win,Draw
1.0,0.0,1.0,0.2,1.0,2.2,0.2,0.0,Romania,Liga 1,Home Win,Home Win
0.6,1.4,0.0,0.8,0.4,1.6,0.0,0.4,Brazil,Serie A,Draw,Home Win
1.0,1.0,1.4,2.2,1.6,2.8,0.2,0.2,England,National league,Home Win,Home Win
2.2,1.4,2.8,0.4,0.8,0.0,0.6,0.2,Norway,Eliteserien,Home Win,Home Win
1.2,3.0,1.2,2.6,1.4,1.6,0.4,1.0,Norway,Eliteserien,Away Win,Away Win
2.2,1.4,3.2,1.0,1.2,1.8,0.6,0.4,Germany,Bundesliga 1,Home Win,Home Win
2.0,1.8,1.4,1.6,0.8,1.2,0.6,0.6,England,English Football League Two,Home Win,Home Win
0.6,1.0,0.4,0.6,0.8,0.8,0.0,0.2,Romania,Liga 1,Home Win,Draw
0.4,3.0,0.8,3.4,3.4,0.8,0.0,1.0,Denmark,Superliga,Away Win,Away Win
2.4,2.2,1.2,1.4,0.2,0.8,0.8,0.6,Argentina,Liga Profesional,Away Win,Home Win
2.6,0.2,2.6,0.6,1.0,2.2,0.8,0.0,Austria,Bundesliga,Draw,Home Win
0.8,2.2,0.4,1.6,1.4,0.8,0.2,0.6,Turkey,Ligi 1,Away Win,Away Win
1.4,1.8,1.2,0.8,1.0,0.4,0.2,0.4,Mexico,Liga MX,Home Win,Draw
0.0,3.0,0.0,2.2,1.8,0.0,0.0,1.0,Ireland,Premier Division,Away Win,Away Win
0.0,1.8,0.0,1.2,1.6,0.8,0.0,0.6,Austria,Bundesliga,Away Win,Away Win
1.6,1.4,2.4,1.0,1.8,1.8,0.4,0.4,Netherlands,KPN Eredivisie,Home Win,Home Win
0.4,2.2,1.0,2.0,1.6,1.0,0.0,0.6,Romania,Liga 1,Away Win,Away Win
1.2,2.0,1.4,2.2,1.2,1.4,0.2,0.6,England,National league,Away Win,Away Win
2.0,0.8,2.0,0.8,1.0,0.8,0.6,0.2,England,National league,Draw,Home Win
1.4,1.4,2.4,1.8,1.8,1.8,0.4,0.4,Germany,Bundesliga 2,Away Win,Home Win
0.4,1.2,0.8,1.6,2.2,1.8,0.0,0.4,Finland,Veikkausliiga,Draw,Away Win
1.8,0.0,1.6,0.8,0.8,2.8,0.6,0.0,Denmark,Superliga,Home Win,Home Win
1.0,1.6,1.6,1.2,1.8,0.6,0.2,0.4,Mexico,Liga MX,Away Win,Home Win
1.0,1.2,0.8,0.4,1.4,0.6,0.2,0.2,England,English Championship,Home Win,Home Win
0.4,2.4,0.6,2.0,1.6,1.4,0.0,0.8,Greece,Ethniki Katigoria,Home Win,Away Win
0.0,1.0,0.4,0.2,1.8,0.8,0.0,0.2,USA,MLS,Away Win,Home Win
1.4,2.6,0.4,2.8,0.8,0.8,0.4,0.8,Brazil,Serie A,Home Win,Away Win
1.4,2.0,1.4,1.4,0.8,0.8,0.4,0.6,Spain,La Liga Santandar ,Draw,Home Win
0.4,1.8,1.0,1.6,2.8,1.4,0.0,0.6,Norway,Eliteserien,Away Win,Away Win
2.2,1.6,2.0,2.6,1.0,1.2,0.6,0.4,England,National league,Draw,Home Win
0.4,2.2,0.8,1.6,1.6,0.8,0.0,0.6,Japan,J1 League,Away Win,Away Win
1.4,1.8,1.2,1.2,1.4,1.2,0.4,0.6,Spain,La Liga Santandar ,Home Win,Home Win
1.2,2.2,1.0,1.4,1.0,0.4,0.4,0.6,Spain,La Liga SmartBank,Away Win,Away Win
0.4,3.0,1.2,1.4,1.8,0.2,0.0,1.0,Scotland,Scottish League one,Away Win,Away Win
1.4,0.8,1.4,1.6,1.4,1.8,0.4,0.2,Germany,Bundesliga 1,Home Win,Home Win
1.0,1.0,1.6,1.0,1.6,1.4,0.2,0.2,Spain,La Liga SmartBank,Draw,Home Win
1.0,0.4,1.2,1.0,1.4,2.0,0.2,0.0,Russia,Premier League,Home Win,Home Win
0.6,3.0,1.8,2.6,1.8,0.4,0.2,1.0,Brazil,Serie A,Home Win,Away Win
0.0,1.0,0.8,0.6,1.8,0.8,0.0,0.2,Poland,Ekstraklasa,Away Win,Away Win
0.6,1.2,0.4,1.4,1.6,1.2,0.0,0.4,Japan,J1 League,Home Win,Away Win
0.8,2.0,2.0,1.4,2.2,0.6,0.2,0.6,England,English Premier league,Home Win,Away Win
2.4,1.8,1.8,1.4,1.0,0.8,0.8,0.6,Italy,Serie B,Home Win,Home Win
1.0,1.2,0.8,1.0,1.0,1.2,0.2,0.4,Poland,Ekstraklasa,Home Win,Home Win
1.2,1.0,1.8,1.2,1.6,1.4,0.4,0.2,Mexico,Liga MX,Away Win,Home Win
1.6,0.6,1.8,1.0,1.2,2.0,0.4,0.0,England,English Championship,Home Win,Home Win
1.2,0.6,1.4,1.4,1.2,2.4,0.4,0.2,Argentina,Copa De La Liga Profesional,Home Win,Home Win
2.0,1.6,2.0,1.8,1.2,1.6,0.6,0.4,England,National league,Draw,Home Win
0.0,1.8,0.8,2.2,2.2,1.6,0.0,0.6,Japan,J1 League,Away Win,Away Win
0.6,0.0,1.0,1.0,2.2,3.4,0.2,0.0,Austria,Bundesliga,Home Win,Home Win
0.4,2.2,0.4,3.2,1.2,2.4,0.0,0.6,Argentina,Liga Profesional,Away Win,Away Win
1.4,1.0,1.6,1.0,1.4,1.0,0.2,0.2,Romania,Liga 1,Away Win,Home Win
2.2,1.2,2.0,1.4,1.4,1.6,0.6,0.4,Norway,Eliteserien,Home Win,Home Win
0.2,1.8,0.4,1.2,1.2,0.8,0.0,0.4,Japan,J1 League,Draw,Away Win
1.2,2.0,0.8,2.0,0.8,1.2,0.2,0.6,Scotland,Scottish League one,Away Win,Away Win
1.6,2.6,1.4,2.0,1.4,0.4,0.4,0.8,England,English Championship,Draw,Away Win
1.2,2.2,1.4,2.2,1.2,1.0,0.4,0.6,Mexico,Liga MX,Home Win,Away Win
1.4,0.8,2.2,1.4,2.4,2.0,0.4,0.2,England,English Football League Two,Home Win,Home Win
2.0,2.2,2.2,2.4,0.8,1.2,0.6,0.6,Netherlands,KPN Eredivisie,Away Win,Home Win
3.0,0.4,2.2,0.4,1.2,1.0,1.0,0.0,Brazil,Serie A,Home Win,Home Win
0.4,1.0,0.4,1.2,1.6,1.6,0.0,0.2,England,National league,Draw,Away Win
1.2,1.8,0.8,1.4,1.0,1.0,0.2,0.6,England,English Football League One,Away Win,Home Win
1.2,1.0,2.0,1.2,1.8,1.4,0.4,0.2,Portugal,Liga I,Draw,Home Win
1.2,2.6,0.8,2.4,0.8,1.4,0.2,0.8,Scotland,Scottish Premiership,Away Win,Away Win
1.0,0.8,1.0,0.4,1.6,0.6,0.2,0.0,Argentina,Copa De La Liga Profesional,Home Win,Draw
1.8,3.0,1.6,2.2,1.0,1.2,0.6,1.0,Sweden,Allsvenskan,Draw,Away Win
1.4,0.2,1.4,0.4,1.2,3.0,0.2,0.0,England,National league,Home Win,Home Win
2.2,1.6,2.0,1.0,0.6,1.4,0.6,0.4,Spain,La Liga Santandar ,Home Win,Home Win
0.6,1.2,0.6,0.8,1.6,1.0,0.2,0.4,Argentina,Liga Profesional,Home Win,Home Win
3.0,1.4,2.4,1.2,0.4,0.6,1.0,0.2,Brazil,Serie A,Draw,Home Win
0.2,0.6,1.4,0.6,2.6,1.0,0.0,0.0,USA,MLS,Draw,Home Win
2.2,0.0,2.2,0.4,0.8,2.6,0.6,0.0,Mexico,Liga MX,Home Win,Home Win
1.8,1.2,1.6,1.8,1.4,0.8,0.6,0.4,Brazil,Serie A,Home Win,Home Win
0.0,1.6,0.4,1.2,2.0,1.8,0.0,0.4,Austria,Bundesliga,Draw,Away Win
2.4,1.2,2.6,1.6,1.6,1.4,0.8,0.2,France,Ligue 1,Away Win,Home Win
1.0,0.6,1.6,1.2,1.6,1.6,0.0,0.0,England,English Football League Two,Home Win,Draw
2.0,0.6,2.6,0.8,1.0,1.2,0.6,0.0,Greece,Ethniki Katigoria,Home Win,Home Win
2.4,1.8,1.6,1.0,0.4,0.6,0.8,0.4,Spain,La Liga SmartBank,Home Win,Home Win
0.4,1.2,0.0,1.2,1.4,2.0,0.0,0.4,Finland,Veikkausliiga,Away Win,Away Win
1.0,1.8,0.6,1.4,0.8,2.0,0.2,0.6,Norway,Eliteserien,Home Win,Home Win
2.0,1.6,1.2,1.2,0.8,1.0,0.6,0.4,Italy,Serie B,Draw,Home Win
1.6,2.4,0.8,1.4,1.4,0.4,0.4,0.8,Brazil,Serie A,Home Win,Home Win
0.0,1.4,0.0,1.2,1.6,0.8,0.0,0.2,Romania,Liga 1,Away Win,Away Win
2.6,1.0,2.4,1.0,1.0,1.0,0.8,0.2,England,English Championship,Draw,Home Win
0.6,1.0,0.8,0.6,2.2,0.6,0.0,0.2,Turkey,Ligi 1,Draw,Draw
0.4,1.0,1.6,1.2,3.2,2.0,0.0,0.2,England,English Football League Two,Away Win,Home Win
1.2,1.4,1.8,1.2,1.6,1.0,0.4,0.4,England,English Championship,Home Win,Home Win
1.8,1.8,0.8,1.4,1.4,0.6,0.6,0.4,USA,MLS,Draw,Home Win
1.8,2.4,1.6,1.6,0.8,0.8,0.4,0.8,Italy,Serie A,Home Win,Home Win
0.8,1.8,1.6,1.8,1.6,1.0,0.2,0.4,England,English Premier league,Home Win,Away Win
2.2,1.8,1.8,2.0,0.8,1.2,0.6,0.4,Ireland,Premier Division,Home Win,Home Win
0.8,2.4,1.2,1.8,1.6,0.6,0.2,0.8,England,English Championship,Draw,Away Win
1.6,2.6,1.0,1.8,0.6,0.0,0.4,0.8,Italy,Serie B,Draw,Away Win
2.4,3.0,2.4,2.0,1.0,0.8,0.8,1.0,Russia,Premier League,Home Win,Home Win
0.6,1.2,0.8,1.0,1.8,2.0,0.2,0.4,Austria,Bundesliga,Home Win,Away Win
1.8,0.2,1.0,0.2,0.8,1.8,0.6,0.0,Japan,J1 League,Home Win,Home Win
1.4,1.6,0.6,1.2,0.4,0.6,0.2,0.4,Poland,Ekstraklasa,Home Win,Draw
1.4,1.6,1.2,2.0,1.0,2.0,0.2,0.4,Mexico,Liga MX,Away Win,Home Win
0.8,1.0,0.2,1.0,0.6,0.8,0.0,0.2,Spain,La Liga SmartBank,Draw,Draw
2.2,1.2,1.8,1.4,1.0,2.2,0.6,0.4,Belgium,Jupiler League,Home Win,Home Win
1.8,1.4,2.6,2.6,1.4,1.0,0.4,0.4,Japan,J1 League,Draw,Home Win
0.6,2.6,0.6,3.0,1.0,1.8,0.0,0.8,Ireland,Premier Division,Draw,Away Win
1.8,0.2,1.2,1.4,1.0,2.4,0.6,0.0,England,English Football League One,Draw,Home Win
1.0,0.2,1.0,0.6,0.6,3.0,0.2,0.0,England,National league,Home Win,Home Win
2.0,2.0,2.0,2.2,1.4,1.2,0.6,0.6,England,English Football League Two,Away Win,Home Win
1.6,1.2,2.4,1.4,1.0,1.2,0.4,0.2,Netherlands,KPN Eredivisie,Home Win,Home Win
1.2,2.4,2.0,2.4,2.0,1.4,0.4,0.8,Germany,Bundesliga 1,Away Win,Away Win
1.8,1.0,1.8,0.8,1.6,1.4,0.6,0.2,Greece,Ethniki Katigoria,Home Win,Home Win
0.6,1.8,0.4,1.8,2.6,1.4,0.2,0.6,Turkey,Ligi 1,Away Win,Away Win
1.0,0.2,1.4,0.4,1.4,2.0,0.2,0.0,Greece,Ethniki Katigoria,Home Win,Home Win
1.6,1.2,2.2,0.8,1.6,0.8,0.4,0.2,Italy,Serie B,Away Win,Home Win
2.2,0.6,1.6,0.8,0.4,1.6,0.6,0.0,Norway,Eliteserien,Away Win,Home Win
1.8,0.4,3.8,0.6,1.4,2.4,0.6,0.0,Russia,Premier League,Home Win,Home Win
2.6,0.6,1.8,0.6,0.6,1.0,0.8,0.0,Japan,J1 League,Draw,Home Win
2.2,0.8,2.0,1.0,0.4,2.2,0.6,0.2,Spain,La Liga Santandar ,Draw,Home Win
0.6,0.4,0.4,1.4,1.8,2.0,0.2,0.0,Japan,J1 League,Home Win,Home Win
1.8,1.4,1.4,0.6,0.8,0.6,0.4,0.4,Greece,Ethniki Katigoria,Home Win,Home Win
1.8,2.4,3.2,2.4,2.0,1.6,0.6,0.8,USA,MLS,Draw,Home Win
0.4,1.0,0.4,1.2,1.4,1.6,0.0,0.2,Poland,Ekstraklasa,Draw,Draw
1.4,1.8,0.8,1.2,1.6,0.8,0.4,0.4,Finland,Veikkausliiga,Draw,Away Win
0.8,2.4,0.8,2.8,1.6,1.8,0.2,0.8,France,Ligue 1,Away Win,Away Win
1.8,2.0,0.8,1.4,0.4,0.4,0.4,0.6,Italy,Serie B,Away Win,Draw
1.6,0.8,2.4,0.8,1.6,1.0,0.4,0.0,Turkey,Ligi 1,Home Win,Home Win
0.6,1.4,0.2,0.2,0.6,0.0,0.0,0.2,Poland,Ekstraklasa,Away Win,Draw
0.4,1.0,1.4,0.4,2.2,0.8,0.0,0.2,Scotland,Scottish Championship,Home Win,Away Win
1.6,2.2,0.8,1.6,0.6,1.0,0.4,0.6,Finland,Veikkausliiga,Draw,Away Win
1.4,1.6,1.0,1.6,0.4,0.8,0.2,0.4,USA,MLS,Away Win,Draw
2.4,1.8,1.6,3.2,0.8,1.6,0.8,0.6,Russia,Premier League,Away Win,Home Win
1.6,2.4,1.0,2.4,1.0,1.0,0.4,0.8,Greece,Ethniki Katigoria,Draw,Away Win
1.8,1.8,1.2,3.0,1.8,1.6,0.6,0.6,USA,MLS,Home Win,Home Win
1.4,1.6,1.0,1.2,1.2,0.6,0.4,0.4,Italy,Serie A,Away Win,Home Win
1.6,1.2,2.4,2.2,0.6,2.4,0.4,0.4,England,English Football League Two,Home Win,Home Win
0.2,0.6,1.6,1.2,2.8,1.8,0.0,0.2,England,English Premier league,Draw,Home Win
1.0,2.6,0.4,2.4,0.6,0.4,0.2,0.8,Japan,J1 League,Draw,Away Win
1.0,1.6,1.2,1.8,2.0,1.2,0.2,0.4,Germany,Bundesliga 2,Away Win,Home Win
1.8,2.4,1.8,2.2,1.8,1.4,0.6,0.8,Argentina,Liga Profesional,Home Win,Home Win
1.8,0.6,2.2,0.4,2.4,0.8,0.6,0.0,Mexico,Liga MX,Home Win,Home Win
0.2,0.2,0.8,0.0,2.4,2.0,0.0,0.0,USA,MLS,Draw,Home Win
2.2,1.2,1.4,2.0,0.4,1.0,0.6,0.4,Japan,J1 League,Home Win,Home Win
1.0,0.4,0.6,0.8,1.6,1.4,0.2,0.0,USA,MLS,Home Win,Home Win
2.0,0.8,1.4,0.6,1.0,1.2,0.6,0.2,England,English Premier league,Home Win,Home Win
1.8,2.4,1.6,2.2,0.4,1.8,0.6,0.8,Finland,Veikkausliiga,Home Win,Home Win
1.4,1.2,1.6,2.4,1.4,2.8,0.2,0.4,Austria,Bundesliga,Home Win,Home Win
1.8,1.8,2.6,2.0,1.4,1.6,0.4,0.4,Austria,Bundesliga,Draw,Draw
1.2,1.2,0.4,0.6,1.0,0.6,0.4,0.2,Spain,La Liga Santandar ,Draw,Home Win
2.4,1.2,2.4,0.8,0.4,3.0,0.8,0.4,Switzerland,Super League,Draw,Home Win
1.4,1.4,2.6,0.4,1.0,0.4,0.4,0.4,Ireland,Premier Division,Home Win,Home Win
0.0,1.4,0.4,1.2,3.2,0.8,0.0,0.2,Mexico,Liga MX,Away Win,Away Win
0.8,2.0,0.6,1.8,0.8,1.0,0.2,0.6,France,Ligue 2,Away Win,Away Win
1.0,1.4,1.2,2.0,1.2,1.2,0.0,0.4,Romania,Liga 1,Draw,Draw
0.6,1.2,1.2,1.4,2.0,1.6,0.0,0.4,China,Super League,Home Win,Home Win
1.6,0.4,1.8,0.8,1.6,2.6,0.4,0.0,Austria,Bundesliga,Draw,Home Win
1.6,0.2,0.8,0.8,1.0,2.4,0.4,0.0,England,English Football League Two,Draw,Home Win
1.0,1.0,1.6,1.4,1.6,1.6,0.2,0.2,Ireland,Premier Division,Home Win,Home Win
2.6,2.0,2.0,2.2,0.8,1.6,0.8,0.6,Turkey,Ligi 1,Home Win,Home Win
2.4,0.6,2.4,0.6,1.0,1.6,0.8,0.2,Portugal,Liga I,Home Win,Home Win
0.2,1.0,0.8,0.8,2.4,2.6,0.0,0.2,China,Super League,Home Win,Home Win
1.0,2.0,1.2,2.2,1.2,1.6,0.2,0.6,Turkey,Ligi 1,Home Win,Home Win
2.2,2.4,0.6,2.2,0.0,1.8,0.6,0.8,Brazil,Serie A,Draw,Home Win
1.8,0.4,2.2,1.0,1.2,1.6,0.4,0.0,Turkey,Ligi 1,Home Win,Home Win
0.2,0.6,0.6,1.4,1.8,1.8,0.0,0.0,USA,MLS,Draw,Home Win
0.0,0.6,0.8,0.6,3.4,1.6,0.0,0.2,Ireland,Premier Division,Away Win,Away Win
0.0,1.0,1.0,1.2,2.4,2.2,0.0,0.2,Romania,Liga 1,Away Win,Home Win
1.4,1.6,1.0,2.0,1.2,2.0,0.4,0.4,France,Ligue 2,Away Win,Home Win
1.2,1.2,1.0,1.0,1.8,1.0,0.4,0.4,Japan,J1 League,Draw,Home Win
0.6,1.8,0.6,2.6,1.0,1.0,0.0,0.4,Romania,Liga 1,Draw,Draw
0.0,0.6,0.4,0.2,3.0,2.8,0.0,0.2,Austria,Bundesliga,Away Win,Away Win
2.2,0.4,2.0,0.2,1.0,2.0,0.6,0.0,Argentina,Copa De La Liga Profesional,Home Win,Home Win
1.6,0.4,1.8,0.8,2.0,1.8,0.4,0.0,Denmark,Superliga,Draw,Home Win
1.8,0.0,3.6,0.4,1.2,3.2,0.6,0.0,USA,MLS,Home Win,Home Win
1.6,1.4,1.0,1.4,1.0,1.4,0.4,0.4,Scotland,Scottish Championship,Home Win,Home Win
0.6,2.0,1.4,2.6,2.8,1.0,0.2,0.6,Germany,Bundesliga 2,Home Win,Away Win
1.2,0.4,1.4,1.2,2.2,2.0,0.2,0.0,England,English Football League Two,Away Win,Home Win
1.0,1.8,2.0,0.8,2.0,0.4,0.0,0.4,Mexico,Liga MX,Draw,Draw
2.0,1.4,1.6,1.8,0.8,1.8,0.6,0.4,Italy,Serie A,Home Win,Home Win
1.6,1.8,2.6,2.4,1.2,1.4,0.4,0.6,USA,MLS,Away Win,Home Win
1.8,2.0,1.6,2.0,1.4,1.0,0.6,0.6,Germany,Bundesliga 2,Draw,Home Win
0.4,1.4,0.8,0.8,2.0,1.0,0.0,0.4,France,Ligue 2,Home Win,Away Win
2.6,0.2,1.4,1.0,0.2,3.0,0.8,0.0,Mexico,Liga MX,Draw,Home Win
1.0,0.0,1.4,0.8,2.0,2.2,0.2,0.0,Austria,Bundesliga,Home Win,Home Win
1.0,1.6,0.8,1.8,1.2,1.4,0.2,0.4,England,English Championship,Draw,Away Win
1.0,1.2,1.6,1.4,2.6,2.2,0.2,0.4,Turkey,Ligi 1,Away Win,Home Win
3.0,2.4,2.2,1.2,0.8,0.2,1.0,0.8,Russia,Premier League,Home Win,Home Win
2.0,2.4,2.0,2.0,1.4,0.6,0.6,0.8,France,Ligue 2,Draw,Home Win
1.4,3.0,1.2,3.0,1.2,1.0,0.4,1.0,USA,MLS,Draw,Away Win
0.2,1.4,0.6,1.0,2.0,1.2,0.0,0.4,England,English Football League One,Home Win,Away Win
2.4,1.4,1.8,1.4,1.4,2.0,0.8,0.4,Italy,Serie A,Draw,Home Win
1.8,0.0,1.2,0.4,1.0,1.4,0.6,0.0,Sweden,Allsvenskan,Home Win,Home Win
2.6,1.2,2.4,1.6,0.6,1.4,0.8,0.2,England,English Championship,Home Win,Home Win
2.4,0.6,1.6,1.0,0.2,2.0,0.8,0.2,Japan,J1 League,Draw,Home Win
1.0,0.0,2.0,1.0,2.2,3.2,0.2,0.0,Russia,Premier League,Home Win,Home Win
1.8,1.2,1.6,1.8,2.0,1.6,0.6,0.4,Denmark,Superliga,Away Win,Home Win
1.0,2.6,0.2,2.6,0.2,1.4,0.0,0.8,USA,MLS,Draw,Draw
1.2,0.8,1.0,0.8,2.0,1.0,0.4,0.0,USA,MLS,Draw,Home Win
1.2,1.8,2.0,1.6,2.0,0.8,0.2,0.6,Scotland,Scottish League two,Home Win,Home Win
3.0,2.6,3.4,1.2,0.2,0.4,1.0,0.8,Romania,Liga 1,Draw,Home Win
1.2,0.6,1.2,0.8,1.8,2.2,0.4,0.2,Argentina,Copa De La Liga Profesional,Draw,Home Win
0.6,1.2,1.0,1.2,3.0,2.0,0.2,0.4,Scotland,Scottish League one,Away Win,Away Win
2.6,2.6,2.6,1.8,0.4,0.2,0.8,0.8,England,English Football League One,Home Win,Home Win
0.0,0.0,1.2,0.0,3.0,2.8,0.0,0.0,USA,MLS,Home Win,Home Win
0.6,1.8,1.0,1.0,1.4,0.6,0.0,0.4,USA,MLS,Draw,Draw
1.4,1.2,1.6,1.0,1.8,1.2,0.4,0.4,Portugal,Liga I,Home Win,Home Win
1.0,1.6,1.0,1.6,1.2,1.4,0.2,0.4,Belgium,Jupiler League,Draw,Home Win
1.4,1.4,1.6,1.2,1.6,1.6,0.4,0.4,Denmark,Superliga,Draw,Home Win
3.0,1.2,2.4,0.8,0.8,1.2,1.0,0.4,Norway,Eliteserien,Home Win,Home Win
1.2,1.4,0.8,2.4,1.0,1.6,0.4,0.4,Sweden,Allsvenskan,Away Win,Home Win
1.8,0.2,2.0,1.0,1.4,3.6,0.6,0.0,Netherlands,KPN Eredivisie,Away Win,Home Win
1.8,0.0,1.0,0.4,2.0,1.4,0.6,0.0,Poland,Ekstraklasa,Home Win,Home Win
0.4,2.4,1.2,1.6,1.8,1.2,0.0,0.8,Romania,Liga 1,Draw,Away Win
0.4,0.0,0.2,0.4,1.2,1.4,0.0,0.0,Romania,Liga 1,Away Win,Home Win
0.6,0.4,0.8,1.4,2.4,2.2,0.2,0.0,Scotland,Scottish League one,Draw,Home Win
0.8,1.8,0.8,2.2,1.0,1.2,0.0,0.6,Brazil,Serie A,Away Win,Draw
1.8,0.8,1.2,0.8,1.0,1.8,0.6,0.2,England,English Football League Two,Home Win,Home Win
0.6,1.4,1.2,1.8,1.6,1.4,0.2,0.4,France,Ligue 2,Away Win,Away Win
1.4,1.0,1.4,0.8,1.0,2.0,0.4,0.2,Germany,Bundesliga 1,Home Win,Home Win
3.0,1.6,2.0,1.8,0.2,0.8,1.0,0.4,Russia,Premier League,Home Win,Home Win
1.8,1.8,1.0,1.0,0.6,0.6,0.4,0.4,Finland,Veikkausliiga,Draw,Draw
1.6,1.4,2.0,1.0,1.4,1.8,0.4,0.4,Japan,J1 League,Home Win,Home Win
3.0,1.6,2.2,1.2,0.4,1.4,1.0,0.4,Sweden,Allsvenskan,Home Win,Home Win
1.6,1.4,1.6,1.6,1.4,0.4,0.4,0.4,Russia,Premier League,Draw,Home Win
1.0,1.2,1.0,1.2,1.2,1.2,0.2,0.2,Italy,Serie B,Away Win,Draw
1.4,2.2,2.0,1.6,1.0,0.4,0.4,0.6,Scotland,Scottish League two,Away Win,Away Win
3.0,1.2,1.4,1.2,0.2,1.4,1.0,0.4,Norway,Eliteserien,Away Win,Home Win
2.2,1.6,1.6,1.0,1.0,0.8,0.6,0.4,USA,MLS,Home Win,Home Win
0.0,2.0,0.8,1.4,2.0,1.2,0.0,0.6,England,English Championship,Draw,Away Win
2.4,1.8,2.0,1.0,1.6,1.2,0.8,0.6,Romania,Liga 1,Draw,Home Win
1.8,3.0,1.0,2.4,0.8,0.0,0.6,1.0,Japan,J1 League,Away Win,Away Win
1.6,3.0,1.2,2.6,1.4,0.0,0.4,1.0,Denmark,Superliga,Away Win,Away Win
2.0,0.4,0.8,0.6,0.6,1.2,0.6,0.0,Spain,La Liga SmartBank,Away Win,Home Win
2.2,3.0,2.0,2.2,1.0,0.4,0.6,1.0,Germany,Bundesliga 2,Away Win,Home Win
1.4,1.0,1.2,1.0,1.4,1.8,0.4,0.2,Italy,Serie A,Home Win,Home Win
1.2,0.2,0.4,1.0,1.2,2.2,0.4,0.0,England,English Football League Two,Home Win,Home Win
1.2,0.6,0.6,0.8,1.2,2.6,0.4,0.2,Brazil,Serie A,Away Win,Home Win
2.2,2.0,1.2,1.6,0.4,1.4,0.6,0.6,Italy,Serie B,Home Win,Home Win
2.6,0.2,1.2,0.0,0.4,1.6,0.8,0.0,Russia,Premier League,Draw,Home Win
1.6,1.2,1.4,0.6,1.4,0.6,0.4,0.2,Germany,Bundesliga 1,Home Win,Home Win
0.6,0.2,0.4,2.2,1.2,3.4,0.0,0.0,China,Super League,Away Win,Home Win
0.2,1.8,0.6,1.8,1.4,1.4,0.0,0.6,USA,MLS,Home Win,Away Win
0.6,1.2,0.8,1.8,2.6,2.4,0.2,0.4,Sweden,Allsvenskan,Home Win,Away Win
0.4,1.4,0.8,1.0,1.4,1.4,0.0,0.4,Spain,La Liga SmartBank,Home Win,Home Win
0.6,1.8,0.6,1.0,1.0,0.6,0.0,0.4,USA,MLS,Draw,Draw
1.6,1.6,1.8,2.8,1.8,2.2,0.4,0.4,Germany,Bundesliga 2,Home Win,Home Win
0.8,2.2,1.8,2.0,2.2,0.2,0.0,0.6,Netherlands,KPN Eredivisie,Draw,Away Win
0.4,1.0,0.6,0.4,1.4,1.0,0.0,0.2,Italy,Serie A,Home Win,Home Win
0.8,2.2,1.2,2.2,1.8,1.0,0.2,0.6,Turkey,Ligi 1,Home Win,Away Win
1.4,0.8,0.6,1.6,1.0,1.8,0.4,0.0,England,National league,Away Win,Draw
1.6,2.2,1.2,1.2,0.8,0.4,0.4,0.6,Romania,Liga 1,Away Win,Home Win
1.4,1.0,1.6,1.2,1.4,1.4,0.4,0.2,England,English Football League Two,Home Win,Home Win
2.2,2.6,2.6,2.2,0.0,1.0,0.6,0.8,Finland,Veikkausliiga,Away Win,Home Win
2.6,0.0,1.4,1.2,0.2,3.4,0.8,0.0,Mexico,Liga MX,Draw,Home Win
2.2,3.0,2.0,2.8,0.4,0.8,0.6,1.0,Finland,Veikkausliiga,Home Win,Away Win
1.8,1.6,2.0,1.2,1.6,1.0,0.6,0.4,England,National league,Home Win,Home Win
0.8,2.0,1.2,2.0,1.4,1.6,0.2,0.6,England,English Championship,Home Win,Away Win
0.8,1.8,2.2,1.6,1.8,1.0,0.2,0.4,Italy,Serie A,Home Win,Away Win
1.6,1.6,1.2,1.2,0.8,1.0,0.4,0.4,Italy,Serie B,Home Win,Draw
2.6,1.4,1.8,1.0,0.2,1.4,0.8,0.4,Brazil,Serie A,Draw,Home Win
1.8,1.4,1.2,2.4,0.8,2.2,0.6,0.4,England,National league,Home Win,Home Win
0.4,2.4,0.4,1.2,2.0,0.6,0.0,0.8,Sweden,Allsvenskan,Draw,Away Win
2.0,1.2,2.0,1.8,1.4,1.8,0.6,0.4,Germany,Bundesliga 1,Away Win,Home Win
1.0,1.2,1.2,1.6,1.6,2.2,0.2,0.4,England,English Premier league,Draw,Home Win
1.4,0.4,1.2,0.8,0.8,1.4,0.4,0.0,England,National league,Away Win,Home Win
1.0,0.8,1.0,1.6,1.0,1.8,0.2,0.2,Spain,La Liga SmartBank,Home Win,Home Win
0.2,1.8,0.2,1.2,2.0,1.4,0.0,0.6,England,English Football League One,Away Win,Away Win
1.4,1.0,1.4,1.4,1.0,2.0,0.4,0.2,England,English Championship,Home Win,Home Win
2.6,1.6,1.2,1.2,0.2,1.2,0.8,0.4,France,Ligue 2,Draw,Home Win
1.0,2.6,1.8,3.4,1.8,1.0,0.0,0.8,Poland,Ekstraklasa,Draw,Draw
0.6,2.6,0.6,3.2,2.8,0.6,0.2,0.8,Belgium,Jupiler League,Draw,Away Win
1.8,0.2,2.0,1.2,1.6,2.8,0.6,0.0,Scotland,Scottish League one,Draw,Home Win
1.8,0.8,1.2,0.4,1.2,0.8,0.6,0.0,Argentina,Liga Profesional,Home Win,Home Win
0.6,0.8,1.0,0.8,2.4,1.2,0.2,0.0,Mexico,Liga MX,Draw,Home Win
1.2,1.2,1.0,0.6,1.4,1.4,0.4,0.4,Norway,Eliteserien,Home Win,Home Win
3.0,2.6,2.4,2.6,0.6,1.4,1.0,0.8,China,Super League,Draw,Home Win
2.4,2.2,1.0,2.0,0.2,0.4,0.8,0.6,Spain,La Liga Santandar ,Home Win,Home Win
1.6,1.0,1.6,0.6,1.4,0.8,0.4,0.2,Romania,Liga 1,Away Win,Home Win
3.0,1.2,1.4,1.2,0.0,2.6,1.0,0.4,Japan,J1 League,Draw,Home Win
3.0,1.2,1.4,0.4,0.4,0.6,1.0,0.4,Japan,J1 League,Home Win,Home Win
1.0,1.0,1.4,2.2,1.4,2.2,0.0,0.0,China,Super League,Draw,Draw
1.8,1.2,1.4,0.8,1.2,1.8,0.6,0.4,Sweden,Allsvenskan,Home Win,Home Win
2.4,2.0,1.6,1.6,1.2,1.0,0.8,0.6,Italy,Serie A,Away Win,Home Win
1.8,0.0,2.6,0.4,2.0,2.2,0.6,0.0,Norway,Eliteserien,Home Win,Home Win
0.6,1.0,1.6,0.8,2.8,2.0,0.2,0.2,Spain,La Liga Santandar ,Draw,Home Win
2.2,1.6,2.4,1.0,1.0,0.8,0.6,0.4,Brazil,Serie A,Home Win,Home Win
1.8,1.8,1.4,1.8,1.4,1.6,0.6,0.6,Denmark,Superliga,Draw,Home Win
0.0,1.0,0.8,1.2,2.8,2.0,0.0,0.2,Mexico,Liga MX,Away Win,Away Win
2.6,1.8,2.4,0.4,0.0,0.0,0.8,0.4,Japan,J1 League,Draw,Home Win
1.0,1.2,0.2,1.6,0.4,1.8,0.2,0.4,Russia,Premier League,Home Win,Home Win
1.8,0.0,1.8,0.0,1.6,3.8,0.6,0.0,Denmark,Superliga,Home Win,Home Win
1.4,1.0,1.4,1.0,1.2,1.4,0.4,0.2,Spain,La Liga Santandar ,Draw,Home Win
1.8,0.8,1.6,1.0,1.6,2.2,0.6,0.2,Greece,Ethniki Katigoria,Home Win,Home Win
0.6,0.6,1.6,2.0,2.0,2.8,0.0,0.0,USA,MLS,Draw,Home Win
1.2,1.0,0.6,0.4,0.8,1.4,0.4,0.2,Argentina,Copa De La Liga Profesional,Away Win,Home Win
1.2,0.6,1.4,0.0,2.2,0.8,0.4,0.0,USA,MLS,Home Win,Home Win
1.4,1.2,1.8,1.4,1.4,1.8,0.4,0.2,Belgium,Jupiler League,Home Win,Home Win
1.8,1.8,1.2,2.0,0.8,0.8,0.4,0.4,Finland,Veikkausliiga,Draw,Draw
0.6,0.2,1.0,1.0,1.4,2.2,0.0,0.0,Turkey,Ligi 1,Home Win,Home Win
0.2,2.0,0.6,1.2,2.4,1.0,0.0,0.6,England,English Football League One,Home Win,Away Win
2.6,0.8,2.0,0.6,1.2,1.0,0.8,0.2,Spain,La Liga SmartBank,Draw,Home Win
0.0,1.6,0.4,1.2,1.6,1.0,0.0,0.4,Japan,J1 League,Draw,Away Win
1.2,1.4,1.4,1.8,1.4,1.4,0.4,0.2,USA,MLS,Away Win,Home Win
0.2,0.8,0.0,0.8,1.4,1.6,0.0,0.2,England,English Football League One,Away Win,Away Win
2.2,1.8,2.0,1.4,0.8,2.4,0.6,0.6,USA,MLS,Draw,Home Win
0.2,1.8,0.6,1.6,1.6,1.2,0.0,0.6,England,English Football League One,Away Win,Away Win
0.6,0.0,0.6,0.8,0.8,2.6,0.2,0.0,Brazil,Serie A,Home Win,Home Win
2.4,1.4,2.4,1.4,1.0,1.2,0.8,0.4,England,English Championship,Home Win,Home Win
2.6,1.2,1.8,1.0,0.6,0.8,0.8,0.4,Brazil,Serie A,Away Win,Home Win
0.4,0.0,0.4,0.4,1.0,2.2,0.0,0.0,Argentina,Copa De La Liga Profesional,Home Win,Home Win
0.4,1.4,0.8,2.8,1.6,2.2,0.0,0.4,Germany,Bundesliga 2,Away Win,Away Win
0.2,1.8,1.2,1.2,2.0,0.4,0.0,0.4,Finland,Veikkausliiga,Draw,Away Win
0.2,1.0,0.8,1.0,1.6,1.2,0.0,0.2,Italy,Serie A,Away Win,Away Win
1.8,1.4,1.6,1.0,1.2,0.8,0.6,0.4,England,National league,Away Win,Home Win
1.2,0.8,0.8,1.0,1.0,1.2,0.2,0.0,Spain,La Liga SmartBank,Away Win,Draw
1.6,1.2,1.0,0.8,0.8,1.6,0.4,0.4,Spain,La Liga Santandar ,Draw,Home Win
3.0,2.0,3.4,2.4,0.2,1.8,1.0,0.6,Netherlands,KPN Eredivisie,Home Win,Home Win
1.8,0.6,2.4,0.8,1.4,2.8,0.6,0.2,England,English Football League One,Home Win,Home Win
0.6,0.4,1.0,0.8,2.0,2.6,0.2,0.0,USA,MLS,Home Win,Home Win
1.6,1.6,1.8,1.6,1.2,1.2,0.4,0.4,Germany,Bundesliga 1,Home Win,Home Win
1.8,1.0,1.2,0.8,1.4,2.2,0.6,0.2,Sweden,Allsvenskan,Home Win,Home Win
1.0,2.4,0.2,2.0,0.8,0.2,0.2,0.8,China,Super League,Home Win,Away Win
1.0,0.2,1.0,0.4,1.4,2.2,0.2,0.0,Italy,Serie A,Draw,Home Win
1.2,0.4,1.0,0.8,1.8,1.8,0.4,0.0,England,English Football League One,Away Win,Home Win
3.0,0.4,2.6,0.8,0.8,1.8,1.0,0.0,Brazil,Serie A,Home Win,Home Win
1.2,0.2,0.6,1.0,1.6,2.8,0.4,0.0,Scotland,Scottish Championship,Draw,Home Win
1.2,1.8,1.8,2.4,1.6,1.2,0.4,0.4,Mexico,Liga MX,Draw,Away Win
1.0,2.0,1.0,1.4,1.4,0.8,0.2,0.6,France,Ligue 2,Home Win,Away Win
1.8,1.0,2.2,1.4,1.8,1.4,0.4,0.2,Romania,Liga 1,Home Win,Home Win
1.0,0.0,0.6,1.2,0.8,2.6,0.2,0.0,Brazil,Serie A,Home Win,Home Win
2.0,2.2,2.0,1.2,1.0,0.2,0.6,0.6,France,Ligue 1,Home Win,Home Win
0.0,1.0,0.6,0.6,2.0,1.2,0.0,0.2,Romania,Liga 1,Away Win,Away Win
2.4,1.8,3.6,2.4,2.2,3.0,0.8,0.6,Switzerland,Super League,Draw,Home Win
0.6,2.6,0.8,1.8,1.6,0.8,0.2,0.8,England,English Premier league,Away Win,Away Win
2.0,1.8,1.6,2.0,1.0,1.4,0.6,0.4,Italy,Serie A,Away Win,Home Win
1.2,2.0,1.4,1.2,1.4,1.0,0.2,0.6,England,English Football League Two,Home Win,Home Win
1.0,2.0,1.0,2.667,1.333,2.333,0.333,0.667,Argentina,Copa De La Liga Profesional,Home Win,Home Win
1.8,0.8,1.2,1.8,0.6,2.0,0.6,0.0,Argentina,Liga Profesional,Home Win,Home Win
1.0,1.2,1.4,0.4,1.6,1.6,0.2,0.4,Portugal,Liga I,Away Win,Home Win
1.2,0.6,1.2,1.2,1.4,1.6,0.4,0.0,Denmark,Superliga,Away Win,Home Win
1.6,2.4,1.2,2.6,0.8,1.4,0.4,0.8,England,English Premier league,Away Win,Home Win
1.0,1.4,1.4,1.6,1.4,1.4,0.0,0.2,Switzerland,Super League,Home Win,Draw
1.8,1.0,1.0,0.8,1.4,1.0,0.6,0.2,England,National league,Away Win,Home Win
1.8,1.2,1.6,2.0,0.8,1.6,0.6,0.4,Sweden,Allsvenskan,Home Win,Home Win
1.8,0.6,0.8,1.4,1.4,2.6,0.6,0.2,Scotland,Scottish Championship,Away Win,Home Win
1.2,2.4,1.8,3.2,2.4,1.0,0.4,0.8,Spain,La Liga Santandar ,Draw,Away Win
1.8,0.2,2.2,0.4,1.6,2.0,0.6,0.0,England,English Championship,Away Win,Home Win
2.0,1.2,1.8,0.6,2.0,1.2,0.6,0.4,England,English Premier league,Draw,Home Win
0.8,2.4,1.0,1.0,2.4,0.4,0.2,0.8,Scotland,Scottish Premiership,Home Win,Away Win
2.0,2.0,1.6,2.0,1.0,1.0,0.6,0.6,Spain,La Liga Santandar ,Home Win,Home Win
2.4,2.2,1.8,2.2,1.0,1.0,0.8,0.6,Denmark,Superliga,Away Win,Home Win
1.2,1.6,1.6,1.0,1.4,0.4,0.4,0.4,England,English Championship,Home Win,Away Win
0.2,0.2,0.2,0.4,1.4,1.8,0.0,0.0,England,English Premier league,Home Win,Home Win
1.0,1.0,0.6,0.6,0.6,0.6,0.0,0.0,Romania,Liga 1,Draw,Draw
1.2,1.8,1.6,1.6,1.6,1.2,0.4,0.4,Belgium,Jupiler League,Away Win,Home Win
2.2,1.6,1.2,1.8,0.6,0.8,0.6,0.4,Brazil,Serie A,Home Win,Home Win
1.8,1.2,2.2,1.6,0.8,2.2,0.6,0.4,China,Super League,Away Win,Home Win
1.6,1.6,1.2,0.8,1.2,0.4,0.4,0.4,Argentina,Liga Profesional,Home Win,Home Win
1.0,2.6,0.8,2.2,1.2,0.8,0.2,0.8,England,English Football League One,Away Win,Away Win
2.6,3.0,1.8,2.6,0.6,0.2,0.8,1.0,Norway,Eliteserien,Home Win,Home Win
2.2,1.8,1.2,2.2,0.2,1.0,0.6,0.4,USA,MLS,Home Win,Home Win
1.6,2.6,2.2,2.6,2.0,1.8,0.4,0.8,Poland,Ekstraklasa,Home Win,Home Win
1.8,1.8,1.0,1.4,1.6,1.2,0.6,0.6,England,English Championship,Away Win,Home Win
2.2,2.6,1.8,1.8,1.2,0.6,0.6,0.8,Denmark,Superliga,Draw,Home Win
0.4,2.6,1.0,2.0,2.8,0.8,0.0,0.8,Norway,Eliteserien,Away Win,Away Win
0.8,0.8,0.6,1.0,1.2,1.6,0.2,0.2,Spain,La Liga SmartBank,Home Win,Home Win
0.2,1.0,0.6,1.6,2.0,2.0,0.0,0.2,England,English Championship,Draw,Away Win
1.4,1.2,1.6,1.4,1.4,1.2,0.4,0.2,England,National league,Home Win,Home Win
0.2,2.2,1.2,1.0,2.0,0.4,0.0,0.6,Finland,Veikkausliiga,Away Win,Away Win
1.6,1.0,2.4,1.0,1.8,2.0,0.4,0.2,USA,MLS,Away Win,Home Win
1.4,1.0,1.4,0.8,2.6,0.8,0.4,0.0,Austria,Bundesliga,Away Win,Draw
1.4,0.4,1.2,0.6,0.8,1.6,0.4,0.0,England,English Championship,Draw,Home Win
1.0,2.0,1.4,1.0,2.2,0.6,0.2,0.6,Spain,La Liga SmartBank,Away Win,Home Win
3.0,1.2,3.0,1.2,0.4,1.4,1.0,0.4,Poland,Ekstraklasa,Home Win,Home Win
0.4,0.4,0.6,0.6,2.0,2.2,0.0,0.0,Scotland,Scottish League one,Draw,Home Win
1.0,1.8,0.6,1.6,0.6,2.2,0.0,0.6,Japan,J1 League,Home Win,Home Win
2.0,1.4,1.6,1.8,1.2,1.2,0.6,0.4,Scotland,Scottish League two,Away Win,Home Win
0.8,1.6,1.0,1.6,2.0,1.2,0.2,0.4,Scotland,Scottish Premiership,Draw,Away Win
1.8,1.6,2.8,1.2,2.0,0.4,0.6,0.4,Sweden,Allsvenskan,Home Win,Home Win
0.6,1.8,0.6,1.4,1.4,1.8,0.0,0.6,Austria,Bundesliga,Away Win,Away Win
1.2,1.0,1.2,0.6,1.8,0.8,0.4,0.2,Japan,J1 League,Away Win,Home Win
1.0,2.2,1.2,1.6,0.8,0.8,0.2,0.6,Brazil,Serie A,Away Win,Away Win
0.6,1.6,1.6,0.8,3.6,1.2,0.2,0.4,USA,MLS,Home Win,Home Win
2.0,0.8,1.8,1.0,1.4,2.4,0.6,0.2,England,English Football League Two,Home Win,Home Win
1.8,1.4,1.2,0.8,0.6,0.6,0.6,0.4,Scotland,Scottish Premiership,Draw,Home Win
2.4,1.0,1.8,0.4,0.6,0.6,0.8,0.2,Russia,Premier League,Home Win,Home Win
0.6,1.4,0.0,2.0,0.8,1.2,0.0,0.4,Argentina,Liga Profesional,Draw,Draw
3.0,1.6,1.6,1.6,0.6,1.2,1.0,0.4,England,English Championship,Away Win,Home Win
0.0,3.0,0.0,3.0,1.4,0.0,0.0,1.0,Norway,Eliteserien,Away Win,Away Win
0.2,1.8,1.2,1.4,2.2,0.6,0.0,0.6,England,English Championship,Away Win,Away Win
0.2,3.0,0.6,2.8,1.8,0.2,0.0,1.0,Sweden,Allsvenskan,Away Win,Away Win
2.6,1.4,2.6,2.2,1.0,1.8,0.8,0.4,USA,MLS,Away Win,Home Win
1.0,1.4,1.2,1.0,1.2,0.8,0.0,0.2,Argentina,Liga Profesional,Draw,Draw
1.8,1.6,2.4,2.0,1.2,2.0,0.6,0.4,Russia,Premier League,Home Win,Home Win
2.2,0.8,2.2,1.2,0.0,2.2,0.6,0.0,Finland,Veikkausliiga,Home Win,Home Win
0.4,0.4,0.4,0.2,1.4,1.6,0.0,0.0,Japan,J1 League,Draw,Home Win
0.6,1.6,0.8,2.6,1.6,0.8,0.0,0.4,Poland,Ekstraklasa,Away Win,Draw
2.2,1.6,2.6,1.0,1.2,1.0,0.6,0.4,Spain,La Liga Santandar ,Home Win,Home Win
1.8,1.2,2.4,1.6,1.6,2.0,0.6,0.4,Turkey,Ligi 1,Home Win,Home Win
0.6,1.8,0.6,1.0,1.4,0.2,0.0,0.4,Argentina,Liga Profesional,Draw,Draw
0.0,1.8,0.8,1.0,3.2,0.6,0.0,0.4,Russia,Premier League,Home Win,Away Win
0.8,2.6,0.8,2.0,1.4,0.6,0.2,0.8,Italy,Serie B,Draw,Away Win
0.8,1.2,0.0,2.6,0.6,2.6,0.0,0.4,Norway,Eliteserien,Draw,Home Win
0.4,1.6,0.2,1.8,0.8,2.0,0.0,0.4,Argentina,Liga Profesional,Draw,Draw
1.8,1.8,0.6,2.0,1.6,1.6,0.6,0.4,Russia,Premier League,Draw,Home Win
0.6,1.6,1.0,1.2,1.8,1.0,0.0,0.4,England,English Championship,Away Win,Away Win
1.4,0.0,1.4,0.0,1.2,3.0,0.4,0.0,Turkey,Ligi 1,Home Win,Home Win
1.2,1.6,1.6,1.2,1.2,1.0,0.2,0.4,Italy,Serie A,Draw,Home Win
1.0,2.2,1.8,2.2,2.2,0.8,0.2,0.6,Netherlands,KPN Eredivisie,Away Win,Away Win
1.2,2.2,0.6,2.0,0.8,1.4,0.4,0.6,Romania,Liga 1,Away Win,Away Win
1.8,3.0,1.8,3.2,1.0,2.2,0.4,1.0,Mexico,Liga MX,Home Win,Home Win
0.2,2.4,0.6,2.4,1.8,1.0,0.0,0.8,France,Ligue 2,Draw,Away Win
0.4,0.4,0.4,0.6,1.6,1.8,0.0,0.0,Spain,La Liga Santandar ,Away Win,Home Win
1.0,0.2,0.8,1.0,1.8,2.6,0.2,0.0,USA,MLS,Away Win,Home Win
2.6,2.0,1.8,1.0,0.4,0.8,0.8,0.6,England,English Championship,Home Win,Home Win
1.6,0.8,1.4,0.6,1.6,1.0,0.4,0.2,England,English Championship,Draw,Home Win
2.4,3.0,3.6,3.2,2.2,0.4,0.8,1.0,Norway,Eliteserien,Draw,Away Win
2.2,0.8,2.6,1.4,2.0,1.8,0.6,0.2,Germany,Bundesliga 2,Draw,Home Win
1.8,0.4,1.4,1.2,1.2,2.6,0.6,0.0,Mexico,Liga MX,Home Win,Home Win
0.2,2.6,0.2,1.8,1.8,0.6,0.0,0.8,Romania,Liga 1,Draw,Away Win
1.4,2.0,1.0,1.0,1.0,0.4,0.4,0.6,England,National league,Away Win,Away Win
1.2,1.6,1.2,1.8,1.4,1.4,0.4,0.4,Scotland,Scottish Championship,Draw,Away Win
1.8,0.6,1.6,0.8,1.0,2.4,0.6,0.2,Portugal,Liga I,Home Win,Home Win
2.2,1.2,2.0,0.8,0.8,1.6,0.6,0.4,Poland,Ekstraklasa,Home Win,Home Win
1.4,1.2,1.2,1.6,1.8,1.4,0.4,0.4,Italy,Serie A,Away Win,Home Win
1.0,1.0,1.2,0.8,1.2,0.8,0.0,0.0,Argentina,Liga Profesional,Draw,Draw
1.4,1.0,0.8,0.8,0.4,0.8,0.4,0.0,USA,MLS,Draw,Draw
1.8,0.4,1.2,0.8,0.8,1.8,0.4,0.0,Poland,Ekstraklasa,Draw,Home Win
0.333,2.6,0.667,2.0,2.0,1.2,0.0,0.8,Switzerland,Super League,Draw,Away Win
1.4,1.8,1.8,1.6,1.8,0.8,0.4,0.4,France,Ligue 1,Away Win,Away Win
1.6,1.4,1.2,1.6,1.0,1.8,0.4,0.4,England,English Championship,Home Win,Home Win
2.6,3.0,2.0,2.6,0.4,0.8,0.8,1.0,England,English Premier league,Home Win,Home Win
0.0,3.0,1.0,2.4,3.2,0.2,0.0,1.0,Japan,J1 League,Away Win,Away Win
1.6,1.8,1.6,1.8,1.4,1.0,0.4,0.4,Argentina,Copa De La Liga Profesional,Draw,Draw
1.6,1.8,0.8,1.0,0.6,0.4,0.4,0.6,Brazil,Serie A,Away Win,Home Win
1.8,1.8,0.4,1.4,0.0,0.6,0.4,0.4,Poland,Ekstraklasa,Draw,Draw
1.8,1.4,1.0,1.0,0.6,1.4,0.4,0.4,Mexico,Liga MX,Draw,Home Win
1.8,1.2,1.8,1.2,1.2,1.4,0.6,0.4,Romania,Liga 1,Home Win,Home Win
1.4,0.2,1.8,0.6,1.2,1.8,0.4,0.0,Turkey,Ligi 1,Home Win,Home Win
2.6,1.8,2.2,1.8,0.2,1.2,0.8,0.6,Austria,Bundesliga,Home Win,Home Win
0.6,1.2,0.8,0.8,1.6,0.8,0.2,0.2,Scotland,Scottish League two,Home Win,Away Win
1.8,2.6,1.0,2.6,0.4,1.8,0.6,0.8,Mexico,Liga MX,Away Win,Home Win
1.4,0.4,0.8,0.6,1.2,1.8,0.4,0.0,England,English Championship,Home Win,Home Win
0.8,2.6,1.4,2.2,2.2,1.2,0.2,0.8,Belgium,Jupiler League,Draw,Away Win
2.2,2.4,2.4,2.2,1.0,0.4,0.6,0.8,Argentina,Liga Profesional,Home Win,Home Win
1.2,2.2,1.6,1.4,1.4,0.8,0.4,0.6,Japan,J1 League,Away Win,Away Win
1.8,1.8,1.6,1.2,0.4,0.8,0.4,0.4,USA,MLS,Draw,Home Win
2.6,2.6,1.8,1.8,0.6,1.0,0.8,0.8,Russia,Premier League,Draw,Home Win
1.8,1.8,2.6,1.4,1.2,1.2,0.6,0.6,Spain,La Liga Santandar ,Home Win,Home Win
1.2,1.2,1.2,0.8,1.8,2.0,0.4,0.4,Brazil,Serie A,Draw,Home Win
2.4,0.6,1.4,1.2,1.2,2.2,0.8,0.2,Mexico,Liga MX,Draw,Home Win
1.2,1.2,1.0,1.4,2.0,1.2,0.4,0.4,USA,MLS,Home Win,Home Win
0.4,2.0,0.8,2.0,1.8,0.6,0.0,0.6,Spain,La Liga Santandar ,Draw,Away Win
3.0,0.2,3.4,1.0,0.4,2.6,1.0,0.0,Netherlands,KPN Eredivisie,Home Win,Home Win
0.8,0.8,0.8,1.8,1.8,2.8,0.2,0.2,Netherlands,KPN Eredivisie,Away Win,Home Win
2.0,0.4,1.6,1.2,0.4,2.2,0.6,0.0,Scotland,Scottish Premiership,Home Win,Home Win
1.8,2.2,1.2,1.8,0.8,0.4,0.6,0.6,England,English Championship,Home Win,Away Win
1.2,1.0,0.4,1.4,1.0,1.6,0.4,0.2,Japan,J1 League,Away Win,Home Win
0.8,0.6,1.0,1.2,2.4,2.0,0.2,0.2,England,National league,Home Win,Home Win
2.6,3.0,1.8,3.0,1.0,1.0,0.8,1.0,Austria,Bundesliga,Away Win,Away Win
2.2,2.4,1.6,1.0,0.4,0.4,0.6,0.8,England,English Championship,Home Win,Home Win
2.0,1.8,1.6,0.8,0.6,0.4,0.6,0.4,France,Ligue 2,Home Win,Home Win
0.6,2.2,0.8,2.4,1.8,1.2,0.2,0.6,England,English Championship,Home Win,Away Win
2.6,1.4,1.4,1.4,0.6,1.2,0.8,0.4,France,Ligue 2,Draw,Home Win
2.4,2.6,1.2,2.4,0.6,0.4,0.8,0.8,Scotland,Scottish Premiership,Away Win,Home Win
0.0,1.0,1.2,2.0,2.4,2.4,0.0,0.2,Denmark,Superliga,Away Win,Away Win
0.6,1.8,0.6,2.2,2.2,1.8,0.0,0.4,Mexico,Liga MX,Draw,Draw
2.6,2.6,1.6,2.8,0.0,1.2,0.8,0.8,Switzerland,Super League,Draw,Home Win
1.5,1.5,1.0,3.5,1.0,2.0,0.5,0.5,Argentina,Copa De La Liga Profesional,Home Win,Home Win
0.8,0.2,1.4,0.6,2.0,2.6,0.2,0.0,Germany,Bundesliga 1,Draw,Home Win
1.0,0.6,1.6,0.6,1.4,1.2,0.2,0.0,France,Ligue 2,Away Win,Home Win
1.8,1.6,2.2,0.8,1.4,0.8,0.4,0.4,Romania,Liga 1,Away Win,Home Win
1.8,1.6,1.8,1.4,1.2,1.0,0.6,0.4,England,National league,Draw,Home Win
0.2,0.2,0.0,0.0,2.4,1.2,0.0,0.0,Argentina,Liga Profesional,Draw,Home Win
1.0,2.6,1.6,2.8,1.6,1.6,0.2,0.8,Sweden,Allsvenskan,Home Win,Away Win
0.8,3.0,1.4,3.6,1.6,1.0,0.0,1.0,Sweden,Allsvenskan,Away Win,Away Win
2.2,1.2,1.8,3.2,0.8,2.2,0.6,0.4,Switzerland,Super League,Home Win,Home Win
0.8,1.0,0.6,1.2,1.0,1.4,0.2,0.2,Portugal,Liga I,Home Win,Home Win
1.8,2.6,2.4,1.6,1.2,0.4,0.6,0.8,England,English Premier league,Home Win,Home Win
1.8,1.8,1.8,1.4,0.6,1.0,0.4,0.4,USA,MLS,Draw,Home Win
1.8,1.4,1.4,1.6,1.0,1.8,0.6,0.4,Portugal,Liga I,Draw,Home Win
1.6,1.6,1.2,1.4,0.8,1.0,0.4,0.4,Spain,La Liga SmartBank,Home Win,Home Win
1.4,1.2,1.6,1.2,1.6,1.2,0.4,0.2,France,Ligue 2,Away Win,Home Win
0.8,0.6,1.0,1.0,3.0,3.2,0.2,0.2,Netherlands,KPN Eredivisie,Home Win,Home Win
2.0,1.8,1.4,0.8,1.0,0.4,0.6,0.4,England,English Football League Two,Draw,Home Win
2.0,2.6,1.4,1.8,1.0,0.6,0.6,0.8,England,English Football League One,Home Win,Away Win
1.4,0.4,1.8,0.6,1.6,1.8,0.4,0.0,England,English Football League Two,Draw,Home Win
1.8,1.6,1.4,1.2,0.8,1.4,0.6,0.4,Denmark,Superliga,Home Win,Home Win
1.6,0.8,1.2,1.0,0.8,1.6,0.4,0.2,England,National league,Away Win,Home Win
1.0,2.0,1.2,2.0,1.2,1.2,0.2,0.6,France,Ligue 1,Draw,Away Win
0.8,1.8,0.6,1.0,1.2,0.6,0.2,0.4,England,English Championship,Away Win,Away Win
2.6,2.2,2.0,2.2,0.6,1.0,0.8,0.6,England,English Football League Two,Home Win,Home Win
0.4,1.4,1.0,1.6,1.8,1.0,0.0,0.4,Belgium,Jupiler League,Away Win,Away Win
1.8,2.0,1.6,1.2,1.4,1.0,0.6,0.6,Turkey,Ligi 1,Away Win,Home Win
1.6,0.8,1.6,1.8,1.0,2.4,0.4,0.2,England,English Championship,Draw,Home Win
1.2,1.8,0.4,1.4,1.2,1.2,0.4,0.6,Austria,Bundesliga,Away Win,Away Win
2.6,1.8,2.6,1.4,0.4,1.2,0.8,0.6,England,English Championship,Home Win,Home Win
1.8,1.8,1.2,1.6,1.2,1.0,0.6,0.6,England,English Premier league,Away Win,Home Win
3.0,0.4,2.4,0.8,0.0,2.8,1.0,0.0,Poland,Ekstraklasa,Home Win,Home Win
0.8,1.0,1.2,0.6,1.4,1.2,0.0,0.2,Poland,Ekstraklasa,Away Win,Draw
1.2,1.2,1.6,0.6,1.8,0.6,0.2,0.2,Scotland,Scottish League two,Draw,Draw
1.8,0.4,1.6,0.2,1.8,1.0,0.6,0.0,Brazil,Serie A,Home Win,Home Win
2.2,0.4,1.8,0.8,0.4,2.2,0.6,0.0,Austria,Bundesliga,Home Win,Home Win
0.2,1.0,0.8,1.4,2.0,1.6,0.0,0.2,Scotland,Scottish Championship,Home Win,Away Win
1.4,2.0,1.4,1.0,1.0,0.2,0.4,0.6,France,Ligue 2,Home Win,Home Win
0.6,0.6,0.0,0.0,0.8,0.8,0.0,0.0,Brazil,Serie A,Draw,Draw
0.0,2.2,0.0,3.0,2.6,1.2,0.0,0.6,Ireland,Premier Division,Away Win,Away Win
2.2,1.0,2.0,1.4,1.0,2.4,0.6,0.2,Switzerland,Super League,Draw,Home Win
1.0,1.6,0.6,1.6,1.6,0.6,0.2,0.4,Argentina,Copa De La Liga Profesional,Home Win,Draw
2.2,1.2,1.6,1.8,0.6,1.6,0.6,0.4,Switzerland,Super League,Home Win,Home Win
0.6,1.4,0.8,1.0,1.2,0.6,0.0,0.4,England,English Championship,Home Win,Away Win
0.6,2.4,0.2,2.8,1.6,0.6,0.2,0.8,Ireland,Premier Division,Home Win,Away Win
1.2,0.4,0.4,2.0,1.4,3.0,0.4,0.0,USA,MLS,Draw,Home Win
0.0,1.8,1.0,1.2,2.4,1.4,0.0,0.6,England,English Championship,Away Win,Away Win
0.6,3.0,0.8,2.2,1.6,0.8,0.0,1.0,Germany,Bundesliga 1,Home Win,Away Win
0.2,1.0,1.4,0.8,2.2,0.8,0.0,0.0,USA,MLS,Away Win,Draw
1.0,0.8,0.6,1.2,1.2,2.0,0.2,0.2,Italy,Serie A,Home Win,Home Win
2.6,1.2,2.0,1.2,0.4,1.6,0.8,0.4,England,English Premier league,Home Win,Home Win
1.4,1.4,0.8,1.4,1.4,1.4,0.4,0.4,England,English Football League One,Away Win,Home Win
1.6,2.2,0.8,2.6,1.4,0.8,0.4,0.6,Mexico,Liga MX,Away Win,Draw
1.6,1.0,2.0,1.2,0.6,1.6,0.4,0.2,Ireland,Premier Division,Home Win,Home Win
1.0,2.2,1.0,1.0,1.2,0.4,0.2,0.6,Argentina,Liga Profesional,Draw,Draw
1.4,1.6,0.8,2.0,0.4,1.6,0.2,0.4,Switzerland,Super League,Home Win,Draw
2.4,3.0,1.2,1.8,0.2,0.4,0.8,1.0,Romania,Liga 1,Away Win,Home Win
3.0,0.4,2.8,0.4,0.2,1.2,1.0,0.0,Sweden,Allsvenskan,Draw,Home Win
0.4,0.6,0.8,0.8,1.6,2.8,0.0,0.2,Poland,Ekstraklasa,Away Win,Home Win
1.6,2.2,1.6,2.4,1.0,1.2,0.4,0.6,Germany,Bundesliga 2,Home Win,Home Win
3.0,0.4,3.4,0.6,1.6,1.8,1.0,0.0,Norway,Eliteserien,Home Win,Home Win
1.0,0.8,0.8,1.0,1.0,1.4,0.2,0.2,England,English Championship,Home Win,Home Win
1.4,1.0,2.2,1.8,1.6,1.6,0.4,0.2,England,National league,Home Win,Home Win
2.6,0.6,3.0,0.8,0.6,1.2,0.8,0.0,France,Ligue 1,Draw,Home Win
0.0,1.0,0.8,1.0,2.6,2.0,0.0,0.2,Mexico,Liga MX,Away Win,Away Win
0.2,2.0,0.8,1.8,2.8,0.8,0.0,0.6,Germany,Bundesliga 2,Home Win,Away Win
2.6,1.8,3.0,2.0,0.2,1.2,0.8,0.6,Greece,Ethniki Katigoria,Draw,Home Win
0.6,1.4,0.8,0.8,1.6,0.4,0.0,0.4,Mexico,Liga MX,Away Win,Home Win
0.6,0.6,0.4,1.0,0.8,1.8,0.0,0.0,Italy,Serie B,Home Win,Draw
0.6,0.4,0.6,0.4,1.2,1.0,0.2,0.0,Denmark,Superliga,Home Win,Home Win
1.2,1.8,1.0,1.4,1.4,1.0,0.4,0.6,Romania,Liga 1,Away Win,Home Win
0.6,1.6,0.6,1.6,1.4,1.2,0.2,0.4,Netherlands,KPN Eredivisie,Draw,Away Win
1.8,2.0,1.4,2.0,1.2,0.6,0.6,0.6,Germany,Bundesliga 2,Away Win,Home Win
1.4,2.0,1.0,1.4,1.4,1.2,0.4,0.6,England,English Football League One,Home Win,Away Win
0.4,1.8,0.8,2.6,2.0,1.6,0.0,0.6,England,National league,Draw,Away Win
1.0,1.6,0.8,1.2,1.0,1.4,0.2,0.4,France,Ligue 1,Draw,Away Win
1.0,0.8,0.8,0.8,1.4,1.8,0.2,0.2,Turkey,Ligi 1,Draw,Home Win
0.0,1.8,0.2,2.0,3.2,0.8,0.0,0.4,USA,MLS,Away Win,Away Win
0.2,2.6,1.0,1.8,3.0,0.6,0.0,0.8,Ireland,Premier Division,Away Win,Away Win
2.0,1.4,2.8,1.2,1.0,1.4,0.6,0.4,England,National league,Home Win,Home Win
1.2,0.8,0.6,0.8,1.4,1.8,0.4,0.2,France,Ligue 2,Home Win,Home Win
1.4,1.8,1.6,0.6,1.6,0.4,0.4,0.6,Argentina,Liga Profesional,Draw,Home Win
1.6,1.2,1.2,0.6,1.0,0.8,0.4,0.2,Spain,La Liga SmartBank,Away Win,Home Win
1.8,0.6,1.6,0.8,0.8,2.6,0.6,0.2,England,English Premier league,Home Win,Home Win
1.5,0.0,1.5,0.5,1.0,2.0,0.5,0.0,Argentina,Copa De La Liga Profesional,Away Win,Home Win
1.0,1.4,0.8,2.4,1.4,2.0,0.2,0.2,England,English Football League Two,Home Win,Draw
1.4,1.8,1.8,1.4,2.2,1.0,0.4,0.4,Poland,Ekstraklasa,Draw,Home Win
0.6,2.4,1.0,1.6,1.8,0.6,0.0,0.8,Argentina,Liga Profesional,Home Win,Away Win
0.8,2.0,1.0,2.0,2.0,0.8,0.2,0.6,England,English Championship,Home Win,Away Win
1.4,1.2,2.2,1.4,1.8,1.4,0.4,0.2,Portugal,Liga I,Away Win,Home Win
0.0,2.2,0.4,1.0,3.4,0.0,0.0,0.6,China,Super League,Away Win,Away Win
2.4,0.6,3.4,0.6,0.4,1.6,0.8,0.2,Sweden,Allsvenskan,Home Win,Home Win
1.8,1.8,1.4,1.6,1.0,1.2,0.6,0.6,Sweden,Allsvenskan,Home Win,Home Win
0.2,0.0,1.4,0.0,2.2,3.0,0.0,0.0,Norway,Eliteserien,Home Win,Home Win
2.2,1.0,1.8,1.0,0.8,1.0,0.6,0.2,England,National league,Home Win,Home Win
1.4,0.6,0.8,0.8,0.8,1.6,0.4,0.0,Russia,Premier League,Draw,Home Win
1.0,1.8,1.0,2.0,1.2,1.6,0.2,0.4,Switzerland,Super League,Draw,Draw
2.6,2.6,0.8,2.0,0.0,0.0,0.8,0.8,Austria,Bundesliga,Draw,Away Win
1.6,0.0,1.8,0.4,1.8,4.2,0.4,0.0,Ireland,Premier Division,Home Win,Home Win
3.0,0.0,3.4,1.8,0.2,4.2,1.0,0.0,Norway,Eliteserien,Home Win,Home Win
1.6,2.2,2.0,2.6,1.8,0.0,0.4,0.6,USA,MLS,Away Win,Draw
1.4,1.2,1.4,0.8,1.4,2.0,0.4,0.4,Belgium,Jupiler League,Home Win,Home Win
1.6,2.2,2.6,2.4,1.4,1.2,0.4,0.6,Belgium,Jupiler League,Away Win,Home Win
0.8,1.4,1.6,1.6,3.0,1.0,0.2,0.4,Netherlands,KPN Eredivisie,Away Win,Away Win
1.0,1.8,1.2,1.4,2.4,1.0,0.2,0.4,Belgium,Jupiler League,Draw,Away Win
1.4,1.0,1.4,1.2,1.8,1.6,0.4,0.2,Scotland,Scottish League two,Away Win,Home Win
1.6,1.2,2.0,0.6,1.6,1.0,0.4,0.2,England,English Football League Two,Away Win,Home Win
1.8,2.4,1.8,2.2,1.0,1.8,0.6,0.8,Mexico,Liga MX,Home Win,Home Win
0.0,1.0,0.0,1.4,1.0,2.0,0.0,0.2,USA,MLS,Draw,Home Win
1.2,1.2,1.0,0.8,1.8,0.6,0.2,0.2,Scotland,Scottish League two,Draw,Draw
0.4,0.4,0.8,0.6,2.0,1.2,0.0,0.0,France,Ligue 1,Away Win,Home Win
1.8,1.8,1.6,0.8,0.8,0.4,0.4,0.4,Romania,Liga 1,Draw,Draw
1.6,0.8,3.2,0.6,1.8,1.8,0.4,0.2,Netherlands,KPN Eredivisie,Home Win,Home Win
2.0,2.6,1.0,1.6,0.4,0.8,0.6,0.8,France,Ligue 1,Home Win,Away Win
1.8,0.4,1.6,1.2,1.0,1.8,0.6,0.0,Mexico,Liga MX,Home Win,Home Win
1.2,0.8,2.0,1.4,2.4,1.6,0.4,0.2,England,National league,Home Win,Home Win
0.8,3.0,1.0,2.0,1.8,0.2,0.2,1.0,England,English Championship,Away Win,Away Win
1.8,1.4,1.2,1.2,1.2,1.0,0.6,0.4,France,Ligue 1,Away Win,Home Win
1.8,1.2,2.2,2.2,1.8,1.8,0.6,0.4,Russia,Premier League,Home Win,Home Win
0.0,1.4,0.2,2.2,3.2,1.0,0.0,0.4,Brazil,Serie A,Home Win,Away Win
1.6,1.6,0.8,1.0,0.8,1.0,0.4,0.4,Spain,La Liga SmartBank,Home Win,Home Win
0.6,3.0,0.8,1.0,1.6,0.0,0.2,1.0,USA,MLS,Home Win,Away Win
2.2,1.2,3.2,1.2,1.0,1.2,0.6,0.4,Russia,Premier League,Home Win,Home Win
1.4,0.6,1.2,1.2,1.4,2.4,0.4,0.2,England,English Football League Two,Draw,Home Win
2.4,0.6,2.2,0.6,0.8,2.4,0.8,0.2,Switzerland,Super League,Home Win,Home Win
2.4,1.0,2.8,0.8,0.4,2.4,0.8,0.2,Mexico,Liga MX,Away Win,Home Win
1.4,0.4,1.8,0.6,2.0,2.4,0.4,0.0,Netherlands,KPN Eredivisie,Home Win,Home Win
0.8,0.2,0.8,0.8,1.6,2.4,0.2,0.0,England,English Premier league,Away Win,Home Win
0.4,1.6,0.2,1.4,1.2,1.2,0.0,0.4,Sweden,Allsvenskan,Home Win,Away Win
0.4,0.8,1.0,1.0,1.8,1.4,0.0,0.2,Scotland,Scottish Championship,Home Win,Away Win
0.6,1.2,1.2,1.2,3.0,1.2,0.2,0.2,England,National league,Home Win,Away Win
0.4,1.8,0.8,1.4,1.6,0.4,0.0,0.6,Ireland,Premier Division,Draw,Away Win
1.4,0.8,0.8,0.8,0.6,1.4,0.4,0.2,Turkey,Ligi 1,Away Win,Home Win
1.8,0.0,1.2,1.4,0.6,3.2,0.6,0.0,Romania,Liga 1,Home Win,Home Win
1.0,0.2,1.2,0.6,1.4,1.6,0.2,0.0,Spain,La Liga Santandar ,Home Win,Home Win
1.4,1.4,1.2,1.6,1.2,1.2,0.4,0.4,England,English Football League One,Home Win,Home Win
2.2,1.0,1.8,1.4,0.6,1.8,0.6,0.2,Scotland,Scottish League one,Home Win,Home Win
0.6,0.6,0.8,0.8,1.8,1.2,0.0,0.0,Turkey,Ligi 1,Home Win,Draw
0.2,2.6,0.8,3.4,2.8,1.2,0.0,0.8,Germany,Bundesliga 1,Away Win,Away Win
1.0,1.2,1.6,1.8,1.8,2.4,0.2,0.4,Mexico,Liga MX,Home Win,Home Win
0.8,0.6,1.0,0.0,1.2,0.4,0.0,0.0,Russia,Premier League,Home Win,Draw
1.4,1.6,1.0,1.8,1.8,1.4,0.4,0.4,England,English Premier league,Home Win,Home Win
1.4,0.25,1.2,1.0,1.8,2.25,0.4,0.0,England,National league,Draw,Home Win
1.4,1.6,1.6,1.2,1.6,0.8,0.4,0.4,Scotland,Scottish Championship,Home Win,Away Win
1.6,1.8,0.8,1.6,0.8,2.0,0.4,0.6,Poland,Ekstraklasa,Away Win,Home Win
1.6,2.6,2.0,2.0,1.2,0.6,0.4,0.8,Scotland,Scottish League one,Away Win,Away Win
0.4,2.2,0.6,1.0,1.6,0.2,0.0,0.6,Italy,Serie B,Home Win,Away Win
2.4,1.2,3.0,0.8,1.4,1.2,0.8,0.4,Sweden,Allsvenskan,Home Win,Home Win
1.8,1.2,2.2,1.0,1.6,1.0,0.4,0.4,Turkey,Ligi 1,Draw,Home Win
1.4,3.0,1.0,2.4,0.8,0.4,0.4,1.0,Scotland,Scottish Premiership,Away Win,Away Win
2.6,0.0,1.8,0.2,0.8,2.0,0.8,0.0,Portugal,Liga I,Home Win,Home Win
3.0,1.2,2.0,1.2,0.8,1.6,1.0,0.4,USA,MLS,Home Win,Home Win
0.8,1.4,0.6,1.0,1.2,1.0,0.2,0.4,Scotland,Scottish Championship,Away Win,Away Win
0.8,2.6,0.0,1.4,0.4,0.6,0.0,0.8,Brazil,Serie A,Away Win,Draw
2.4,1.6,1.6,2.0,1.0,2.0,0.8,0.4,Brazil,Serie A,Draw,Home Win
3.0,0.4,2.4,1.4,1.0,2.0,1.0,0.0,Mexico,Liga MX,Home Win,Home Win
1.8,0.4,0.6,0.6,0.4,1.6,0.6,0.0,Argentina,Liga Profesional,Away Win,Home Win
0.6,1.8,0.6,1.4,1.0,1.0,0.0,0.4,Argentina,Liga Profesional,Draw,Draw
2.4,0.4,2.0,0.8,1.0,1.4,0.8,0.0,Japan,J1 League,Draw,Home Win
0.4,1.8,0.8,2.0,1.6,0.8,0.0,0.6,Sweden,Allsvenskan,Away Win,Away Win
0.2,1.8,0.2,1.0,1.8,0.6,0.0,0.4,Mexico,Liga MX,Home Win,Away Win
1.8,1.6,2.2,2.0,1.2,1.8,0.6,0.4,Mexico,Liga MX,Home Win,Home Win
1.4,2.0,0.8,2.2,0.8,1.4,0.4,0.6,France,Ligue 2,Draw,Away Win
0.0,1.8,0.6,0.6,2.2,0.8,0.0,0.6,Switzerland,Super League,Home Win,Away Win
1.2,1.0,1.2,1.0,1.8,1.4,0.4,0.2,England,English Football League Two,Draw,Home Win
1.0,2.2,1.8,2.2,2.0,1.2,0.2,0.6,USA,MLS,Home Win,Home Win
2.0,1.8,1.6,2.0,0.4,0.8,0.6,0.4,Netherlands,KPN Eredivisie,Away Win,Home Win
1.4,1.8,2.0,1.2,2.0,0.8,0.4,0.4,Mexico,Liga MX,Draw,Home Win
0.6,1.8,0.6,1.6,1.4,1.2,0.0,0.6,USA,MLS,Home Win,Home Win
1.2,1.4,2.0,1.8,2.6,1.2,0.4,0.2,Mexico,Liga MX,Away Win,Home Win
0.2,1.4,0.2,1.8,1.4,1.8,0.0,0.4,Turkey,Ligi 1,Home Win,Away Win
1.6,1.2,1.2,0.8,0.4,1.6,0.4,0.4,Turkey,Ligi 1,Home Win,Home Win
1.0,1.0,1.2,1.0,1.2,1.4,0.2,0.2,Italy,Serie B,Draw,Home Win
1.2,1.4,1.2,1.8,1.4,1.4,0.4,0.4,Mexico,Liga MX,Away Win,Home Win
0.8,3.0,1.2,1.6,1.6,0.4,0.0,1.0,Finland,Veikkausliiga,Away Win,Away Win
1.4,0.6,1.2,0.8,1.2,1.8,0.4,0.2,England,National league,Home Win,Home Win
1.6,1.4,1.4,1.8,1.4,1.4,0.4,0.4,France,Ligue 1,Away Win,Home Win
2.4,1.4,0.8,1.0,0.2,0.6,0.8,0.4,Argentina,Liga Profesional,Home Win,Home Win
1.6,2.6,0.4,3.0,0.4,0.6,0.4,0.8,Finland,Veikkausliiga,Away Win,Away Win
2.4,1.4,2.8,1.8,0.6,3.0,0.8,0.4,USA,MLS,Home Win,Home Win
2.6,1.4,3.2,1.6,0.4,1.6,0.8,0.4,Norway,Eliteserien,Draw,Home Win
2.4,1.8,2.6,1.6,1.4,0.8,0.8,0.6,Mexico,Liga MX,Home Win,Home Win
1.0,1.2,0.4,1.8,0.6,2.4,0.2,0.4,Switzerland,Super League,Home Win,Home Win
1.4,1.8,1.0,1.0,1.0,0.6,0.4,0.4,Brazil,Serie A,Draw,Home Win
1.2,1.2,1.0,1.8,1.2,1.8,0.2,0.4,England,English Championship,Away Win,Home Win
0.6,0.4,1.8,1.0,2.2,1.8,0.2,0.0,Austria,Bundesliga,Home Win,Home Win
1.4,0.2,1.4,0.6,1.2,2.4,0.4,0.0,Scotland,Scottish Championship,Home Win,Home Win
2.4,2.2,2.2,1.6,1.2,1.0,0.8,0.6,USA,MLS,Away Win,Home Win
1.4,1.0,2.0,1.4,1.0,1.4,0.4,0.2,Italy,Serie B,Away Win,Home Win
1.0,0.8,0.6,1.2,1.0,1.6,0.2,0.2,Spain,La Liga SmartBank,Draw,Home Win
0.8,0.8,0.6,1.2,1.4,1.8,0.2,0.2,Netherlands,KPN Eredivisie,Home Win,Home Win
1.8,0.6,1.4,1.0,0.2,1.8,0.4,0.0,Argentina,Copa De La Liga Profesional,Draw,Home Win
2.4,0.2,2.2,0.8,1.4,2.4,0.8,0.0,England,English Football League Two,Home Win,Home Win
1.8,1.2,2.2,1.4,2.0,1.8,0.6,0.2,Scotland,Scottish Championship,Away Win,Home Win
1.4,0.6,2.0,1.2,2.4,2.0,0.4,0.0,Denmark,Superliga,Draw,Home Win
2.6,1.8,1.2,1.6,0.0,1.2,0.8,0.4,Romania,Liga 1,Home Win,Home Win
0.6,1.2,0.4,1.2,1.6,1.6,0.2,0.4,USA,MLS,Home Win,Home Win
1.8,1.2,2.2,1.6,1.6,1.8,0.6,0.4,China,Super League,Away Win,Home Win
1.2,1.8,1.6,1.8,2.8,2.2,0.4,0.6,England,English Premier league,Away Win,Home Win
0.6,1.8,0.6,2.0,2.4,1.6,0.2,0.6,USA,MLS,Away Win,Away Win
2.2,1.6,1.2,1.6,0.0,1.6,0.6,0.4,Japan,J1 League,Home Win,Home Win
0.4,2.6,0.6,2.8,1.2,1.4,0.0,0.8,Spain,La Liga Santandar ,Draw,Away Win
2.2,2.4,1.8,2.4,0.4,0.4,0.6,0.8,China,Super League,Home Win,Home Win
1.8,0.4,2.8,0.4,0.4,1.4,0.6,0.0,Austria,Bundesliga,Draw,Home Win
1.8,1.0,1.2,1.0,0.4,1.0,0.4,0.2,Argentina,Copa De La Liga Profesional,Home Win,Home Win
0.6,1.8,0.8,2.2,2.8,1.8,0.2,0.6,Germany,Bundesliga 1,Draw,Away Win
1.8,0.0,1.4,0.6,1.0,2.2,0.6,0.0,Ireland,Premier Division,Home Win,Home Win
0.6,0.2,1.0,1.4,1.6,2.8,0.2,0.0,Germany,Bundesliga 2,Home Win,Home Win
0.8,0.6,1.0,0.6,1.2,1.6,0.2,0.0,England,English Football League Two,Away Win,Home Win
1.8,1.8,1.6,2.0,1.2,1.2,0.4,0.4,Russia,Premier League,Draw,Home Win
0.4,1.8,1.4,1.2,2.6,1.8,0.0,0.6,England,English Premier league,Away Win,Away Win
0.6,1.2,1.2,1.0,2.6,0.8,0.2,0.4,USA,MLS,Home Win,Home Win
0.8,1.0,0.8,1.0,1.4,1.4,0.2,0.2,England,National league,Home Win,Home Win
1.2,1.4,2.0,1.4,1.6,1.4,0.4,0.4,England,English Premier league,Home Win,Home Win
0.6,1.8,0.8,1.4,1.4,1.6,0.0,0.6,France,Ligue 1,Away Win,Away Win
1.2,1.8,1.2,1.4,1.8,1.2,0.4,0.6,Mexico,Liga MX,Away Win,Home Win
1.0,0.6,2.2,1.8,2.2,3.0,0.0,0.0,USA,MLS,Draw,Home Win
2.2,2.4,2.2,2.8,0.8,1.4,0.6,0.8,Finland,Veikkausliiga,Home Win,Home Win
1.2,0.6,1.8,0.6,2.4,1.0,0.4,0.0,Mexico,Liga MX,Away Win,Home Win
0.0,1.8,0.6,1.4,1.8,1.0,0.0,0.4,Switzerland,Super League,Draw,Away Win
0.0,1.8,0.6,1.4,1.8,0.8,0.0,0.6,Argentina,Copa De La Liga Profesional,Home Win,Away Win
0.0,2.2,0.4,1.8,2.2,0.4,0.0,0.6,Finland,Veikkausliiga,Away Win,Away Win
2.2,2.6,1.8,2.6,1.0,0.2,0.6,0.8,England,National league,Home Win,Away Win
1.0,0.2,1.2,1.2,1.2,2.2,0.2,0.0,Greece,Ethniki Katigoria,Home Win,Home Win
0.5,0.6,0.0,0.6,1.0,1.4,0.0,0.0,Argentina,Copa De La Liga Profesional,Away Win,Draw
0.2,0.8,0.6,0.8,1.8,1.8,0.0,0.2,Italy,Serie A,Draw,Home Win
0.0,2.2,0.4,1.2,2.6,0.4,0.0,0.6,Argentina,Copa De La Liga Profesional,Draw,Away Win
3.0,1.8,1.2,1.0,0.2,0.6,1.0,0.4,China,Super League,Draw,Home Win
1.4,1.8,2.0,2.4,1.2,1.8,0.4,0.6,USA,MLS,Home Win,Home Win
1.4,2.0,2.8,2.8,2.2,1.4,0.4,0.6,Germany,Bundesliga 2,Draw,Home Win
1.0,1.8,0.8,2.0,1.0,1.4,0.2,0.4,England,English Football League One,Home Win,Draw
0.6,0.0,0.6,1.0,2.2,2.4,0.2,0.0,England,English Football League Two,Draw,Home Win
2.0,2.2,2.4,1.6,0.4,0.6,0.6,0.6,Scotland,Scottish League one,Away Win,Home Win
2.2,1.6,1.2,2.0,0.0,1.2,0.6,0.4,USA,MLS,Home Win,Home Win
0.8,1.4,1.8,0.6,2.2,0.8,0.2,0.4,Spain,La Liga SmartBank,Away Win,Home Win
0.2,0.8,0.8,1.0,2.6,2.0,0.0,0.2,England,English Football League Two,Home Win,Home Win
0.6,1.8,0.4,1.2,1.8,0.8,0.2,0.4,Denmark,Superliga,Draw,Away Win
3.0,0.4,3.2,0.8,1.0,2.2,1.0,0.0,Scotland,Scottish Premiership,Home Win,Home Win
2.2,1.0,1.2,2.4,0.6,2.4,0.6,0.2,Japan,J1 League,Away Win,Home Win
1.0,1.2,2.4,2.2,2.6,1.6,0.2,0.4,Romania,Liga 1,Home Win,Home Win
0.8,2.2,1.2,2.2,1.6,1.0,0.2,0.6,England,English Premier league,Away Win,Away Win
0.8,0.6,0.4,0.6,1.6,2.4,0.2,0.2,England,English Championship,Home Win,Home Win
1.8,0.2,1.2,1.0,0.8,2.6,0.6,0.0,Greece,Ethniki Katigoria,Draw,Home Win
1.8,1.4,1.6,0.8,1.2,0.6,0.6,0.2,Italy,Serie B,Home Win,Home Win
0.8,1.4,0.6,1.8,1.4,2.0,0.0,0.4,England,English Championship,Home Win,Draw
1.4,1.8,1.0,2.2,1.0,0.6,0.4,0.6,Japan,J1 League,Away Win,Away Win
1.8,1.0,2.2,1.0,1.8,1.2,0.6,0.2,Scotland,Scottish League two,Home Win,Home Win
1.6,2.2,2.0,2.0,2.0,1.2,0.4,0.6,Denmark,Superliga,Away Win,Away Win
0.4,1.2,1.2,1.8,1.8,1.6,0.0,0.2,Germany,Bundesliga 1,Away Win,Draw
1.4,1.8,0.8,1.2,0.8,1.2,0.4,0.6,Argentina,Liga Profesional,Home Win,Home Win
1.2,1.8,0.8,1.0,1.0,2.0,0.4,0.6,Mexico,Liga MX,Away Win,Home Win
2.2,1.4,2.8,1.4,1.0,0.6,0.6,0.4,Switzerland,Super League,Home Win,Home Win
2.0,0.2,2.0,1.2,1.2,2.6,0.6,0.0,Italy,Serie A,Home Win,Home Win
1.8,0.4,1.8,1.4,2.6,2.2,0.6,0.0,Brazil,Serie A,Home Win,Home Win
0.0,2.2,1.0,1.8,2.2,0.6,0.0,0.6,USA,MLS,Away Win,Away Win
1.0,1.2,1.4,1.2,2.0,1.4,0.2,0.4,China,Super League,Home Win,Home Win
1.0,1.2,1.2,1.4,1.0,2.4,0.2,0.4,Finland,Veikkausliiga,Home Win,Home Win
1.2,3.0,1.8,3.8,1.4,1.4,0.4,1.0,Norway,Eliteserien,Away Win,Away Win
3.0,2.6,1.6,1.2,0.2,0.2,1.0,0.8,France,Ligue 2,Away Win,Home Win
1.6,1.0,0.6,1.6,1.0,1.6,0.4,0.2,Scotland,Scottish Premiership,Home Win,Home Win
1.0,0.6,1.4,1.0,1.4,1.6,0.0,0.2,Switzerland,Super League,Home Win,Home Win
1.6,0.6,1.6,0.6,0.8,1.8,0.4,0.2,England,National league,Draw,Home Win
1.6,0.4,1.0,0.6,0.6,1.2,0.4,0.0,Italy,Serie A,Away Win,Home Win
1.4,0.4,1.0,0.6,1.2,1.4,0.4,0.0,France,Ligue 2,Home Win,Home Win
0.4,1.4,0.0,1.8,1.4,1.4,0.0,0.4,USA,MLS,Draw,Draw
2.6,1.4,3.4,1.2,1.0,1.2,0.8,0.4,Turkey,Ligi 1,Draw,Home Win
1.0,1.0,0.8,1.0,0.8,1.2,0.2,0.2,Spain,La Liga SmartBank,Home Win,Home Win
2.6,1.8,1.8,1.4,0.6,1.0,0.8,0.4,Brazil,Serie A,Draw,Home Win
1.6,2.2,1.8,2.8,0.8,0.6,0.4,0.6,Romania,Liga 1,Away Win,Draw
0.4,1.4,1.6,1.2,3.4,0.8,0.0,0.4,USA,MLS,Draw,Home Win
1.8,1.2,1.6,0.6,1.0,0.8,0.6,0.4,Argentina,Liga Profesional,Home Win,Home Win
0.6,1.4,0.8,1.2,1.2,0.4,0.0,0.4,Ireland,Premier Division,Draw,Away Win
1.4,1.8,1.0,2.6,1.0,1.8,0.4,0.4,Argentina,Liga Profesional,Draw,Draw
1.4,1.6,1.2,1.6,1.0,1.4,0.4,0.4,Spain,La Liga SmartBank,Away Win,Home Win
2.6,1.8,1.8,0.8,0.6,0.6,0.8,0.6,Argentina,Liga Profesional,Home Win,Home Win
1.8,2.0,1.8,1.6,1.0,1.2,0.6,0.6,England,English Premier league,Home Win,Home Win
0.8,2.6,1.0,2.6,1.4,1.2,0.2,0.8,England,English Premier league,Away Win,Away Win
1.6,1.2,0.8,1.2,0.6,1.4,0.4,0.4,Denmark,Superliga,Draw,Home Win
1.0,3.0,0.8,3.4,0.8,0.4,0.0,1.0,Austria,Bundesliga,Away Win,Away Win
0.8,1.8,0.8,1.6,1.2,2.0,0.0,0.6,Romania,Liga 1,Away Win,Home Win
1.4,3.0,1.8,1.8,1.4,0.4,0.4,1.0,Spain,La Liga SmartBank,Home Win,Away Win
2.6,2.2,1.8,1.6,0.6,0.6,0.8,0.6,Switzerland,Super League,Away Win,Home Win
1.0,3.0,1.0,1.8,1.6,0.4,0.2,1.0,France,Ligue 2,Away Win,Away Win
1.8,2.6,2.0,2.2,1.4,0.6,0.6,0.8,France,Ligue 2,Draw,Away Win
1.0,1.8,1.2,1.8,1.4,2.0,0.2,0.6,Netherlands,KPN Eredivisie,Away Win,Home Win
1.4,0.4,0.8,1.0,0.6,2.0,0.2,0.0,Argentina,Copa De La Liga Profesional,Home Win,Home Win
2.6,0.6,1.8,1.2,0.2,1.6,0.8,0.0,Scotland,Scottish Premiership,Home Win,Home Win
1.0,1.2,1.0,1.2,1.2,1.8,0.2,0.4,USA,MLS,Home Win,Home Win
0.8,1.4,0.8,1.0,1.6,1.0,0.2,0.4,Scotland,Scottish League two,Home Win,Home Win
1.4,2.2,1.4,2.0,1.0,0.4,0.2,0.6,Romania,Liga 1,Draw,Draw
0.4,1.0,1.2,1.0,2.4,1.2,0.0,0.2,China,Super League,Away Win,Home Win
1.0,1.6,1.0,3.2,1.0,2.0,0.2,0.4,England,English Football League Two,Home Win,Draw
1.2,1.8,0.6,3.2,0.8,1.0,0.4,0.6,Brazil,Serie A,Away Win,Away Win
2.0,2.0,1.0,1.4,0.4,1.2,0.6,0.6,France,Ligue 2,Away Win,Home Win
2.2,0.8,1.0,0.8,0.4,1.0,0.6,0.0,China,Super League,Home Win,Home Win
2.0,1.0,2.2,0.8,1.2,1.4,0.6,0.2,England,English Premier league,Home Win,Home Win
2.2,2.0,2.0,2.6,1.2,1.2,0.6,0.6,Italy,Serie B,Draw,Home Win
0.6,1.6,0.6,1.8,1.4,1.2,0.0,0.4,Italy,Serie A,Draw,Draw
0.4,0.6,1.0,1.4,1.8,2.2,0.0,0.2,Norway,Eliteserien,Away Win,Home Win
1.4,0.4,1.0,1.4,1.0,2.4,0.4,0.0,Germany,Bundesliga 1,Home Win,Home Win
2.4,1.8,1.2,2.2,0.6,1.0,0.8,0.6,Portugal,Liga I,Home Win,Home Win
0.4,2.6,1.0,3.4,1.8,0.4,0.0,0.8,Greece,Ethniki Katigoria,Away Win,Away Win
1.4,3.0,1.4,2.0,1.2,1.0,0.4,1.0,Spain,La Liga SmartBank,Draw,Away Win
1.2,1.6,1.4,2.2,2.0,1.6,0.4,0.4,England,English Football League One,Home Win,Away Win
1.4,1.4,1.6,1.4,1.2,1.2,0.2,0.2,Spain,La Liga SmartBank,Home Win,Draw
0.0,2.2,0.8,1.4,2.6,0.8,0.0,0.6,Brazil,Serie A,Away Win,Away Win
1.2,2.0,1.0,1.8,1.4,0.8,0.4,0.6,Spain,La Liga Santandar ,Away Win,Away Win
0.4,1.2,1.0,1.0,1.8,1.0,0.0,0.2,France,Ligue 1,Away Win,Away Win
0.4,1.2,0.4,0.8,1.2,1.4,0.0,0.4,England,English Premier league,Home Win,Home Win
2.4,0.8,1.8,1.0,1.0,1.6,0.8,0.2,France,Ligue 1,Home Win,Home Win
2.4,0.0,1.4,0.8,0.8,3.2,0.8,0.0,Russia,Premier League,Draw,Home Win
1.2,1.4,0.8,1.2,1.6,2.4,0.4,0.4,Romania,Liga 1,Away Win,Home Win
1.8,0.2,1.0,1.2,0.4,2.2,0.6,0.0,Belgium,Jupiler League,Home Win,Home Win
1.0,2.0,0.667,1.0,1.0,0.667,0.333,0.667,Argentina,Copa De La Liga Profesional,Home Win,Away Win
1.4,0.2,1.2,0.4,0.4,1.6,0.4,0.0,Brazil,Serie A,Draw,Home Win
0.8,1.2,1.0,2.0,1.6,2.2,0.2,0.4,England,English Premier league,Draw,Home Win
1.4,2.6,0.6,1.4,0.4,0.6,0.2,0.8,Brazil,Serie A,Away Win,Draw
1.4,1.4,2.4,1.8,2.2,2.2,0.4,0.4,England,English Premier league,Home Win,Home Win
1.4,1.2,1.4,1.6,1.2,1.0,0.2,0.4,Romania,Liga 1,Home Win,Home Win
2.0,0.6,1.6,0.6,1.2,2.0,0.6,0.2,Scotland,Scottish League two,Home Win,Home Win
1.2,1.0,1.0,1.8,1.2,2.4,0.4,0.2,Germany,Bundesliga 1,Home Win,Home Win
0.6,2.4,1.4,2.0,2.4,1.0,0.2,0.8,Sweden,Allsvenskan,Home Win,Away Win
0.4,0.2,0.6,0.6,1.4,1.8,0.0,0.0,Spain,La Liga SmartBank,Draw,Home Win
1.8,1.2,1.6,0.8,0.8,1.2,0.6,0.4,Poland,Ekstraklasa,Home Win,Home Win
0.4,0.8,0.8,1.6,2.4,1.8,0.0,0.2,Germany,Bundesliga 2,Away Win,Home Win
2.6,1.4,2.4,1.2,1.6,2.0,0.8,0.4,Brazil,Serie A,Draw,Home Win
2.0,0.4,1.6,1.2,0.6,2.2,0.6,0.0,Greece,Ethniki Katigoria,Home Win,Home Win
1.6,0.6,0.4,0.2,0.2,1.2,0.4,0.2,Russia,Premier League,Home Win,Home Win
0.8,0.2,0.6,0.0,2.2,1.0,0.2,0.0,Scotland,Scottish Premiership,Home Win,Home Win
1.4,2.6,0.8,1.8,0.6,0.2,0.2,0.8,Spain,La Liga SmartBank,Home Win,Draw
2.2,1.6,2.8,1.6,0.8,1.6,0.6,0.4,USA,MLS,Home Win,Home Win
0.4,2.6,0.0,0.8,0.6,0.0,0.0,0.8,Argentina,Liga Profesional,Away Win,Away Win
0.0,0.4,1.4,0.4,2.4,2.2,0.0,0.0,Japan,J1 League,Draw,Home Win
1.6,0.6,2.2,1.8,0.8,2.4,0.4,0.0,Scotland,Scottish Championship,Draw,Home Win
1.4,3.0,1.4,3.4,1.2,1.8,0.2,1.0,Norway,Eliteserien,Away Win,Away Win
1.4,1.2,2.2,1.2,1.6,2.6,0.2,0.4,Mexico,Liga MX,Home Win,Home Win
0.8,1.4,1.0,1.8,1.6,1.6,0.2,0.4,Germany,Bundesliga 1,Home Win,Home Win
1.0,0.6,1.8,0.4,1.4,1.4,0.2,0.2,Russia,Premier League,Home Win,Home Win
0.4,1.8,0.8,2.0,1.4,1.8,0.0,0.6,Japan,J1 League,Draw,Away Win
1.2,1.6,1.6,0.8,2.0,0.6,0.4,0.4,England,English Championship,Away Win,Away Win
2.6,0.8,3.2,1.6,1.0,2.0,0.8,0.2,Netherlands,KPN Eredivisie,Draw,Home Win
0.4,2.4,1.8,2.8,2.6,1.8,0.0,0.8,Romania,Liga 1,Away Win,Away Win
1.0,1.4,0.6,1.4,1.0,1.4,0.2,0.4,Spain,La Liga Santandar ,Away Win,Home Win
1.2,2.2,1.6,1.0,1.0,0.4,0.4,0.6,Denmark,Superliga,Away Win,Away Win
1.4,2.0,1.6,1.4,1.4,1.2,0.2,0.6,Scotland,Scottish League two,Draw,Home Win
0.2,1.0,1.0,1.0,2.2,1.4,0.0,0.2,Belgium,Jupiler League,Away Win,Away Win
1.4,0.6,2.2,0.8,1.8,1.6,0.4,0.0,Poland,Ekstraklasa,Away Win,Home Win
0.4,1.4,0.6,1.2,1.6,1.0,0.0,0.2,Norway,Eliteserien,Away Win,Away Win
2.4,1.0,2.4,1.2,1.2,2.4,0.8,0.2,Switzerland,Super League,Away Win,Home Win
1.4,1.2,1.4,1.4,1.4,1.4,0.4,0.2,Netherlands,KPN Eredivisie,Away Win,Home Win
2.0,1.2,1.4,1.4,1.0,1.6,0.6,0.2,Scotland,Scottish Premiership,Away Win,Home Win
2.0,2.0,2.2,2.0,1.0,0.8,0.6,0.6,Scotland,Scottish League two,Away Win,Home Win
1.4,2.6,1.4,1.4,1.0,0.6,0.4,0.8,Argentina,Copa De La Liga Profesional,Draw,Away Win
0.0,0.6,0.5,1.0,2.5,2.2,0.0,0.2,England,English Premier league,Draw,Home Win
0.4,0.6,1.0,1.8,1.6,2.4,0.0,0.2,Norway,Eliteserien,Away Win,Home Win
1.0,2.4,1.8,2.0,1.6,1.4,0.2,0.8,USA,MLS,Home Win,Home Win
1.0,0.4,1.0,1.0,0.6,2.2,0.2,0.0,USA,MLS,Home Win,Home Win
0.4,0.6,1.2,1.4,2.6,2.4,0.0,0.2,Switzerland,Super League,Away Win,Home Win
2.0,2.2,1.8,2.6,1.0,1.6,0.6,0.6,Germany,Bundesliga 2,Away Win,Home Win
2.4,1.6,2.0,1.0,1.6,0.6,0.8,0.4,Turkey,Ligi 1,Draw,Home Win
1.2,1.6,2.2,1.8,2.2,0.8,0.4,0.4,England,National league,Home Win,Away Win
0.8,0.6,1.2,1.0,2.6,2.6,0.2,0.2,Spain,La Liga Santandar ,Home Win,Home Win
0.6,1.2,1.4,1.4,1.8,2.2,0.2,0.4,Mexico,Liga MX,Home Win,Home Win
0.0,0.6,0.4,0.2,2.0,0.8,0.0,0.2,Ireland,Premier Division,Draw,Away Win
1.8,1.8,1.6,2.4,1.2,1.4,0.4,0.6,Ireland,Premier Division,Home Win,Home Win
2.6,1.0,1.6,0.8,0.2,1.4,0.8,0.2,Italy,Serie A,Away Win,Home Win
2.0,0.2,1.8,0.6,0.8,2.2,0.6,0.0,England,National league,Home Win,Home Win
1.8,0.6,1.0,0.6,0.6,1.0,0.4,0.0,Argentina,Liga Profesional,Draw,Home Win
1.6,1.0,1.2,0.8,0.6,1.2,0.4,0.2,England,English Football League Two,Draw,Home Win
2.4,1.0,1.6,1.0,0.8,1.6,0.8,0.2,England,English Championship,Home Win,Home Win
0.2,1.8,1.0,1.8,1.8,1.0,0.0,0.4,Denmark,Superliga,Draw,Away Win
2.2,1.2,2.2,1.6,1.2,1.8,0.6,0.4,Ireland,Premier Division,Home Win,Home Win
1.4,3.0,2.0,3.6,1.0,0.8,0.4,1.0,England,English Premier league,Draw,Away Win
1.6,2.0,0.8,1.4,0.6,0.8,0.4,0.6,Turkey,Ligi 1,Draw,Home Win
0.2,1.8,0.4,1.6,1.6,1.2,0.0,0.4,Switzerland,Super League,Draw,Away Win
2.2,1.0,1.4,0.6,0.8,0.6,0.6,0.0,Brazil,Serie A,Draw,Home Win
1.0,2.6,1.2,2.2,1.4,0.2,0.2,0.8,Denmark,Superliga,Home Win,Away Win
1.8,1.6,1.4,2.0,1.0,1.4,0.6,0.4,Italy,Serie A,Draw,Home Win
2.6,0.8,1.4,1.0,0.6,1.4,0.8,0.2,Italy,Serie A,Home Win,Home Win
3.0,0.4,3.0,0.0,0.0,1.8,1.0,0.0,Ireland,Premier Division,Home Win,Home Win
1.2,2.2,0.4,1.4,1.0,0.4,0.4,0.6,Ireland,Premier Division,Away Win,Away Win
1.8,1.6,1.2,1.4,1.4,1.2,0.6,0.4,Poland,Ekstraklasa,Home Win,Home Win
3.0,0.0,1.6,0.6,0.2,2.4,1.0,0.0,Romania,Liga 1,Home Win,Home Win
1.6,1.8,1.8,2.2,1.0,0.8,0.4,0.6,Scotland,Scottish League two,Away Win,Home Win
1.6,1.2,1.8,1.8,1.2,1.8,0.4,0.4,Germany,Bundesliga 1,Draw,Home Win
2.0,0.6,1.6,0.8,1.0,2.0,0.6,0.2,France,Ligue 2,Draw,Home Win
0.4,2.0,0.6,1.0,1.2,0.8,0.0,0.6,England,English Championship,Draw,Away Win
0.6,3.0,1.4,1.4,2.0,0.0,0.2,1.0,Finland,Veikkausliiga,Away Win,Away Win
0.2,2.2,1.2,0.6,2.8,0.0,0.0,0.6,Russia,Premier League,Away Win,Away Win
0.6,1.4,1.4,1.4,2.4,1.4,0.2,0.4,England,National league,Away Win,Away Win
3.0,0.4,2.2,0.6,0.0,1.2,1.0,0.0,Argentina,Liga Profesional,Home Win,Home Win
1.0,1.8,1.0,1.8,1.2,1.2,0.2,0.6,USA,MLS,Home Win,Home Win
2.2,1.4,0.8,1.4,0.2,0.8,0.6,0.2,Argentina,Liga Profesional,Home Win,Draw
1.2,1.8,1.6,3.0,2.2,2.8,0.4,0.6,Switzerland,Super League,Away Win,Home Win
0.4,1.2,0.8,1.4,2.0,1.8,0.0,0.4,Scotland,Scottish Premiership,Home Win,Home Win
2.2,0.0,2.2,1.6,1.2,4.2,0.6,0.0,Switzerland,Super League,Home Win,Home Win
1.8,2.2,1.6,2.8,0.8,0.6,0.4,0.6,Turkey,Ligi 1,Away Win,Draw
3.0,2.2,3.6,2.4,0.2,0.6,1.0,0.6,USA,MLS,Draw,Home Win
2.4,2.0,1.4,1.4,0.6,0.8,0.8,0.6,England,English Football League One,Home Win,Home Win
1.8,0.0,1.8,0.0,1.6,1.4,0.6,0.0,Mexico,Liga MX,Home Win,Home Win
0.6,1.4,1.0,1.0,1.4,1.8,0.0,0.4,Denmark,Superliga,Draw,Home Win
1.4,0.6,1.6,0.6,1.6,2.0,0.4,0.2,Sweden,Allsvenskan,Away Win,Home Win
0.8,1.6,1.4,1.0,2.2,0.6,0.2,0.4,England,National league,Away Win,Away Win
0.4,1.8,0.8,1.0,1.4,0.6,0.0,0.4,China,Super League,Home Win,Away Win
1.8,1.8,1.2,0.8,0.8,0.4,0.4,0.4,Argentina,Copa De La Liga Profesional,Draw,Draw
1.0,0.4,0.8,0.4,1.2,1.6,0.2,0.0,Poland,Ekstraklasa,Home Win,Home Win
1.8,3.0,1.0,2.8,0.6,1.0,0.4,1.0,Finland,Veikkausliiga,Away Win,Away Win
2.0,1.6,2.2,1.0,1.0,0.8,0.6,0.4,Italy,Serie B,Home Win,Home Win
2.2,1.6,1.6,2.4,0.8,1.0,0.6,0.4,Romania,Liga 1,Away Win,Home Win
0.0,0.2,0.2,1.2,1.4,3.2,0.0,0.0,France,Ligue 1,Away Win,Home Win
0.6,1.4,1.0,1.6,2.2,1.8,0.2,0.4,England,English Football League Two,Draw,Away Win
1.8,3.0,0.6,3.4,0.8,0.4,0.6,1.0,Ireland,Premier Division,Away Win,Away Win
1.6,1.8,1.6,1.8,1.4,2.0,0.4,0.6,Scotland,Scottish Championship,Home Win,Home Win
0.8,2.2,1.6,2.0,2.2,0.6,0.2,0.6,Greece,Ethniki Katigoria,Draw,Away Win
1.4,0.8,1.6,0.6,1.2,1.4,0.4,0.2,France,Ligue 2,Home Win,Home Win
1.4,1.4,1.4,2.0,1.2,1.2,0.4,0.4,Belgium,Jupiler League,Home Win,Home Win
0.6,1.4,1.4,1.0,2.2,1.0,0.0,0.4,Russia,Premier League,Draw,Home Win
1.8,1.4,1.6,0.8,1.4,0.8,0.6,0.4,Denmark,Superliga,Home Win,Home Win
1.8,1.8,1.6,2.0,1.2,1.4,0.6,0.6,USA,MLS,Home Win,Home Win
1.2,1.4,0.4,0.6,0.6,0.6,0.4,0.4,Japan,J1 League,Draw,Away Win
0.6,0.4,0.4,0.6,2.2,2.0,0.2,0.0,Romania,Liga 1,Home Win,Home Win
1.2,1.8,0.8,1.8,1.8,1.2,0.4,0.6,Ireland,Premier Division,Draw,Away Win
0.0,2.2,0.8,1.8,2.6,1.2,0.0,0.6,Spain,La Liga SmartBank,Away Win,Away Win
0.6,0.8,1.0,0.8,3.0,1.6,0.2,0.2,England,English Championship,Away Win,Home Win
0.6,2.4,1.0,1.6,2.8,0.6,0.2,0.8,Argentina,Liga Profesional,Home Win,Away Win
3.0,1.4,2.6,0.4,1.2,0.2,1.0,0.2,Mexico,Liga MX,Home Win,Home Win
1.8,0.0,1.8,0.4,0.8,2.2,0.6,0.0,Sweden,Allsvenskan,Home Win,Home Win
0.6,1.6,1.0,1.4,1.8,1.2,0.2,0.4,Spain,La Liga Santandar ,Home Win,Away Win
0.8,1.2,0.8,1.2,2.0,1.8,0.2,0.4,Greece,Ethniki Katigoria,Draw,Home Win
2.2,1.6,1.2,1.6,0.4,1.2,0.6,0.4,Russia,Premier League,Home Win,Home Win
0.0,3.0,1.0,2.0,2.0,0.6,0.0,1.0,Finland,Veikkausliiga,Away Win,Away Win
1.8,1.4,2.2,0.6,1.4,1.4,0.4,0.4,Argentina,Liga Profesional,Draw,Home Win
0.2,2.6,0.2,1.6,2.6,0.8,0.0,0.8,Brazil,Serie A,Away Win,Away Win
0.6,1.8,0.4,0.4,0.8,0.0,0.0,0.4,Argentina,Copa De La Liga Profesional,Draw,Draw
1.8,1.8,0.8,2.0,0.4,1.2,0.4,0.4,USA,MLS,Draw,Draw
1.2,1.8,1.6,1.0,1.8,1.6,0.4,0.6,Sweden,Allsvenskan,Away Win,Home Win
0.4,0.8,0.8,1.0,1.4,2.2,0.0,0.2,Germany,Bundesliga 1,Away Win,Home Win
1.8,1.4,0.4,0.8,0.0,0.4,0.4,0.4,Argentina,Copa De La Liga Profesional,Draw,Draw
2.2,2.2,1.2,1.2,0.6,0.6,0.6,0.6,Finland,Veikkausliiga,Draw,Home Win
1.4,1.4,2.0,1.2,1.2,1.2,0.4,0.4,USA,MLS,Draw,Home Win
0.2,0.6,0.8,0.6,2.2,1.0,0.0,0.0,Spain,La Liga SmartBank,Away Win,Home Win
1.6,1.8,1.2,1.2,0.8,1.4,0.4,0.6,Spain,La Liga SmartBank,Away Win,Home Win
1.8,2.2,2.0,2.2,1.6,0.4,0.4,0.6,Scotland,Scottish League one,Home Win,Away Win
1.4,2.0,1.4,1.2,1.2,0.8,0.2,0.6,Greece,Ethniki Katigoria,Draw,Draw
1.0,1.6,0.8,1.4,0.8,1.4,0.2,0.4,Netherlands,KPN Eredivisie,Home Win,Home Win
1.8,1.0,2.0,1.2,1.4,1.0,0.4,0.2,Portugal,Liga I,Away Win,Home Win
1.0,3.0,1.6,2.8,1.4,0.8,0.2,1.0,China,Super League,Away Win,Away Win
0.2,1.8,0.4,1.0,2.0,0.2,0.0,0.4,England,English Football League One,Draw,Away Win
1.6,0.6,1.2,1.0,0.6,1.8,0.4,0.0,Poland,Ekstraklasa,Away Win,Home Win
1.8,0.6,1.2,0.4,0.8,0.8,0.4,0.0,Argentina,Liga Profesional,Draw,Home Win
2.2,1.6,2.6,0.8,0.4,1.0,0.6,0.4,Switzerland,Super League,Home Win,Home Win
1.0,1.6,0.6,0.4,1.2,0.2,0.2,0.4,Argentina,Copa De La Liga Profesional,Home Win,Draw
1.4,0.6,0.8,0.4,0.6,1.4,0.2,0.0,England,National league,Away Win,Home Win
1.0,1.8,0.2,3.0,0.2,1.8,0.0,0.4,USA,MLS,Draw,Draw
0.6,2.2,0.8,1.2,1.8,0.4,0.2,0.6,Japan,J1 League,Draw,Away Win
1.6,1.2,0.8,0.8,0.8,0.6,0.4,0.4,Argentina,Liga Profesional,Home Win,Home Win
0.6,0.5,0.4,0.5,1.2,1.0,0.0,0.0,Poland,Ekstraklasa,Away Win,Draw
0.8,2.0,1.2,2.2,2.4,1.2,0.2,0.6,Italy,Serie A,Draw,Away Win
2.6,1.2,2.4,1.0,0.8,0.8,0.8,0.2,Scotland,Scottish Premiership,Home Win,Home Win
1.4,1.4,1.2,1.4,0.4,1.2,0.4,0.4,Netherlands,KPN Eredivisie,Draw,Home Win
1.4,1.8,1.8,1.0,1.8,0.6,0.4,0.4,Austria,Bundesliga,Draw,Away Win
1.4,0.2,1.2,0.6,1.6,1.6,0.4,0.0,Italy,Serie B,Home Win,Home Win
1.4,1.2,1.8,1.8,1.2,2.0,0.4,0.4,Turkey,Ligi 1,Away Win,Home Win
1.0,2.0,1.2,1.6,1.2,1.2,0.0,0.6,Italy,Serie A,Home Win,Draw
1.2,0.4,1.0,0.0,2.2,1.4,0.4,0.0,Austria,Bundesliga,Home Win,Home Win
2.0,1.0,1.0,1.0,0.4,1.2,0.6,0.2,Spain,La Liga Santandar ,Home Win,Home Win
1.2,0.4,2.0,0.2,2.0,1.4,0.4,0.0,France,Ligue 1,Away Win,Home Win
2.6,0.4,1.6,1.8,0.4,2.8,0.8,0.0,England,English Football League Two,Away Win,Home Win
2.6,1.8,1.8,2.2,1.0,1.8,0.8,0.4,Brazil,Serie A,Draw,Home Win
2.6,1.8,0.8,0.8,0.0,0.4,0.8,0.4,China,Super League,Draw,Home Win
0.6,3.0,1.6,2.2,2.4,0.4,0.0,1.0,Ireland,Premier Division,Draw,Away Win
1.2,1.2,1.4,0.6,1.2,0.8,0.4,0.2,Italy,Serie A,Away Win,Home Win
1.2,2.0,0.6,1.4,0.8,0.8,0.4,0.6,Germany,Bundesliga 2,Draw,Away Win
2.4,2.6,2.6,4.2,1.4,1.0,0.8,0.8,Portugal,Liga I,Away Win,Away Win
0.6,1.8,1.0,2.2,2.2,1.6,0.0,0.6,USA,MLS,Away Win,Home Win
1.4,1.6,0.6,1.6,0.8,1.0,0.4,0.4,France,Ligue 2,Away Win,Home Win
0.6,0.6,1.2,1.4,1.6,1.6,0.2,0.2,England,English Football League Two,Home Win,Home Win
2.0,0.6,1.6,0.8,1.2,1.6,0.6,0.0,England,English Football League One,Away Win,Home Win
2.6,1.4,2.0,2.0,0.8,1.6,0.8,0.4,Switzerland,Super League,Draw,Home Win
1.0,0.0,0.8,0.8,1.8,2.2,0.2,0.0,Mexico,Liga MX,Draw,Home Win
1.6,1.8,1.6,1.2,1.0,1.0,0.4,0.6,Mexico,Liga MX,Away Win,Home Win
1.0,0.8,1.0,0.8,1.6,1.4,0.2,0.0,Scotland,Scottish Premiership,Away Win,Home Win
0.4,0.2,1.0,0.8,2.4,2.8,0.0,0.0,Belgium,Jupiler League,Home Win,Home Win
0.6,1.0,0.4,0.8,1.2,1.4,0.2,0.2,Portugal,Liga I,Away Win,Home Win
1.0,0.4,1.0,0.0,2.0,0.6,0.2,0.0,Switzerland,Super League,Home Win,Home Win
1.2,0.8,1.0,0.6,1.0,2.2,0.2,0.2,England,English Premier league,Home Win,Home Win
1.0,0.2,1.4,0.4,1.6,1.4,0.2,0.0,England,English Football League One,Away Win,Home Win
1.6,1.2,1.8,1.4,1.2,1.6,0.4,0.2,Turkey,Ligi 1,Home Win,Home Win
0.4,0.0,1.6,0.0,3.4,1.8,0.0,0.0,Russia,Premier League,Draw,Home Win
1.8,1.0,0.8,0.6,0.0,0.8,0.4,0.2,Spain,La Liga SmartBank,Home Win,Home Win
1.6,0.6,1.4,0.8,1.2,2.4,0.4,0.2,England,National league,Home Win,Home Win
0.4,1.4,0.6,1.0,1.4,1.0,0.0,0.4,Turkey,Ligi 1,Draw,Away Win
1.8,0.8,1.8,1.2,1.0,2.2,0.6,0.2,England,English Championship,Home Win,Home Win
2.4,1.2,1.4,1.2,0.4,1.0,0.8,0.4,England,English Football League One,Away Win,Home Win
2.0,0.8,1.6,0.8,1.0,1.4,0.6,0.2,England,English Football League Two,Home Win,Home Win
1.8,2.2,1.0,2.4,0.6,1.8,0.4,0.6,Poland,Ekstraklasa,Home Win,Draw
1.2,0.4,1.0,1.0,1.4,2.0,0.4,0.0,Russia,Premier League,Draw,Home Win
2.6,0.4,2.0,0.4,0.6,1.2,0.8,0.0,Portugal,Liga I,Home Win,Home Win
0.0,2.2,1.2,2.2,2.8,0.8,0.0,0.6,Switzerland,Super League,Home Win,Away Win
1.4,0.8,2.0,0.6,1.4,1.0,0.4,0.0,England,English Premier league,Draw,Home Win
1.2,1.2,1.8,2.0,1.2,1.8,0.4,0.4,Portugal,Liga I,Home Win,Home Win
1.6,2.2,0.8,1.6,0.8,0.8,0.4,0.6,China,Super League,Away Win,Draw
2.2,0.2,2.2,0.4,0.4,2.0,0.6,0.0,Greece,Ethniki Katigoria,Home Win,Home Win
0.4,1.8,0.8,1.6,1.6,1.6,0.0,0.6,Mexico,Liga MX,Away Win,Away Win
1.2,1.6,0.8,1.4,0.8,1.6,0.2,0.4,Italy,Serie B,Home Win,Draw
1.4,1.6,1.6,1.0,1.6,1.0,0.4,0.4,England,English Football League Two,Draw,Home Win
1.2,1.0,2.0,0.6,1.4,0.4,0.4,0.2,Sweden,Allsvenskan,Away Win,Home Win
2.4,3.0,1.8,2.6,1.0,1.0,0.8,1.0,Sweden,Allsvenskan,Away Win,Home Win
1.0,1.8,0.8,1.8,0.8,1.6,0.0,0.6,Sweden,Allsvenskan,Home Win,Home Win
1.0,2.2,1.0,1.4,0.6,0.2,0.2,0.6,Scotland,Scottish League one,Draw,Away Win
2.2,1.6,1.4,1.6,0.4,0.2,0.6,0.4,Argentina,Copa De La Liga Profesional,Home Win,Draw
1.0,0.6,1.0,2.0,0.8,2.6,0.2,0.2,Japan,J1 League,Home Win,Home Win
1.8,1.2,1.6,0.8,1.8,2.2,0.6,0.4,Turkey,Ligi 1,Home Win,Home Win
1.0,1.4,1.0,1.4,1.4,1.4,0.2,0.4,Portugal,Liga I,Draw,Home Win
3.0,1.6,2.0,0.4,0.0,0.4,1.0,0.4,Brazil,Serie A,Home Win,Home Win
1.0,1.8,1.4,1.4,1.4,1.6,0.2,0.6,England,English Football League Two,Away Win,Home Win
1.2,0.8,1.8,0.8,1.6,1.2,0.4,0.0,Ireland,Premier Division,Home Win,Home Win
3.0,0.0,1.4,0.4,0.0,2.2,1.0,0.0,Ireland,Premier Division,Home Win,Home Win
2.6,0.0,3.0,0.8,0.6,2.6,0.8,0.0,Romania,Liga 1,Home Win,Home Win
1.6,1.4,0.8,1.8,1.0,1.2,0.4,0.2,Brazil,Serie A,Away Win,Draw
1.4,1.6,1.6,1.6,1.2,0.6,0.4,0.4,Netherlands,KPN Eredivisie,Away Win,Home Win
0.0,1.8,0.4,1.0,2.2,0.8,0.0,0.6,Japan,J1 League,Away Win,Away Win
1.8,2.0,1.6,2.4,1.8,1.2,0.6,0.6,England,English Premier league,Away Win,Home Win
2.4,0.4,2.4,0.8,1.2,2.0,0.8,0.0,England,English Football League One,Home Win,Home Win
2.6,1.0,1.8,1.8,1.0,1.8,0.8,0.0,Switzerland,Super League,Draw,Home Win
0.6,0.0,0.8,0.2,1.4,1.2,0.2,0.0,Switzerland,Super League,Home Win,Home Win
0.0,0.6,0.0,1.4,2.2,2.2,0.0,0.0,Austria,Bundesliga,Away Win,Away Win
1.4,1.4,1.2,1.0,1.0,1.0,0.2,0.4,Turkey,Ligi 1,Home Win,Home Win
1.4,2.6,0.6,2.4,0.4,0.4,0.2,0.8,Brazil,Serie A,Draw,Draw
1.2,0.8,1.0,2.0,1.4,2.8,0.4,0.2,England,National league,Home Win,Home Win
0.2,1.0,0.8,1.0,1.8,1.4,0.0,0.2,Italy,Serie A,Away Win,Away Win
1.0,1.2,1.2,1.2,1.8,1.4,0.2,0.4,Germany,Bundesliga 1,Away Win,Home Win
1.0,1.6,1.6,1.2,1.6,1.0,0.2,0.4,USA,MLS,Away Win,Home Win
1.4,0.4,1.2,0.6,1.6,2.6,0.4,0.0,England,English Football League One,Home Win,Home Win
0.4,1.4,1.8,1.6,3.6,1.0,0.0,0.2,USA,MLS,Away Win,Draw
2.2,1.4,1.6,1.4,0.4,1.6,0.6,0.4,Belgium,Jupiler League,Away Win,Home Win
0.4,3.0,0.0,3.6,1.4,0.0,0.0,1.0,Argentina,Copa De La Liga Profesional,Draw,Away Win
1.6,0.8,1.6,1.0,1.0,3.0,0.4,0.2,England,National league,Home Win,Home Win
3.0,1.6,2.0,1.0,0.6,1.2,1.0,0.4,Poland,Ekstraklasa,Home Win,Home Win
3.0,1.4,3.0,2.4,0.6,1.8,1.0,0.4,Scotland,Scottish Premiership,Away Win,Home Win
0.8,2.2,0.8,0.8,1.4,0.2,0.2,0.6,Italy,Serie B,Draw,Away Win
2.6,0.8,2.2,0.8,0.0,1.4,0.8,0.2,Turkey,Ligi 1,Home Win,Home Win
1.8,0.4,1.8,0.0,0.4,0.6,0.6,0.0,China,Super League,Home Win,Home Win
2.2,3.0,2.0,2.4,0.6,0.0,0.6,1.0,Poland,Ekstraklasa,Away Win,Home Win
1.4,1.2,1.6,1.0,1.6,1.2,0.4,0.4,Italy,Serie B,Home Win,Home Win
2.4,0.4,2.2,0.6,0.8,2.0,0.8,0.0,England,English Championship,Home Win,Home Win
1.8,1.2,2.0,1.8,1.8,2.0,0.6,0.4,Poland,Ekstraklasa,Home Win,Home Win
0.2,0.6,0.6,0.6,3.0,1.0,0.0,0.0,USA,MLS,Draw,Draw
1.8,1.0,1.2,0.8,1.0,1.8,0.6,0.2,England,English Premier league,Home Win,Home Win
1.0,1.2,1.2,1.2,1.8,1.6,0.2,0.4,Netherlands,KPN Eredivisie,Draw,Home Win
0.8,3.0,0.8,2.0,1.2,0.8,0.0,1.0,Mexico,Liga MX,Away Win,Away Win
0.4,1.8,1.2,1.0,2.6,0.8,0.0,0.6,Russia,Premier League,Away Win,Away Win
1.0,1.4,1.4,0.8,1.6,1.2,0.2,0.4,Portugal,Liga I,Draw,Home Win
1.6,2.6,2.0,2.4,1.0,0.4,0.4,0.8,USA,MLS,Draw,Home Win
1.8,2.2,1.6,1.0,0.8,0.0,0.4,0.6,Brazil,Serie A,Home Win,Home Win
1.4,0.8,1.0,0.8,1.4,1.8,0.4,0.2,France,Ligue 1,Away Win,Home Win
1.2,0.6,2.0,1.0,1.0,2.0,0.4,0.2,Denmark,Superliga,Away Win,Home Win
0.6,2.4,1.6,2.6,2.2,2.0,0.2,0.8,USA,MLS,Home Win,Away Win
1.4,1.8,2.0,1.2,1.2,0.0,0.4,0.4,Argentina,Copa De La Liga Profesional,Draw,Draw
1.0,0.4,1.4,0.8,2.4,2.6,0.2,0.0,Russia,Premier League,Home Win,Home Win
1.6,1.4,1.6,1.2,1.0,1.0,0.4,0.2,Netherlands,KPN Eredivisie,Away Win,Home Win
0.0,1.6,0.4,2.2,3.2,1.6,0.0,0.4,Germany,Bundesliga 1,Draw,Away Win
1.2,1.2,0.6,1.4,1.6,1.8,0.4,0.4,Spain,La Liga Santandar ,Home Win,Home Win
1.0,1.6,1.2,1.0,1.4,0.8,0.2,0.4,Portugal,Liga I,Draw,Home Win
2.6,0.4,2.0,0.6,0.8,2.4,0.8,0.0,USA,MLS,Draw,Home Win
2.2,0.2,2.8,0.0,0.8,0.8,0.6,0.0,Ireland,Premier Division,Away Win,Home Win
1.4,0.6,1.8,0.2,1.0,0.6,0.4,0.0,Mexico,Liga MX,Draw,Home Win
0.6,1.0,0.4,0.4,1.2,1.2,0.2,0.2,Scotland,Scottish Premiership,Draw,Home Win
2.2,1.0,1.4,0.8,0.6,0.8,0.6,0.0,USA,MLS,Home Win,Home Win
0.8,2.4,1.0,1.2,1.0,0.4,0.2,0.8,England,English Football League Two,Away Win,Away Win
0.0,2.2,0.0,1.8,2.2,0.8,0.0,0.6,Argentina,Copa De La Liga Profesional,Away Win,Away Win
1.2,2.4,0.6,1.8,0.6,0.6,0.2,0.8,Spain,La Liga SmartBank,Draw,Draw
0.6,1.8,1.2,1.4,2.0,1.6,0.0,0.6,Sweden,Allsvenskan,Home Win,Away Win
0.2,1.6,0.4,1.2,1.2,1.0,0.0,0.4,Spain,La Liga Santandar ,Draw,Away Win
1.2,0.4,1.2,1.6,1.2,2.8,0.4,0.0,Norway,Eliteserien,Home Win,Home Win
1.8,0.0,1.6,0.0,0.8,2.4,0.6,0.0,Finland,Veikkausliiga,Home Win,Home Win
1.0,1.8,0.8,2.2,2.0,2.0,0.2,0.6,Scotland,Scottish Championship,Home Win,Away Win
2.2,2.0,1.4,1.8,0.4,0.6,0.6,0.6,Scotland,Scottish League two,Home Win,Home Win
2.6,0.6,2.2,1.0,0.0,2.2,0.8,0.2,Italy,Serie B,Home Win,Home Win
1.0,0.2,1.2,1.0,1.4,2.6,0.2,0.0,Poland,Ekstraklasa,Home Win,Home Win
1.0,1.0,0.4,1.2,0.8,1.4,0.2,0.2,England,English Football League Two,Home Win,Home Win
1.4,1.0,2.6,1.4,1.4,1.4,0.4,0.0,Romania,Liga 1,Draw,Home Win
0.6,0.2,1.0,0.0,2.2,2.8,0.2,0.0,USA,MLS,Home Win,Home Win
1.6,0.8,0.6,0.8,0.8,1.8,0.4,0.2,France,Ligue 2,Draw,Home Win
1.4,2.2,1.2,1.8,1.4,0.6,0.4,0.6,England,National league,Away Win,Away Win
1.8,0.4,2.6,0.8,1.6,1.8,0.6,0.0,Switzerland,Super League,Home Win,Home Win
1.8,1.6,1.0,1.4,0.8,1.2,0.6,0.4,France,Ligue 1,Home Win,Home Win
0.6,0.4,1.6,0.6,3.0,1.6,0.2,0.0,USA,MLS,Home Win,Home Win
0.2,0.2,0.6,1.2,3.0,2.6,0.0,0.0,England,English Premier league,Home Win,Home Win
0.6,0.8,1.4,0.6,2.0,1.6,0.2,0.2,England,English Football League Two,Away Win,Home Win
1.4,1.6,0.8,1.0,1.2,1.2,0.4,0.4,Italy,Serie A,Draw,Home Win
1.6,2.4,0.6,1.8,0.6,0.8,0.4,0.8,Argentina,Liga Profesional,Home Win,Home Win
1.4,0.4,0.6,0.4,0.4,1.0,0.2,0.0,China,Super League,Home Win,Home Win
0.8,0.8,0.8,0.6,2.0,0.8,0.2,0.0,England,English Football League One,Away Win,Draw
0.8,2.6,0.6,2.4,1.0,1.0,0.2,0.8,France,Ligue 1,Away Win,Away Win
1.2,1.4,1.2,1.0,1.4,1.2,0.4,0.4,England,English Football League One,Home Win,Home Win
0.8,1.4,0.6,1.2,1.8,1.8,0.2,0.4,France,Ligue 2,Draw,Home Win
0.2,0.6,1.8,1.0,2.6,1.4,0.0,0.0,USA,MLS,Draw,Home Win
1.6,2.0,1.2,1.2,0.8,0.8,0.4,0.6,Netherlands,KPN Eredivisie,Home Win,Home Win
1.8,1.6,1.6,1.4,1.6,1.2,0.6,0.4,Brazil,Serie A,Away Win,Home Win
1.0,2.4,0.2,2.0,0.2,0.2,0.0,0.8,Argentina,Copa De La Liga Profesional,Draw,Draw
0.0,0.6,0.2,1.6,1.6,2.4,0.0,0.2,Russia,Premier League,Home Win,Home Win
1.4,1.4,2.0,0.8,2.4,1.0,0.4,0.4,England,English Premier league,Draw,Home Win
1.2,1.8,0.6,1.2,1.8,0.8,0.4,0.4,Poland,Ekstraklasa,Away Win,Away Win
1.6,1.6,2.2,1.4,1.8,1.2,0.4,0.4,France,Ligue 2,Home Win,Home Win
1.8,1.8,2.6,1.4,1.8,0.8,0.6,0.6,USA,MLS,Draw,Home Win
2.2,0.0,2.0,0.0,0.4,3.2,0.6,0.0,Brazil,Serie A,Home Win,Home Win
1.6,1.8,1.4,1.2,1.2,0.6,0.4,0.4,Scotland,Scottish League two,Draw,Draw
1.8,1.4,1.0,1.6,0.4,0.6,0.4,0.4,Italy,Serie B,Home Win,Draw
1.4,0.6,1.6,0.0,1.6,0.4,0.4,0.0,Argentina,Copa De La Liga Profesional,Draw,Home Win
1.0,0.2,1.0,0.8,1.2,2.0,0.2,0.0,Switzerland,Super League,Draw,Home Win
2.0,1.0,0.8,0.8,0.4,1.6,0.6,0.2,Spain,La Liga SmartBank,Home Win,Home Win
1.4,0.8,1.0,1.0,1.6,1.8,0.4,0.2,England,English Championship,Draw,Home Win
1.4,3.0,1.4,3.2,2.2,0.2,0.4,1.0,Scotland,Scottish Premiership,Draw,Away Win
1.4,1.4,1.8,1.8,1.0,1.2,0.4,0.4,Turkey,Ligi 1,Away Win,Home Win
0.4,1.0,0.8,1.0,2.2,1.2,0.0,0.2,Switzerland,Super League,Away Win,Home Win
2.4,1.0,2.2,1.4,1.2,1.6,0.8,0.2,Spain,La Liga Santandar ,Home Win,Home Win
1.8,1.6,1.6,0.8,1.6,1.0,0.6,0.4,Romania,Liga 1,Away Win,Home Win
1.2,1.4,1.6,1.2,1.4,1.2,0.4,0.4,England,English Premier league,Draw,Home Win
0.0,0.0,0.4,1.2,1.4,2.4,0.0,0.0,Sweden,Allsvenskan,Draw,Home Win
3.0,1.4,3.0,1.8,0.4,2.2,1.0,0.4,Netherlands,KPN Eredivisie,Draw,Home Win
0.6,0.8,0.4,1.2,1.6,1.6,0.2,0.0,USA,MLS,Home Win,Home Win
1.0,3.0,1.6,2.2,1.4,0.2,0.2,1.0,Brazil,Serie A,Away Win,Away Win
0.6,0.4,1.6,0.6,3.0,1.2,0.2,0.0,Switzerland,Super League,Home Win,Home Win
1.4,1.6,1.8,1.4,1.6,1.0,0.4,0.4,England,National league,Away Win,Home Win
0.8,1.4,1.0,1.4,1.8,1.2,0.2,0.4,Germany,Bundesliga 1,Draw,Home Win
0.0,1.0,0.6,0.4,3.4,0.4,0.0,0.0,Poland,Ekstraklasa,Draw,Draw
0.2,1.4,0.8,1.0,1.8,1.4,0.0,0.4,England,National league,Away Win,Away Win
2.6,1.0,1.8,0.8,0.6,1.2,0.8,0.2,Mexico,Liga MX,Home Win,Home Win
1.6,1.4,1.6,1.4,1.0,1.6,0.4,0.4,France,Ligue 1,Away Win,Home Win
0.4,1.6,0.4,1.4,1.0,1.6,0.0,0.4,USA,MLS,Draw,Draw
3.0,1.2,3.6,1.0,1.0,1.6,1.0,0.4,Sweden,Allsvenskan,Home Win,Home Win
2.4,1.4,2.6,1.4,0.8,1.2,0.8,0.2,Sweden,Allsvenskan,Home Win,Home Win
1.6,1.6,1.2,1.0,1.0,0.8,0.4,0.4,Italy,Serie B,Draw,Draw
0.6,1.0,1.0,0.4,1.4,0.8,0.0,0.2,Brazil,Serie A,Away Win,Home Win
1.0,1.6,0.8,1.0,1.4,0.4,0.2,0.4,Italy,Serie A,Away Win,Away Win
0.4,2.2,0.6,1.8,1.4,0.2,0.0,0.6,USA,MLS,Away Win,Away Win
2.2,0.8,2.0,1.8,0.4,1.8,0.6,0.2,Germany,Bundesliga 1,Draw,Home Win
0.8,1.0,1.0,1.4,1.8,2.0,0.2,0.2,France,Ligue 2,Home Win,Home Win
2.4,1.2,1.6,2.6,0.6,1.2,0.8,0.4,Poland,Ekstraklasa,Draw,Home Win
0.8,2.0,1.8,1.8,2.0,1.2,0.2,0.6,Germany,Bundesliga 1,Away Win,Away Win
1.6,3.0,1.4,2.6,0.8,1.0,0.4,1.0,France,Ligue 2,Draw,Away Win
0.4,0.8,1.6,0.8,2.2,1.6,0.0,0.2,Greece,Ethniki Katigoria,Away Win,Home Win
2.4,1.0,1.8,1.2,1.2,1.0,0.8,0.2,Finland,Veikkausliiga,Away Win,Home Win
3.0,1.4,3.2,1.6,0.8,1.2,1.0,0.4,Spain,La Liga SmartBank,Draw,Home Win
2.2,1.6,2.0,2.0,0.8,1.6,0.6,0.4,Austria,Bundesliga,Home Win,Home Win
3.0,1.4,3.2,1.6,1.0,1.6,1.0,0.4,Denmark,Superliga,Home Win,Home Win
1.8,1.0,1.8,1.2,0.6,1.4,0.6,0.2,Poland,Ekstraklasa,Draw,Home Win
0.6,0.2,0.0,1.2,0.4,2.4,0.0,0.0,USA,MLS,Draw,Home Win
1.0,2.4,0.4,1.2,0.4,0.8,0.2,0.8,Argentina,Copa De La Liga Profesional,Home Win,Away Win
2.0,1.4,3.0,1.2,1.4,1.4,0.6,0.4,England,National league,Away Win,Home Win
1.6,1.4,2.0,1.2,1.8,1.0,0.4,0.4,England,English Championship,Home Win,Home Win
0.4,2.2,1.8,1.4,3.2,0.4,0.0,0.6,Poland,Ekstraklasa,Away Win,Away Win
0.2,0.0,0.2,1.6,2.2,3.0,0.0,0.0,Mexico,Liga MX,Draw,Home Win
1.0,1.8,1.0,1.0,1.0,0.6,0.2,0.4,Austria,Bundesliga,Home Win,Draw
0.0,0.8,0.2,1.4,1.6,2.2,0.0,0.2,Italy,Serie A,Draw,Away Win
1.4,1.8,1.8,2.0,1.6,2.2,0.2,0.6,Mexico,Liga MX,Home Win,Home Win
0.4,1.4,0.6,1.0,1.8,0.8,0.0,0.4,Italy,Serie A,Draw,Away Win
0.0,2.2,1.0,1.4,3.0,0.6,0.0,0.6,Argentina,Copa De La Liga Profesional,Away Win,Away Win
1.0,0.8,0.8,0.8,2.0,1.0,0.2,0.2,England,English Premier league,Away Win,Home Win
1.4,1.2,1.4,0.4,1.4,1.2,0.4,0.4,England,English Premier league,Home Win,Home Win
2.2,0.4,1.8,0.4,0.8,1.8,0.6,0.0,Poland,Ekstraklasa,Home Win,Home Win
1.4,2.4,1.0,1.4,0.6,0.6,0.2,0.8,Ireland,Premier Division,Home Win,Draw
1.8,2.0,2.0,2.4,1.2,1.2,0.6,0.6,England,English Premier league,Home Win,Home Win
2.0,1.0,1.0,1.6,0.6,2.4,0.6,0.2,England,National league,Home Win,Home Win
1.6,1.4,1.0,1.8,1.8,1.8,0.4,0.4,Belgium,Jupiler League,Away Win,Home Win
3.0,0.6,2.6,1.0,0.0,2.6,1.0,0.0,Poland,Ekstraklasa,Home Win,Home Win
3.0,0.4,1.6,0.0,0.0,1.6,1.0,0.0,Finland,Veikkausliiga,Home Win,Home Win
0.6,0.6,1.0,0.6,2.0,1.4,0.2,0.2,England,National league,Home Win,Home Win
0.6,0.8,0.8,1.2,1.8,1.8,0.2,0.2,France,Ligue 2,Away Win,Home Win
2.4,1.2,2.4,0.8,0.8,0.8,0.8,0.2,Greece,Ethniki Katigoria,Home Win,Home Win
0.6,2.0,1.0,2.8,3.0,0.8,0.2,0.6,Netherlands,KPN Eredivisie,Away Win,Away Win
0.6,1.0,0.0,0.4,0.4,0.4,0.0,0.0,Argentina,Copa De La Liga Profesional,Home Win,Draw
0.0,1.8,1.4,1.6,2.4,1.8,0.0,0.6,Denmark,Superliga,Away Win,Away Win
1.6,0.4,1.6,0.6,1.4,1.4,0.4,0.0,England,English Championship,Away Win,Home Win
3.0,0.4,3.4,0.8,0.6,1.8,1.0,0.0,Mexico,Liga MX,Home Win,Home Win
0.6,2.6,1.0,2.4,2.8,1.2,0.2,0.8,Germany,Bundesliga 2,Draw,Away Win
0.4,0.4,0.4,0.4,1.6,1.2,0.0,0.0,Scotland,Scottish League two,Home Win,Home Win
1.2,0.6,1.4,1.2,2.0,2.6,0.4,0.2,Norway,Eliteserien,Away Win,Home Win
3.0,1.2,1.8,1.0,0.2,1.0,1.0,0.2,Italy,Serie A,Draw,Home Win
1.0,1.6,0.2,1.2,0.4,1.0,0.2,0.4,Finland,Veikkausliiga,Home Win,Away Win
1.8,1.4,1.2,2.0,0.8,1.6,0.4,0.2,Belgium,Jupiler League,Draw,Draw
1.8,0.4,0.8,0.6,0.4,1.2,0.4,0.0,Argentina,Copa De La Liga Profesional,Home Win,Home Win
2.2,0.6,3.4,0.6,1.0,1.0,0.6,0.0,Switzerland,Super League,Draw,Home Win
2.4,2.2,1.6,1.4,0.2,0.8,0.8,0.6,Sweden,Allsvenskan,Away Win,Home Win
1.2,1.6,0.8,1.8,1.4,1.6,0.4,0.4,Spain,La Liga SmartBank,Home Win,Home Win
2.6,1.0,3.2,0.6,1.2,2.0,0.8,0.2,China,Super League,Home Win,Home Win
2.6,1.2,2.4,1.6,0.8,1.4,0.8,0.4,USA,MLS,Away Win,Home Win
1.4,0.4,1.8,0.8,1.6,1.8,0.2,0.0,Ireland,Premier Division,Home Win,Home Win
1.4,1.6,1.0,1.8,1.0,0.8,0.4,0.4,Switzerland,Super League,Home Win,Home Win
2.6,0.6,2.0,0.4,0.4,1.2,0.8,0.0,Argentina,Liga Profesional,Draw,Home Win
1.0,2.2,1.0,1.4,1.4,0.6,0.2,0.6,France,Ligue 2,Home Win,Away Win
2.2,0.8,3.0,0.6,1.6,1.2,0.6,0.2,Netherlands,KPN Eredivisie,Home Win,Home Win
2.4,0.6,2.0,0.6,0.6,1.0,0.8,0.0,Italy,Serie A,Home Win,Home Win
0.8,1.2,1.2,1.0,1.8,0.8,0.2,0.2,England,National league,Home Win,Away Win
1.8,2.4,2.6,2.6,1.0,2.2,0.6,0.8,Norway,Eliteserien,Home Win,Home Win
2.2,2.0,1.6,1.4,0.8,0.8,0.6,0.6,France,Ligue 1,Home Win,Home Win
1.0,0.4,1.2,1.2,1.2,2.0,0.2,0.0,Poland,Ekstraklasa,Home Win,Home Win
1.4,1.2,1.4,2.0,1.2,2.2,0.2,0.4,Austria,Bundesliga,Home Win,Home Win
0.2,2.4,0.8,1.2,2.4,0.4,0.0,0.8,Argentina,Copa De La Liga Profesional,Draw,Away Win
0.6,0.8,0.6,1.4,3.4,1.8,0.2,0.0,USA,MLS,Home Win,Draw
1.4,0.0,1.6,0.6,1.4,2.4,0.2,0.0,Denmark,Superliga,Home Win,Home Win
1.0,1.8,1.6,1.0,1.6,0.8,0.2,0.6,Romania,Liga 1,Home Win,Home Win
1.2,1.4,1.6,1.2,1.4,1.4,0.2,0.4,England,English Championship,Draw,Home Win
2.2,0.0,2.6,1.2,0.8,2.6,0.6,0.0,China,Super League,Home Win,Home Win
1.8,0.8,1.4,0.2,1.8,0.6,0.6,0.0,Finland,Veikkausliiga,Home Win,Home Win
1.0,1.8,1.4,2.0,2.4,2.8,0.2,0.6,Norway,Eliteserien,Draw,Home Win
1.0,1.4,1.4,1.0,1.4,1.0,0.0,0.4,Switzerland,Super League,Draw,Home Win
1.8,1.0,2.2,1.2,1.6,1.4,0.6,0.2,Brazil,Serie A,Draw,Home Win
0.8,1.0,0.2,0.8,0.8,0.8,0.2,0.2,Spain,La Liga SmartBank,Draw,Home Win
0.8,1.0,1.4,1.2,2.2,2.8,0.2,0.2,France,Ligue 1,Away Win,Home Win
1.6,1.0,1.2,2.2,1.0,2.6,0.4,0.2,Ireland,Premier Division,Home Win,Home Win
1.4,1.0,1.8,1.0,0.6,1.8,0.4,0.2,Scotland,Scottish League two,Away Win,Home Win
0.6,2.4,0.2,2.8,0.8,0.6,0.2,0.8,Poland,Ekstraklasa,Home Win,Away Win
1.2,1.4,1.2,2.2,1.2,1.6,0.2,0.4,Scotland,Scottish League two,Home Win,Home Win
0.8,1.6,1.4,1.4,1.6,1.0,0.0,0.4,Scotland,Scottish Championship,Away Win,Draw
0.6,0.0,0.8,0.6,1.8,1.6,0.2,0.0,Argentina,Liga Profesional,Home Win,Home Win
1.6,1.4,2.0,0.4,1.4,0.8,0.4,0.4,England,English Football League Two,Away Win,Home Win
0.4,1.0,1.4,1.4,2.6,2.0,0.0,0.2,Scotland,Scottish League one,Away Win,Away Win
1.2,0.4,0.6,1.8,1.8,3.2,0.4,0.0,England,National league,Draw,Home Win
0.2,1.6,0.8,1.2,2.4,1.2,0.0,0.4,Turkey,Ligi 1,Home Win,Away Win
2.6,1.0,1.4,1.2,0.4,1.6,0.8,0.2,France,Ligue 1,Home Win,Home Win
1.8,1.8,2.0,1.6,1.4,1.0,0.4,0.4,Spain,La Liga SmartBank,Home Win,Draw
0.6,1.8,0.4,2.4,0.8,0.8,0.0,0.4,Romania,Liga 1,Draw,Draw
2.2,0.6,2.4,1.0,1.2,1.8,0.6,0.2,Spain,La Liga Santandar ,Home Win,Home Win
0.4,2.0,0.4,2.2,1.4,0.6,0.0,0.6,England,English Championship,Away Win,Away Win
1.6,1.8,2.0,1.0,1.0,0.2,0.4,0.4,Japan,J1 League,Away Win,Home Win
1.2,3.0,0.8,2.6,0.6,0.0,0.4,1.0,Brazil,Serie A,Away Win,Away Win
1.8,2.6,0.4,1.6,0.0,0.0,0.4,0.8,Argentina,Liga Profesional,Draw,Draw
1.6,2.2,1.8,3.0,1.6,1.2,0.4,0.6,China,Super League,Home Win,Draw
2.0,0.8,3.0,1.0,1.4,1.2,0.6,0.2,Scotland,Scottish League one,Draw,Home Win
1.4,1.6,0.6,1.6,0.4,1.4,0.2,0.4,Ireland,Premier Division,Home Win,Draw
1.6,0.8,2.0,0.8,1.0,1.2,0.4,0.2,England,National league,Home Win,Home Win
1.0,1.2,1.0,1.2,1.6,1.4,0.2,0.4,Argentina,Liga Profesional,Home Win,Home Win
1.4,1.4,2.4,1.0,1.6,0.8,0.4,0.2,Russia,Premier League,Home Win,Home Win
1.0,1.0,1.0,1.4,1.8,1.4,0.2,0.2,England,English Football League Two,Draw,Home Win
1.4,0.6,1.4,1.4,1.4,2.2,0.4,0.0,Argentina,Liga Profesional,Draw,Home Win
0.4,1.8,0.4,2.2,1.0,0.8,0.0,0.6,Poland,Ekstraklasa,Away Win,Away Win
1.0,3.0,1.0,2.8,1.2,0.8,0.2,1.0,Belgium,Jupiler League,Home Win,Away Win
0.6,1.4,0.6,0.8,1.2,1.0,0.0,0.4,Belgium,Jupiler League,Draw,Home Win
1.2,1.8,1.2,1.2,0.8,1.0,0.2,0.6,Scotland,Scottish League two,Home Win,Home Win
1.0,1.8,1.0,2.2,1.0,2.0,0.2,0.6,England,English Premier league,Away Win,Home Win
1.6,2.6,0.6,1.2,0.6,0.2,0.4,0.8,Netherlands,KPN Eredivisie,Away Win,Away Win
1.6,2.0,1.8,2.0,1.2,0.8,0.4,0.6,France,Ligue 1,Home Win,Home Win
3.0,1.6,4.2,2.8,0.4,2.4,1.0,0.4,England,English Premier league,Home Win,Home Win
1.2,0.4,1.4,0.2,2.0,2.0,0.4,0.0,Romania,Liga 1,Home Win,Home Win
2.6,0.4,2.2,0.0,1.0,0.6,0.8,0.0,Poland,Ekstraklasa,Away Win,Home Win
1.0,1.6,0.6,2.0,0.6,1.6,0.0,0.4,Norway,Eliteserien,Away Win,Draw
1.2,1.2,1.4,2.2,1.8,1.6,0.4,0.4,Scotland,Scottish League one,Home Win,Away Win
1.6,3.0,1.8,2.4,1.6,1.0,0.4,1.0,Japan,J1 League,Away Win,Away Win
1.8,3.0,1.0,3.0,0.4,0.8,0.6,1.0,Sweden,Allsvenskan,Home Win,Away Win
0.4,2.0,0.8,1.2,2.0,0.6,0.0,0.6,Italy,Serie A,Home Win,Away Win
1.4,1.4,0.6,1.0,1.0,1.4,0.4,0.4,Romania,Liga 1,Draw,Home Win
2.2,1.6,1.6,2.6,0.2,1.6,0.6,0.4,Poland,Ekstraklasa,Home Win,Home Win
1.0,2.4,1.6,1.2,1.8,0.8,0.2,0.8,USA,MLS,Home Win,Home Win
1.2,1.8,1.2,2.2,1.4,1.6,0.4,0.6,Ireland,Premier Division,Home Win,Away Win
1.6,0.2,2.0,0.6,1.0,2.6,0.4,0.0,France,Ligue 1,Home Win,Home Win
1.6,1.4,1.6,1.8,1.2,1.8,0.4,0.4,England,National league,Draw,Home Win
1.0,1.8,0.8,1.6,1.2,1.2,0.2,0.6,Scotland,Scottish League two,Away Win,Home Win
1.2,1.2,0.8,1.4,1.2,1.8,0.4,0.4,Italy,Serie A,Draw,Home Win
0.6,1.0,0.4,0.8,0.8,0.8,0.0,0.0,Argentina,Liga Profesional,Draw,Draw
1.4,1.0,0.6,0.6,0.6,0.6,0.4,0.0,Russia,Premier League,Draw,Draw
0.4,0.4,0.2,0.8,0.8,1.4,0.0,0.0,France,Ligue 2,Draw,Home Win
0.8,1.0,1.2,1.6,3.6,1.8,0.2,0.2,Scotland,Scottish Championship,Away Win,Away Win
1.0,2.2,0.4,1.4,1.4,0.2,0.2,0.6,France,Ligue 1,Draw,Away Win
0.2,2.2,0.8,1.2,1.6,0.0,0.0,0.6,Japan,J1 League,Draw,Away Win
1.8,0.8,2.0,0.8,1.4,1.6,0.4,0.2,England,English Football League Two,Home Win,Home Win
1.0,0.6,1.2,0.6,1.2,1.0,0.0,0.2,Argentina,Copa De La Liga Profesional,Home Win,Home Win
2.6,1.4,2.4,1.6,1.6,1.2,0.8,0.4,Poland,Ekstraklasa,Draw,Home Win
1.4,1.6,1.6,2.8,1.4,1.8,0.4,0.4,Netherlands,KPN Eredivisie,Away Win,Home Win
2.6,1.4,2.0,1.6,0.4,2.4,0.8,0.4,England,English Football League One,Home Win,Home Win
1.0,1.8,1.2,1.8,1.2,1.0,0.0,0.4,USA,MLS,Draw,Draw
1.2,0.8,1.2,1.0,2.0,1.4,0.4,0.2,Scotland,Scottish Championship,Home Win,Away Win
1.4,3.0,1.8,3.8,1.0,1.6,0.4,1.0,Norway,Eliteserien,Away Win,Away Win
1.6,1.2,1.6,1.0,1.2,0.8,0.4,0.2,Belgium,Jupiler League,Away Win,Home Win
0.2,1.0,0.8,1.6,1.6,1.6,0.0,0.0,Austria,Bundesliga,Draw,Draw
1.4,2.2,2.0,1.2,2.2,0.4,0.4,0.6,Germany,Bundesliga 2,Away Win,Home Win
2.6,2.0,2.0,2.0,1.0,1.2,0.8,0.6,France,Ligue 1,Away Win,Home Win
1.2,0.6,1.2,0.8,1.8,1.6,0.4,0.0,Mexico,Liga MX,Home Win,Home Win
0.4,3.0,0.2,3.0,1.8,1.4,0.0,1.0,Finland,Veikkausliiga,Away Win,Away Win
1.2,3.0,1.4,1.4,1.6,0.4,0.4,1.0,Japan,J1 League,Away Win,Away Win
1.0,1.6,1.4,1.8,2.4,1.2,0.2,0.4,England,National league,Away Win,Away Win
0.2,1.2,0.6,1.4,1.8,1.4,0.0,0.2,England,English Championship,Away Win,Away Win
0.8,1.6,0.4,1.6,1.2,0.8,0.2,0.4,Italy,Serie A,Home Win,Away Win
0.6,1.6,0.6,0.8,1.6,0.6,0.2,0.4,USA,MLS,Home Win,Home Win
1.6,0.6,1.4,1.0,1.0,1.8,0.4,0.2,England,English Premier league,Draw,Home Win
0.8,0.0,1.0,0.667,2.4,3.0,0.2,0.0,England,English Premier league,Home Win,Home Win
0.4,1.0,1.0,1.6,2.4,1.6,0.0,0.2,Finland,Veikkausliiga,Home Win,Away Win
1.8,0.8,1.8,1.8,0.8,1.8,0.6,0.2,Turkey,Ligi 1,Away Win,Home Win
0.8,1.0,0.8,1.4,2.2,1.4,0.2,0.2,Greece,Ethniki Katigoria,Away Win,Draw
1.4,1.4,1.2,2.4,1.2,1.2,0.4,0.4,USA,MLS,Draw,Home Win
1.6,1.4,1.6,2.2,1.2,1.6,0.4,0.4,England,English Premier league,Home Win,Home Win
0.2,1.4,0.0,1.2,2.4,1.6,0.0,0.4,Ireland,Premier Division,Draw,Away Win
1.4,0.0,1.4,0.6,1.4,2.0,0.4,0.0,Italy,Serie B,Draw,Home Win
0.8,1.2,0.6,1.0,1.4,0.8,0.2,0.2,Spain,La Liga SmartBank,Home Win,Draw
1.6,0.2,2.2,1.4,1.4,2.4,0.4,0.0,England,English Championship,Draw,Home Win
1.8,2.4,2.2,1.8,1.8,1.0,0.6,0.8,Romania,Liga 1,Home Win,Home Win
1.4,0.6,1.0,1.2,0.4,2.0,0.2,0.2,Belgium,Jupiler League,Home Win,Home Win
1.4,2.0,1.2,1.4,1.2,0.6,0.4,0.6,Scotland,Scottish Championship,Home Win,Away Win
1.0,1.4,1.4,1.0,1.4,1.4,0.0,0.4,Finland,Veikkausliiga,Draw,Home Win
1.6,0.6,1.2,0.8,1.0,1.6,0.4,0.2,Italy,Serie B,Home Win,Home Win
0.5,1.4,1.0,1.4,1.5,1.8,0.0,0.4,Denmark,Superliga,Away Win,Away Win
1.0,2.0,2.4,0.8,2.0,0.6,0.2,0.6,England,English Football League One,Away Win,Home Win
0.6,0.6,1.0,0.6,1.6,1.6,0.2,0.2,China,Super League,Home Win,Home Win
0.6,1.6,0.6,2.0,1.4,1.0,0.0,0.4,Spain,La Liga Santandar ,Home Win,Draw
0.8,1.2,0.4,1.2,1.4,1.0,0.2,0.2,Netherlands,KPN Eredivisie,Draw,Away Win
1.6,1.0,1.0,1.4,0.4,2.0,0.4,0.2,France,Ligue 1,Home Win,Home Win
0.0,0.2,0.0,0.0,1.6,2.0,0.0,0.0,Austria,Bundesliga,Home Win,Home Win
1.2,1.6,0.4,2.4,1.6,1.2,0.4,0.4,Ireland,Premier Division,Away Win,Away Win
1.4,1.4,0.8,1.2,0.8,2.0,0.4,0.4,Ireland,Premier Division,Draw,Home Win
0.0,0.6,0.4,1.4,3.0,1.6,0.0,0.2,Denmark,Superliga,Away Win,Away Win
1.6,1.0,0.8,0.6,1.0,0.8,0.4,0.2,Argentina,Liga Profesional,Draw,Home Win
1.6,2.2,1.2,1.8,1.0,1.2,0.4,0.6,Switzerland,Super League,Away Win,Home Win
3.0,1.6,2.2,1.4,0.4,1.2,1.0,0.4,USA,MLS,Home Win,Home Win
1.4,0.8,1.4,1.4,0.8,1.8,0.4,0.2,Portugal,Liga I,Home Win,Home Win
1.8,1.8,3.0,1.4,2.8,1.0,0.6,0.4,USA,MLS,Home Win,Home Win
1.8,1.4,2.6,1.2,1.2,1.6,0.6,0.4,Denmark,Superliga,Home Win,Home Win
0.2,3.0,1.0,2.2,1.8,0.8,0.0,1.0,Finland,Veikkausliiga,Away Win,Away Win
1.4,2.0,1.2,2.8,1.2,2.0,0.4,0.6,England,English Football League Two,Draw,Away Win
1.2,2.2,2.6,1.6,2.8,1.0,0.4,0.6,China,Super League,Home Win,Away Win
0.0,1.667,1.0,1.667,2.333,1.0,0.0,0.333,Argentina,Copa De La Liga Profesional,Away Win,Away Win
1.0,0.4,1.4,1.8,1.4,3.0,0.2,0.0,Mexico,Liga MX,Home Win,Home Win
0.2,0.2,0.8,0.8,2.4,2.4,0.0,0.0,China,Super League,Draw,Home Win
0.4,0.8,0.8,1.4,2.2,1.6,0.0,0.2,Spain,La Liga SmartBank,Home Win,Home Win
1.8,2.4,2.2,2.2,1.0,1.2,0.6,0.8,Portugal,Liga I,Home Win,Home Win
1.4,1.4,0.8,1.2,1.2,1.0,0.4,0.4,England,English Premier league,Away Win,Home Win
0.6,1.8,0.6,2.4,1.4,1.0,0.2,0.6,China,Super League,Draw,Away Win
2.6,0.0,2.8,0.8,1.2,3.4,0.8,0.0,Portugal,Liga I,Home Win,Home Win
1.8,1.4,2.0,1.6,0.8,1.6,0.4,0.4,Denmark,Superliga,Draw,Home Win
2.2,3.0,1.2,1.8,0.0,0.4,0.6,1.0,Argentina,Liga Profesional,Draw,Home Win
0.6,1.8,0.2,1.4,1.8,1.0,0.0,0.4,USA,MLS,Draw,Draw
0.6,1.8,0.4,1.6,1.6,0.8,0.0,0.4,Argentina,Liga Profesional,Draw,Draw
3.0,1.2,2.0,1.6,0.8,2.0,1.0,0.4,Switzerland,Super League,Home Win,Home Win
0.0,1.8,0.4,0.6,1.4,0.8,0.0,0.6,Sweden,Allsvenskan,Away Win,Away Win
3.0,1.2,1.8,1.2,0.4,1.8,1.0,0.4,Poland,Ekstraklasa,Home Win,Home Win
1.0,0.4,1.2,0.0,1.2,1.2,0.2,0.0,Argentina,Liga Profesional,Home Win,Home Win
1.2,1.8,1.8,1.6,2.0,1.2,0.4,0.4,Japan,J1 League,Away Win,Away Win
1.2,0.6,0.4,0.6,0.4,1.6,0.2,0.2,Spain,La Liga SmartBank,Home Win,Home Win
1.6,1.4,0.6,0.8,0.4,1.2,0.4,0.4,Scotland,Scottish Premiership,Home Win,Home Win
0.8,1.6,0.8,2.6,1.2,0.8,0.2,0.4,Scotland,Scottish League two,Home Win,Away Win
1.6,2.2,1.2,2.6,1.2,1.2,0.4,0.6,Switzerland,Super League,Away Win,Draw
0.0,0.8,1.2,1.8,2.4,2.4,0.0,0.2,England,English Football League Two,Home Win,Away Win
1.4,1.6,1.0,2.0,0.8,1.8,0.2,0.4,Russia,Premier League,Home Win,Home Win
1.4,2.4,1.2,3.2,1.2,1.4,0.4,0.8,Brazil,Serie A,Away Win,Away Win
2.2,0.0,1.0,0.0,0.4,2.2,0.6,0.0,Poland,Ekstraklasa,Home Win,Home Win
0.6,1.0,0.6,2.6,1.4,2.6,0.0,0.0,Poland,Ekstraklasa,Draw,Draw
1.6,1.2,1.8,1.2,1.2,1.2,0.4,0.2,France,Ligue 2,Home Win,Home Win
2.0,0.2,2.4,0.2,1.2,2.2,0.6,0.0,Spain,La Liga SmartBank,Draw,Home Win
0.2,1.4,0.8,1.2,1.6,1.6,0.0,0.4,Brazil,Serie A,Draw,Away Win
2.6,1.8,1.6,1.8,0.4,1.2,0.8,0.6,Poland,Ekstraklasa,Draw,Home Win
2.0,2.2,2.2,1.8,0.8,0.6,0.6,0.6,Scotland,Scottish Championship,Away Win,Away Win
1.0,0.2,1.2,0.4,1.6,2.0,0.2,0.0,England,National league,Draw,Home Win
1.4,1.6,1.4,1.6,1.2,1.4,0.2,0.4,Denmark,Superliga,Home Win,Draw
1.2,2.2,1.0,2.4,1.2,1.4,0.4,0.6,USA,MLS,Away Win,Home Win
0.4,0.8,0.6,1.2,1.8,2.4,0.0,0.2,England,English Football League One,Away Win,Home Win
1.6,0.8,0.8,0.0,1.0,0.4,0.4,0.0,Argentina,Copa De La Liga Profesional,Home Win,Draw
0.4,1.6,0.8,2.6,1.8,1.4,0.0,0.4,Germany,Bundesliga 2,Home Win,Away Win
0.4,3.0,1.0,2.2,2.2,1.0,0.0,1.0,USA,MLS,Away Win,Away Win
1.2,2.6,1.2,1.6,1.2,0.4,0.2,0.8,Spain,La Liga SmartBank,Home Win,Draw
1.4,0.6,0.6,0.8,0.6,1.8,0.4,0.0,England,English Football League One,Home Win,Home Win
1.8,1.6,2.4,1.6,1.0,1.2,0.6,0.4,Belgium,Jupiler League,Draw,Home Win
1.0,3.0,0.2,1.4,0.4,0.0,0.2,1.0,Argentina,Copa De La Liga Profesional,Away Win,Away Win
1.6,0.2,1.2,0.4,0.6,2.0,0.4,0.0,England,English Championship,Home Win,Home Win
1.8,1.2,2.0,1.2,1.6,1.2,0.6,0.4,Sweden,Allsvenskan,Home Win,Home Win
0.0,2.6,1.0,2.0,2.6,0.8,0.0,0.8,England,English Premier league,Draw,Away Win
0.6,0.6,1.2,0.4,2.0,1.4,0.0,0.0,Spain,La Liga Santandar ,Home Win,Home Win
1.0,1.6,0.8,1.4,1.4,1.2,0.2,0.4,Netherlands,KPN Eredivisie,Away Win,Home Win
2.0,1.4,2.6,1.4,1.6,1.2,0.6,0.2,England,English Football League Two,Away Win,Home Win
0.2,2.6,1.2,2.6,2.2,0.8,0.0,0.8,France,Ligue 2,Draw,Away Win
1.0,0.4,0.8,0.4,0.8,1.2,0.0,0.0,Romania,Liga 1,Home Win,Draw
2.2,0.4,1.4,0.4,0.8,1.4,0.6,0.0,Ireland,Premier Division,Home Win,Home Win
0.8,3.0,1.2,3.6,2.0,0.8,0.2,1.0,Greece,Ethniki Katigoria,Away Win,Away Win
1.4,1.4,1.0,0.8,1.2,1.2,0.4,0.4,France,Ligue 1,Draw,Home Win
1.2,0.2,2.0,0.4,2.4,1.4,0.4,0.0,England,English Championship,Away Win,Home Win
0.8,0.6,0.4,1.2,0.6,1.6,0.0,0.2,Brazil,Serie A,Away Win,Home Win
2.0,0.2,1.4,0.2,0.6,2.2,0.6,0.0,France,Ligue 2,Draw,Home Win
0.6,0.6,1.0,0.0,2.6,1.2,0.2,0.0,USA,MLS,Away Win,Home Win
0.6,1.2,1.2,1.8,2.2,2.0,0.2,0.4,Turkey,Ligi 1,Home Win,Home Win
0.6,2.6,2.4,2.4,2.8,0.4,0.0,0.8,Mexico,Liga MX,Draw,Away Win
1.0,0.8,0.8,1.4,1.0,2.0,0.2,0.2,Spain,La Liga SmartBank,Draw,Home Win
0.8,0.4,0.8,0.6,1.0,1.8,0.2,0.0,Germany,Bundesliga 2,Away Win,Home Win
1.4,2.4,1.2,1.4,1.0,0.4,0.2,0.8,USA,MLS,Home Win,Home Win
0.2,1.6,0.2,1.8,2.4,1.0,0.0,0.4,Spain,La Liga SmartBank,Home Win,Away Win
1.4,0.6,1.6,1.2,1.6,2.2,0.4,0.0,Spain,La Liga SmartBank,Draw,Home Win
1.4,1.6,0.8,1.4,0.6,0.8,0.2,0.4,USA,MLS,Home Win,Draw
0.8,1.6,1.2,1.0,1.4,0.6,0.0,0.4,Poland,Ekstraklasa,Away Win,Draw
0.8,2.2,0.8,2.4,3.0,1.0,0.2,0.6,England,English Premier league,Away Win,Away Win
1.6,2.0,1.8,1.8,1.2,1.0,0.4,0.6,Scotland,Scottish Championship,Home Win,Away Win
0.4,1.8,1.8,2.8,2.4,1.8,0.0,0.6,Mexico,Liga MX,Home Win,Away Win
1.2,1.8,2.0,1.6,2.4,1.4,0.4,0.6,Mexico,Liga MX,Home Win,Home Win
3.0,1.0,1.6,1.6,0.0,2.2,1.0,0.2,Russia,Premier League,Draw,Home Win
0.4,1.8,0.4,2.4,1.2,1.6,0.0,0.6,Brazil,Serie A,Away Win,Away Win
0.2,2.6,0.6,2.2,1.6,1.0,0.0,0.8,England,English Football League Two,Away Win,Away Win
0.0,0.6,0.4,1.4,2.2,2.0,0.0,0.2,Brazil,Serie A,Away Win,Home Win
1.2,0.6,2.4,1.4,1.8,2.8,0.4,0.2,Norway,Eliteserien,Away Win,Home Win
2.6,1.4,3.6,0.8,0.4,0.8,0.8,0.4,Scotland,Scottish Championship,Draw,Home Win
1.6,0.2,1.2,0.8,1.2,2.0,0.4,0.0,England,English Football League One,Home Win,Home Win
1.4,2.2,1.0,2.4,0.8,1.4,0.4,0.6,England,English Championship,Home Win,Away Win
0.4,2.2,0.2,1.2,0.8,0.6,0.0,0.6,Argentina,Liga Profesional,Away Win,Away Win
2.2,1.0,1.6,1.0,0.4,2.2,0.6,0.2,Greece,Ethniki Katigoria,Home Win,Home Win
1.0,0.4,0.6,0.4,1.2,1.0,0.2,0.0,Romania,Liga 1,Home Win,Home Win
2.0,2.0,2.0,2.2,1.6,0.8,0.6,0.6,England,National league,Away Win,Home Win
2.2,2.4,0.6,2.4,0.0,1.0,0.6,0.8,Mexico,Liga MX,Home Win,Home Win
1.0,1.8,1.0,1.6,1.2,1.2,0.2,0.4,Scotland,Scottish League two,Away Win,Draw
3.0,2.2,2.0,2.4,0.4,0.4,1.0,0.6,Sweden,Allsvenskan,Away Win,Home Win
1.2,1.0,1.4,1.6,1.4,1.4,0.2,0.2,Belgium,Jupiler League,Draw,Home Win
0.6,1.4,0.6,2.0,2.0,1.2,0.2,0.2,Argentina,Liga Profesional,Home Win,Draw
0.4,1.6,1.0,0.8,2.2,0.2,0.0,0.4,Turkey,Ligi 1,Away Win,Away Win
0.6,0.2,1.4,0.6,1.8,2.2,0.0,0.0,Poland,Ekstraklasa,Draw,Home Win
1.6,1.6,1.2,1.4,1.4,0.6,0.4,0.4,England,English Football League Two,Away Win,Draw
0.4,1.4,0.8,1.8,2.2,1.6,0.0,0.2,Denmark,Superliga,Away Win,Draw
1.0,0.0,0.8,0.0,1.2,1.2,0.2,0.0,Japan,J1 League,Home Win,Home Win
1.0,0.2,2.0,0.8,2.0,2.8,0.2,0.0,Russia,Premier League,Home Win,Home Win
1.0,2.6,1.8,2.8,1.2,1.0,0.2,0.8,Germany,Bundesliga 1,Draw,Away Win
1.8,3.0,2.0,3.2,2.4,0.8,0.6,1.0,Switzerland,Super League,Draw,Away Win
1.4,2.0,1.6,1.4,1.6,1.0,0.4,0.6,Turkey,Ligi 1,Home Win,Home Win
1.8,1.4,1.4,0.8,0.8,1.2,0.4,0.4,France,Ligue 2,Home Win,Home Win
1.0,0.6,0.6,0.4,1.2,0.8,0.2,0.0,Japan,J1 League,Home Win,Draw
1.2,2.0,1.4,1.8,1.4,0.4,0.4,0.6,Portugal,Liga I,Away Win,Away Win
1.8,1.8,0.6,1.2,0.2,0.8,0.4,0.4,Argentina,Liga Profesional,Home Win,Draw
1.8,1.8,1.8,1.4,0.8,0.6,0.6,0.4,Romania,Liga 1,Draw,Home Win
0.4,1.6,0.2,0.8,1.8,1.2,0.0,0.4,Poland,Ekstraklasa,Away Win,Draw
1.8,0.8,1.2,0.6,0.8,1.4,0.4,0.2,France,Ligue 1,Home Win,Home Win
1.8,1.4,2.0,1.8,2.0,2.4,0.6,0.4,Germany,Bundesliga 1,Home Win,Home Win
2.2,0.4,2.0,0.8,0.8,2.4,0.6,0.0,Denmark,Superliga,Home Win,Home Win
1.0,1.4,1.2,1.4,1.2,1.4,0.2,0.4,Turkey,Ligi 1,Home Win,Home Win
1.2,1.8,1.2,2.4,1.4,1.4,0.4,0.6,Portugal,Liga I,Away Win,Away Win
1.2,1.8,1.6,2.0,1.2,2.0,0.4,0.6,China,Super League,Away Win,Home Win
1.4,1.6,1.0,2.4,0.8,1.8,0.2,0.4,Denmark,Superliga,Home Win,Draw
1.6,0.6,2.6,0.8,1.2,1.4,0.4,0.2,Denmark,Superliga,Away Win,Home Win
1.0,2.333,0.0,0.667,0.0,0.0,0.0,0.667,Argentina,Copa De La Liga Profesional,Draw,Draw
1.2,0.6,1.8,0.8,0.8,1.8,0.4,0.2,Denmark,Superliga,Away Win,Home Win
1.8,1.8,1.8,2.2,1.0,2.0,0.4,0.6,Germany,Bundesliga 1,Home Win,Home Win
0.4,0.6,0.8,0.6,1.4,1.2,0.0,0.2,Brazil,Serie A,Away Win,Home Win
1.0,0.4,0.8,0.6,1.0,1.2,0.2,0.0,Romania,Liga 1,Home Win,Home Win
1.4,0.8,1.2,0.8,1.2,1.6,0.4,0.2,England,English Football League Two,Draw,Home Win
0.8,1.2,0.6,1.0,1.2,1.2,0.2,0.4,Scotland,Scottish Championship,Away Win,Away Win
1.0,0.6,2.4,0.8,2.4,1.6,0.0,0.0,USA,MLS,Draw,Home Win
2.6,0.6,1.8,1.0,0.2,1.8,0.8,0.0,Mexico,Liga MX,Draw,Home Win
1.4,2.4,1.4,1.6,1.2,0.6,0.4,0.8,Italy,Serie A,Away Win,Away Win
1.0,0.0,0.4,1.0,0.8,2.4,0.2,0.0,Spain,La Liga Santandar ,Home Win,Home Win
1.6,2.2,2.4,3.0,1.0,0.8,0.4,0.6,Japan,J1 League,Away Win,Away Win
0.8,0.6,0.6,0.6,1.8,1.8,0.2,0.2,Portugal,Liga I,Home Win,Home Win
2.2,0.4,1.8,0.6,1.0,1.8,0.6,0.0,USA,MLS,Home Win,Home Win
1.4,0.8,1.8,0.6,1.6,1.4,0.4,0.2,Scotland,Scottish League two,Home Win,Home Win
1.8,0.4,1.0,1.6,1.6,2.6,0.6,0.0,China,Super League,Home Win,Home Win
1.0,0.4,1.4,1.0,1.4,2.2,0.2,0.0,Argentina,Liga Profesional,Home Win,Home Win
0.6,1.4,0.4,0.4,1.2,1.2,0.2,0.4,Argentina,Copa De La Liga Profesional,Home Win,Home Win
0.4,1.8,0.8,1.2,1.8,0.8,0.0,0.4,Spain,La Liga SmartBank,Home Win,Draw
0.8,0.8,1.0,0.6,1.8,1.4,0.2,0.2,Italy,Serie B,Draw,Home Win
1.4,1.4,0.8,1.6,1.4,1.8,0.4,0.4,England,English Championship,Home Win,Home Win
0.6,2.6,1.0,2.6,2.4,0.8,0.2,0.8,Spain,La Liga Santandar ,Home Win,Away Win
0.8,1.4,0.4,1.4,1.6,0.8,0.2,0.2,Netherlands,KPN Eredivisie,Away Win,Away Win
1.2,2.6,0.6,2.8,1.6,1.2,0.4,0.8,China,Super League,Home Win,Away Win
1.2,1.0,1.6,0.6,1.6,1.2,0.4,0.2,Argentina,Liga Profesional,Home Win,Home Win
1.8,1.2,1.4,1.2,1.6,1.0,0.6,0.4,Austria,Bundesliga,Home Win,Home Win
1.4,1.8,1.0,2.4,1.6,2.2,0.4,0.6,Turkey,Ligi 1,Away Win,Home Win
1.8,2.0,2.4,1.6,1.0,0.4,0.6,0.6,Netherlands,KPN Eredivisie,Draw,Home Win
0.4,1.2,0.8,1.0,1.4,1.6,0.0,0.4,Brazil,Serie A,Home Win,Home Win
1.8,0.2,2.0,0.0,1.6,2.4,0.4,0.0,China,Super League,Draw,Home Win
2.6,1.2,1.8,1.4,0.8,1.2,0.8,0.2,England,English Championship,Away Win,Home Win
2.0,1.0,1.2,1.2,0.8,1.4,0.6,0.2,England,English Football League Two,Home Win,Home Win
2.6,1.8,2.2,1.8,0.2,1.0,0.8,0.4,Finland,Veikkausliiga,Draw,Home Win
1.6,1.4,1.2,2.2,0.6,1.8,0.4,0.4,Denmark,Superliga,Home Win,Home Win
1.4,1.6,2.0,1.4,1.8,1.2,0.4,0.4,England,English Football League Two,Away Win,Home Win
1.8,3.0,1.2,2.8,1.0,1.0,0.6,1.0,Japan,J1 League,Draw,Away Win
0.8,1.4,1.6,1.6,1.8,1.0,0.2,0.2,Italy,Serie B,Draw,Draw
0.4,1.4,0.6,1.0,1.2,1.8,0.0,0.4,England,English Football League One,Away Win,Away Win
1.2,0.2,1.4,1.0,1.6,2.8,0.2,0.0,Scotland,Scottish Premiership,Home Win,Home Win
0.4,0.4,0.2,0.4,2.0,1.2,0.0,0.0,Spain,La Liga SmartBank,Home Win,Home Win
0.8,1.4,1.0,2.0,1.8,1.4,0.2,0.4,England,English Football League Two,Away Win,Away Win
2.4,0.0,2.2,0.0,0.8,3.0,0.8,0.0,Turkey,Ligi 1,Home Win,Home Win
1.0,1.2,1.4,2.0,2.4,2.2,0.2,0.4,Germany,Bundesliga 2,Draw,Home Win
3.0,0.8,3.2,0.6,0.6,1.2,1.0,0.0,Poland,Ekstraklasa,Home Win,Home Win
1.4,1.4,1.6,1.6,1.6,1.4,0.4,0.4,England,English Football League One,Home Win,Home Win
0.4,1.2,0.6,0.4,1.6,0.4,0.0,0.2,England,National league,Draw,Away Win
0.6,1.6,1.2,1.6,1.2,1.2,0.2,0.4,USA,MLS,Home Win,Home Win
2.2,2.4,2.2,0.8,1.2,0.4,0.6,0.8,Russia,Premier League,Home Win,Home Win
1.4,2.4,1.2,2.6,1.4,0.8,0.4,0.8,Netherlands,KPN Eredivisie,Away Win,Away Win
0.6,1.2,1.0,1.0,1.8,1.0,0.2,0.4,Spain,La Liga SmartBank,Away Win,Home Win
1.0,1.2,0.4,1.6,1.0,1.2,0.2,0.2,Germany,Bundesliga 1,Away Win,Draw
0.0,1.8,1.8,1.4,2.8,1.0,0.0,0.4,USA,MLS,Home Win,Away Win
0.8,1.0,0.4,1.6,0.6,2.0,0.0,0.2,Mexico,Liga MX,Draw,Draw
1.4,0.8,1.2,0.6,1.2,1.2,0.4,0.2,England,National league,Draw,Home Win
1.8,1.4,1.0,1.6,0.4,1.2,0.4,0.4,Italy,Serie B,Draw,Draw
0.0,2.6,0.4,0.8,1.8,0.0,0.0,0.8,USA,MLS,Home Win,Away Win
0.6,0.2,0.8,0.2,2.6,1.2,0.2,0.0,Spain,La Liga SmartBank,Draw,Home Win
0.4,0.0,0.0,0.8,1.8,2.2,0.0,0.0,Finland,Veikkausliiga,Home Win,Home Win
1.2,1.0,1.0,1.2,1.4,1.6,0.2,0.2,Italy,Serie B,Away Win,Draw
1.0,1.8,0.2,2.2,0.6,1.4,0.2,0.6,England,National league,Home Win,Away Win
0.6,0.4,0.8,0.6,2.6,1.6,0.2,0.0,Japan,J1 League,Draw,Home Win
2.6,2.0,2.2,1.4,0.2,0.6,0.8,0.6,Greece,Ethniki Katigoria,Away Win,Home Win
1.6,0.6,1.0,1.4,0.6,2.6,0.4,0.0,Italy,Serie A,Draw,Home Win
3.0,0.4,1.6,0.6,0.2,2.0,1.0,0.0,Brazil,Serie A,Home Win,Home Win
1.4,1.2,1.4,2.2,1.2,1.4,0.2,0.4,Mexico,Liga MX,Home Win,Home Win
0.6,0.6,0.6,0.2,1.4,1.4,0.0,0.0,Japan,J1 League,Draw,Draw
0.4,1.2,1.4,2.0,2.4,1.8,0.0,0.4,Italy,Serie A,Away Win,Home Win
1.6,1.4,1.2,1.4,1.0,1.4,0.4,0.4,Spain,La Liga Santandar ,Home Win,Home Win
1.8,2.4,1.4,3.6,1.2,0.6,0.6,0.8,Norway,Eliteserien,Home Win,Away Win
1.4,1.2,1.2,1.4,0.8,0.8,0.4,0.4,Argentina,Liga Profesional,Away Win,Home Win
1.2,0.4,2.0,0.6,1.0,2.0,0.4,0.0,Brazil,Serie A,Home Win,Home Win
1.4,1.8,1.4,1.4,1.8,0.2,0.4,0.4,Belgium,Jupiler League,Home Win,Away Win
0.8,2.2,0.8,2.0,1.2,1.2,0.0,0.6,Mexico,Liga MX,Away Win,Draw
1.0,1.4,0.6,1.2,1.2,1.0,0.2,0.4,England,English Football League One,Draw,Home Win
0.4,0.6,1.4,1.6,2.4,2.4,0.0,0.0,USA,MLS,Draw,Home Win
2.4,3.0,3.2,2.0,1.0,0.2,0.8,1.0,Sweden,Allsvenskan,Home Win,Home Win
1.8,0.4,2.4,1.4,2.0,2.6,0.6,0.0,England,National league,Home Win,Home Win
0.6,1.4,0.6,1.0,1.6,1.0,0.2,0.4,England,English Premier league,Away Win,Away Win
1.2,2.0,1.6,2.2,2.2,1.4,0.4,0.6,Netherlands,KPN Eredivisie,Home Win,Away Win
1.4,2.4,1.6,2.6,1.8,1.2,0.4,0.8,Netherlands,KPN Eredivisie,Draw,Away Win
3.0,1.2,2.6,0.8,0.8,2.2,1.0,0.4,Finland,Veikkausliiga,Home Win,Home Win
1.2,3.0,1.0,2.2,1.8,0.6,0.4,1.0,Poland,Ekstraklasa,Away Win,Away Win
0.4,2.2,1.2,1.8,1.8,0.8,0.0,0.6,Japan,J1 League,Away Win,Away Win
0.0,2.2,0.0,1.0,1.0,0.4,0.0,0.6,China,Super League,Away Win,Away Win
1.8,0.8,1.6,0.4,1.4,1.2,0.6,0.0,USA,MLS,Away Win,Home Win
0.8,1.8,0.8,1.4,1.2,1.2,0.2,0.6,France,Ligue 1,Home Win,Away Win
2.6,1.0,1.8,0.6,0.6,0.6,0.8,0.0,China,Super League,Draw,Home Win
1.8,1.2,3.4,1.4,1.4,1.2,0.6,0.2,England,English Football League Two,Home Win,Home Win
0.6,2.0,1.2,1.6,2.2,1.2,0.2,0.6,Spain,La Liga Santandar ,Draw,Away Win
1.8,1.8,1.0,1.6,1.2,0.8,0.6,0.4,Japan,J1 League,Away Win,Away Win
1.6,1.6,1.4,1.0,0.8,1.0,0.4,0.4,England,National league,Away Win,Home Win
2.2,1.6,1.6,2.4,0.6,1.4,0.6,0.4,USA,MLS,Home Win,Home Win
2.0,0.8,0.8,1.4,0.6,1.6,0.6,0.2,Greece,Ethniki Katigoria,Home Win,Home Win
2.6,1.2,2.6,1.4,1.0,1.8,0.8,0.2,Germany,Bundesliga 1,Home Win,Home Win
0.0,0.6,1.0,0.2,2.8,1.4,0.0,0.0,USA,MLS,Home Win,Home Win
0.6,1.4,0.4,0.4,1.2,0.8,0.0,0.4,Romania,Liga 1,Draw,Home Win
0.6,1.0,0.4,1.0,1.6,1.8,0.2,0.2,Argentina,Liga Profesional,Away Win,Home Win
1.8,1.4,2.4,1.4,1.8,1.4,0.6,0.4,England,English Football League Two,Draw,Home Win
0.8,0.8,1.0,1.6,2.4,2.2,0.2,0.2,Italy,Serie B,Draw,Home Win
0.4,2.6,0.8,2.0,2.2,0.4,0.0,0.8,Scotland,Scottish Premiership,Away Win,Away Win
2.4,2.2,1.6,1.6,0.8,0.8,0.8,0.6,France,Ligue 1,Home Win,Home Win
2.4,1.8,2.6,1.6,0.4,1.4,0.8,0.6,USA,MLS,Away Win,Home Win
1.8,0.4,3.8,0.6,1.4,2.6,0.6,0.0,Russia,Premier League,Home Win,Home Win
1.4,1.2,1.0,0.8,0.8,1.8,0.2,0.4,Romania,Liga 1,Home Win,Home Win
1.6,2.2,1.4,1.6,1.2,0.6,0.4,0.6,Switzerland,Super League,Away Win,Home Win
2.2,1.6,2.8,1.4,1.4,0.8,0.6,0.4,Argentina,Liga Profesional,Home Win,Home Win
0.0,3.0,0.0,1.8,2.2,0.4,0.0,1.0,USA,MLS,Away Win,Away Win
3.0,1.6,2.8,0.8,0.0,0.6,1.0,0.4,Ireland,Premier Division,Draw,Home Win
1.2,3.0,0.8,2.0,1.6,0.4,0.4,1.0,Norway,Eliteserien,Away Win,Away Win
0.6,2.2,1.8,2.2,3.0,1.2,0.2,0.6,Scotland,Scottish League two,Away Win,Away Win
1.0,1.6,0.4,0.8,0.4,0.6,0.2,0.4,England,English Championship,Away Win,Away Win
2.0,1.4,1.2,1.2,0.6,1.4,0.6,0.4,Portugal,Liga I,Away Win,Home Win
2.6,0.0,2.2,0.4,1.0,3.0,0.8,0.0,Russia,Premier League,Home Win,Home Win
0.4,0.6,0.8,0.8,2.2,1.2,0.0,0.0,Brazil,Serie A,Draw,Home Win
1.4,0.8,1.2,1.0,0.8,1.6,0.4,0.2,Italy,Serie A,Away Win,Home Win
2.2,1.2,2.6,2.2,1.0,2.6,0.6,0.4,Norway,Eliteserien,Home Win,Home Win
1.2,0.0,1.8,1.0,2.0,2.0,0.4,0.0,Finland,Veikkausliiga,Home Win,Home Win
2.6,1.2,1.8,1.4,0.6,1.6,0.8,0.2,Scotland,Scottish Premiership,Draw,Home Win
2.4,1.0,1.8,1.2,1.0,1.2,0.8,0.0,Japan,J1 League,Home Win,Home Win
1.2,1.6,1.0,1.2,3.2,1.0,0.4,0.4,Sweden,Allsvenskan,Away Win,Away Win
0.8,1.6,0.8,1.2,1.4,0.8,0.2,0.4,Italy,Serie A,Away Win,Away Win
0.6,0.6,2.0,1.0,2.0,2.2,0.2,0.0,Japan,J1 League,Home Win,Home Win
1.4,0.6,1.2,1.2,1.4,1.4,0.4,0.2,France,Ligue 2,Draw,Home Win
0.8,3.0,1.0,3.2,1.6,0.6,0.0,1.0,Sweden,Allsvenskan,Away Win,Away Win
1.2,3.0,1.6,2.6,1.4,0.0,0.4,1.0,Mexico,Liga MX,Draw,Away Win
1.4,0.6,1.4,0.6,1.8,1.4,0.4,0.0,Mexico,Liga MX,Draw,Home Win
1.0,0.2,1.4,0.4,1.2,2.0,0.2,0.0,Austria,Bundesliga,Draw,Home Win
3.0,1.2,3.4,1.8,0.8,2.0,1.0,0.4,Portugal,Liga I,Home Win,Home Win
1.0,1.2,1.2,0.6,1.4,1.6,0.2,0.4,Scotland,Scottish Championship,Draw,Home Win
1.4,0.8,1.0,0.6,0.6,2.2,0.4,0.2,England,National league,Away Win,Home Win
1.4,1.8,1.6,1.0,1.2,0.4,0.2,0.6,Brazil,Serie A,Draw,Home Win
1.6,1.8,1.0,1.4,1.0,0.8,0.4,0.6,Sweden,Allsvenskan,Draw,Home Win
1.2,0.8,0.4,1.8,1.8,2.2,0.4,0.2,Germany,Bundesliga 2,Home Win,Home Win
1.6,1.4,2.2,1.0,1.4,1.4,0.4,0.4,France,Ligue 2,Home Win,Home Win
2.6,2.6,3.0,1.4,0.2,0.6,0.8,0.8,Romania,Liga 1,Draw,Home Win
2.2,0.8,1.0,0.0,0.4,0.2,0.6,0.0,Argentina,Copa De La Liga Profesional,Home Win,Draw
0.6,3.0,1.6,1.8,2.6,0.2,0.0,1.0,Scotland,Scottish League two,Away Win,Away Win
2.2,1.2,1.8,1.0,0.6,1.4,0.6,0.4,Argentina,Copa De La Liga Profesional,Home Win,Home Win
2.4,1.8,1.8,1.0,0.8,0.6,0.8,0.6,England,English Football League Two,Draw,Home Win
2.6,2.4,2.4,1.8,1.0,0.8,0.8,0.8,Spain,La Liga SmartBank,Home Win,Home Win
2.0,2.6,1.6,2.0,0.6,0.4,0.6,0.8,Germany,Bundesliga 1,Draw,Home Win
1.8,1.2,0.8,1.2,1.0,1.6,0.6,0.4,Brazil,Serie A,Away Win,Home Win
1.6,2.6,2.2,2.0,0.8,0.4,0.4,0.8,Spain,La Liga Santandar ,Away Win,Home Win
1.4,2.4,1.8,2.0,3.0,1.2,0.4,0.8,England,English Championship,Away Win,Away Win
2.2,0.8,1.4,0.8,0.4,1.4,0.6,0.0,USA,MLS,Home Win,Home Win
2.6,2.4,2.0,2.6,0.8,1.6,0.8,0.8,Mexico,Liga MX,Draw,Home Win
1.0,1.0,1.2,0.8,1.6,1.4,0.2,0.2,England,English Championship,Draw,Home Win
1.0,0.6,1.4,1.4,1.4,2.2,0.0,0.0,Romania,Liga 1,Away Win,Draw
0.2,0.8,0.8,0.8,2.8,1.6,0.0,0.2,Netherlands,KPN Eredivisie,Draw,Home Win
1.2,0.0,1.2,1.0,1.0,2.6,0.2,0.0,Belgium,Jupiler League,Draw,Home Win
3.0,1.2,3.2,1.2,1.6,1.6,1.0,0.4,Brazil,Serie A,Home Win,Home Win
1.8,0.4,2.2,0.2,1.8,1.4,0.6,0.0,Brazil,Serie A,Home Win,Home Win
0.2,0.6,0.0,0.0,1.2,2.0,0.0,0.0,Ireland,Premier Division,Draw,Home Win
0.8,1.2,1.4,1.8,1.6,2.2,0.0,0.4,USA,MLS,Draw,Home Win
1.2,1.2,2.4,1.6,1.6,2.2,0.4,0.4,Turkey,Ligi 1,Draw,Home Win
0.8,1.4,0.8,1.2,1.8,1.6,0.2,0.4,Greece,Ethniki Katigoria,Away Win,Away Win
1.8,1.2,1.4,0.8,0.6,1.0,0.4,0.4,Spain,La Liga SmartBank,Home Win,Home Win
2.0,2.6,2.2,1.8,0.8,0.8,0.6,0.8,Scotland,Scottish League two,Draw,Home Win
0.4,2.0,0.4,2.4,1.6,1.4,0.0,0.6,England,English Premier league,Draw,Away Win
1.0,2.4,1.6,2.0,2.0,1.2,0.2,0.8,USA,MLS,Home Win,Home Win
0.2,2.6,1.6,2.0,2.8,1.2,0.0,0.8,Poland,Ekstraklasa,Draw,Away Win
1.2,0.8,1.2,1.0,2.4,1.6,0.4,0.2,England,English Football League One,Home Win,Home Win
2.0,0.4,1.4,0.2,0.8,1.0,0.6,0.0,Italy,Serie B,Draw,Home Win
1.8,2.0,1.6,1.2,0.6,0.8,0.4,0.6,England,English Football League One,Home Win,Home Win
1.8,0.8,1.8,1.6,1.0,2.2,0.4,0.2,England,National league,Home Win,Home Win
0.2,0.6,0.8,1.2,3.4,2.8,0.0,0.2,Netherlands,KPN Eredivisie,Home Win,Home Win
2.2,3.0,2.0,2.6,1.0,0.4,0.6,1.0,Japan,J1 League,Home Win,Away Win
1.2,2.2,1.4,1.2,2.0,0.6,0.4,0.6,Mexico,Liga MX,Away Win,Away Win
1.6,1.8,0.8,1.8,0.8,0.4,0.4,0.4,Italy,Serie B,Home Win,Draw
1.4,0.0,0.8,1.2,1.2,2.2,0.4,0.0,Finland,Veikkausliiga,Draw,Home Win
2.0,0.8,1.0,1.2,0.4,1.8,0.6,0.2,Turkey,Ligi 1,Draw,Home Win
0.2,1.8,1.6,1.4,3.2,1.0,0.0,0.4,Mexico,Liga MX,Away Win,Away Win
0.2,1.6,1.0,1.8,2.0,1.0,0.0,0.4,Turkey,Ligi 1,Home Win,Away Win
1.8,0.8,1.8,0.4,1.0,0.8,0.6,0.0,Russia,Premier League,Draw,Home Win
1.4,1.0,1.4,1.6,1.6,1.6,0.4,0.2,Scotland,Scottish League two,Draw,Home Win
0.6,2.2,1.8,2.2,2.4,0.4,0.2,0.6,Switzerland,Super League,Draw,Away Win
1.8,1.8,2.2,2.6,1.8,2.0,0.6,0.6,Germany,Bundesliga 2,Away Win,Home Win
1.4,0.8,1.2,0.8,1.4,1.0,0.4,0.2,Italy,Serie B,Home Win,Home Win
2.6,1.2,1.2,0.8,0.0,2.4,0.8,0.4,Finland,Veikkausliiga,Away Win,Home Win
1.6,3.0,1.2,3.4,1.2,1.0,0.4,1.0,Netherlands,KPN Eredivisie,Away Win,Away Win
2.2,1.6,1.2,0.6,0.6,0.4,0.6,0.4,Ireland,Premier Division,Home Win,Home Win
0.2,2.2,0.8,2.4,1.8,0.6,0.0,0.6,Spain,La Liga Santandar ,Away Win,Away Win
2.4,1.0,1.6,1.6,0.8,2.0,0.8,0.2,Scotland,Scottish League two,Home Win,Home Win
1.0,2.4,0.2,1.2,0.8,0.2,0.2,0.8,Romania,Liga 1,Home Win,Away Win
1.0,0.4,0.6,0.2,1.0,1.0,0.2,0.0,Poland,Ekstraklasa,Home Win,Home Win
1.0,0.4,1.2,0.2,2.2,1.2,0.2,0.0,Denmark,Superliga,Home Win,Home Win
1.8,1.0,2.6,1.4,2.4,1.4,0.6,0.2,Japan,J1 League,Away Win,Home Win
0.4,0.4,0.6,1.0,1.6,1.6,0.0,0.0,France,Ligue 2,Away Win,Home Win
1.4,1.8,2.2,3.0,1.4,2.2,0.4,0.4,Norway,Eliteserien,Draw,Home Win
1.8,1.2,2.2,0.8,1.2,1.8,0.6,0.4,Mexico,Liga MX,Home Win,Home Win
0.0,2.2,0.0,2.0,2.0,0.0,0.0,0.6,Austria,Bundesliga,Away Win,Away Win
0.4,1.6,0.8,2.0,1.4,2.2,0.0,0.4,Italy,Serie B,Away Win,Away Win
0.6,2.6,1.2,1.2,2.0,0.4,0.0,0.8,Mexico,Liga MX,Draw,Away Win
1.4,1.4,0.8,1.2,0.8,1.2,0.4,0.4,Argentina,Copa De La Liga Profesional,Home Win,Home Win
1.8,0.2,0.8,0.8,0.4,2.4,0.4,0.0,Argentina,Liga Profesional,Draw,Home Win
2.6,1.0,2.0,1.2,0.6,0.8,0.8,0.2,England,National league,Draw,Home Win
0.2,0.8,1.0,2.0,2.6,2.0,0.0,0.2,England,English Premier league,Away Win,Away Win
2.0,1.0,1.2,0.8,1.0,1.8,0.6,0.2,Germany,Bundesliga 1,Draw,Home Win
1.0,1.8,0.2,1.0,0.4,1.0,0.2,0.6,Austria,Bundesliga,Draw,Away Win
1.8,2.2,2.4,3.0,1.8,1.4,0.6,0.6,Russia,Premier League,Home Win,Home Win
1.4,1.8,1.4,2.0,1.8,1.2,0.4,0.6,England,English Football League Two,Away Win,Home Win
1.2,2.2,0.4,1.0,1.4,0.0,0.4,0.6,Sweden,Allsvenskan,Away Win,Away Win
0.2,1.8,0.4,2.4,2.4,0.4,0.0,0.6,Denmark,Superliga,Away Win,Away Win
1.6,0.8,2.2,0.6,0.8,1.4,0.4,0.2,Belgium,Jupiler League,Home Win,Home Win
0.4,0.8,0.6,1.0,1.4,1.4,0.0,0.0,Argentina,Liga Profesional,Away Win,Draw
0.2,2.6,0.2,1.6,1.8,0.8,0.0,0.8,Argentina,Copa De La Liga Profesional,Draw,Away Win
1.0,1.2,0.4,1.2,1.2,1.6,0.2,0.4,Portugal,Liga I,Home Win,Home Win
1.4,0.0,1.4,0.8,1.2,3.0,0.2,0.0,Romania,Liga 1,Home Win,Home Win
2.6,1.4,2.0,1.0,0.4,0.6,0.8,0.4,Italy,Serie B,Away Win,Home Win
2.0,2.4,1.4,1.2,1.0,0.6,0.6,0.8,Spain,La Liga SmartBank,Away Win,Home Win
1.0,2.0,1.0,1.8,1.8,1.2,0.2,0.6,Italy,Serie B,Away Win,Away Win
0.8,2.6,0.8,1.8,1.2,0.6,0.2,0.8,England,English Football League One,Home Win,Away Win
2.4,2.6,1.6,1.6,0.8,0.4,0.8,0.8,Poland,Ekstraklasa,Away Win,Home Win
1.4,0.2,1.4,1.6,1.6,2.6,0.4,0.0,Portugal,Liga I,Home Win,Home Win
0.6,1.8,0.6,1.4,1.8,0.6,0.0,0.4,Argentina,Liga Profesional,Draw,Draw
1.4,1.0,1.2,1.0,1.6,1.4,0.4,0.2,France,Ligue 1,Home Win,Home Win
1.8,2.2,1.0,3.2,1.6,2.2,0.6,0.6,Mexico,Liga MX,Away Win,Home Win
1.0,1.0,1.0,1.8,1.0,1.8,0.0,0.2,China,Super League,Draw,Draw
0.8,1.2,1.2,1.4,2.0,1.4,0.2,0.2,England,English Football League Two,Away Win,Away Win
1.8,2.2,1.2,1.4,0.8,0.4,0.4,0.6,Denmark,Superliga,Away Win,Draw
0.6,3.0,0.8,1.6,1.6,0.6,0.0,1.0,Mexico,Liga MX,Draw,Away Win
2.4,3.0,2.2,2.2,1.2,0.0,0.8,1.0,Argentina,Liga Profesional,Draw,Home Win
2.4,2.2,1.6,2.6,0.8,2.0,0.8,0.6,Germany,Bundesliga 2,Home Win,Home Win
0.6,1.8,0.2,0.6,0.6,0.2,0.0,0.4,Argentina,Copa De La Liga Profesional,Draw,Draw
3.0,1.2,2.2,1.6,1.2,1.8,1.0,0.4,USA,MLS,Home Win,Home Win
1.2,0.6,0.8,1.0,1.8,2.0,0.4,0.2,Sweden,Allsvenskan,Away Win,Home Win
0.8,2.0,1.0,2.8,1.8,1.8,0.2,0.6,Germany,Bundesliga 1,Draw,Away Win
1.8,2.6,3.4,2.6,3.0,1.8,0.4,0.8,USA,MLS,Draw,Home Win
0.4,1.8,0.6,1.6,1.6,0.6,0.0,0.4,England,English Football League One,Home Win,Away Win
2.6,1.4,1.4,1.4,0.2,1.4,0.8,0.4,Poland,Ekstraklasa,Draw,Home Win
1.2,1.8,1.0,1.2,1.2,1.4,0.4,0.6,Argentina,Liga Profesional,Away Win,Home Win
1.6,0.2,1.8,0.2,0.8,2.2,0.4,0.0,Mexico,Liga MX,Home Win,Home Win
2.2,0.8,2.0,0.8,1.0,2.0,0.6,0.2,England,English Championship,Away Win,Home Win
1.6,0.0,1.8,0.0,1.8,1.2,0.4,0.0,Poland,Ekstraklasa,Draw,Home Win
0.4,1.2,1.2,0.8,3.2,1.0,0.0,0.4,Russia,Premier League,Away Win,Home Win
0.8,2.6,0.6,2.2,1.2,0.6,0.2,0.8,England,English Championship,Home Win,Away Win
2.6,0.6,1.6,0.2,0.0,1.0,0.8,0.0,Romania,Liga 1,Draw,Home Win
1.6,1.8,1.4,1.6,0.8,1.4,0.4,0.6,Argentina,Copa De La Liga Profesional,Away Win,Home Win
1.4,1.2,1.2,0.8,0.8,0.8,0.2,0.4,USA,MLS,Home Win,Home Win
1.2,1.8,1.4,2.4,1.2,1.8,0.4,0.6,Romania,Liga 1,Away Win,Home Win
1.8,1.8,0.8,1.2,0.4,0.8,0.4,0.4,Austria,Bundesliga,Draw,Draw
1.8,2.4,1.8,2.4,0.8,1.0,0.6,0.8,Russia,Premier League,Home Win,Home Win
1.4,0.6,1.2,0.0,1.2,0.8,0.4,0.0,Mexico,Liga MX,Draw,Home Win
1.6,2.2,1.2,2.0,1.2,1.2,0.4,0.6,China,Super League,Away Win,Draw
1.4,0.2,2.2,2.2,2.2,3.0,0.4,0.0,Brazil,Serie A,Draw,Home Win
2.0,2.0,1.4,1.4,1.0,0.8,0.6,0.6,Spain,La Liga SmartBank,Draw,Home Win
1.6,1.6,1.8,1.4,1.4,1.0,0.4,0.4,Belgium,Jupiler League,Home Win,Home Win
1.0,0.6,1.6,0.6,1.8,1.4,0.2,0.0,USA,MLS,Draw,Home Win
1.0,1.0,1.2,1.6,1.2,1.6,0.0,0.0,USA,MLS,Draw,Draw
1.6,0.0,1.8,0.4,1.2,2.8,0.4,0.0,Greece,Ethniki Katigoria,Draw,Home Win
1.8,1.6,1.2,1.2,0.8,1.2,0.6,0.4,Japan,J1 League,Home Win,Home Win
0.6,2.2,0.4,1.0,1.2,0.2,0.0,0.6,Argentina,Liga Profesional,Draw,Draw
0.4,1.6,1.4,1.6,2.8,1.4,0.0,0.4,Japan,J1 League,Home Win,Away Win
1.0,2.0,1.4,1.6,2.0,1.0,0.2,0.6,England,English Football League One,Home Win,Away Win
3.0,1.2,1.4,0.6,0.2,1.0,1.0,0.4,Denmark,Superliga,Home Win,Home Win
1.6,3.0,0.8,2.4,0.8,0.4,0.4,1.0,Mexico,Liga MX,Away Win,Away Win
2.6,0.4,2.4,0.0,0.8,1.2,0.8,0.0,Russia,Premier League,Home Win,Home Win
1.4,2.2,1.6,2.6,1.2,1.6,0.4,0.6,Austria,Bundesliga,Home Win,Away Win
1.6,0.0,1.4,0.6,1.4,2.8,0.4,0.0,Japan,J1 League,Away Win,Home Win
1.4,1.2,1.0,1.8,1.6,1.2,0.4,0.2,France,Ligue 2,Home Win,Home Win
2.0,1.4,1.6,1.4,1.8,1.0,0.6,0.4,Germany,Bundesliga 2,Draw,Home Win
0.0,3.0,0.4,2.0,1.6,0.0,0.0,1.0,Finland,Veikkausliiga,Away Win,Away Win
1.4,1.6,0.8,1.4,1.2,1.2,0.4,0.4,Spain,La Liga Santandar ,Draw,Home Win
0.0,1.8,1.2,0.6,3.8,0.4,0.0,0.6,Romania,Liga 1,Away Win,Away Win
1.4,1.4,1.2,1.4,0.8,1.2,0.4,0.2,Spain,La Liga SmartBank,Home Win,Draw
1.8,1.2,2.0,2.0,1.2,1.4,0.6,0.4,Sweden,Allsvenskan,Home Win,Home Win
0.2,1.4,1.4,0.4,2.2,0.4,0.0,0.4,Finland,Veikkausliiga,Away Win,Away Win
3.0,1.6,2.4,1.4,0.6,1.6,1.0,0.4,Poland,Ekstraklasa,Home Win,Home Win
1.2,2.2,2.4,1.6,1.2,0.8,0.4,0.6,Norway,Eliteserien,Away Win,Away Win
1.2,1.8,1.6,1.2,1.0,1.0,0.2,0.6,England,National league,Away Win,Home Win
2.2,1.8,1.2,2.0,0.2,2.2,0.6,0.6,Mexico,Liga MX,Away Win,Home Win
0.6,0.6,0.8,0.8,1.2,1.6,0.0,0.0,Norway,Eliteserien,Draw,Home Win
3.0,0.4,1.8,0.0,0.0,0.6,1.0,0.0,Russia,Premier League,Home Win,Home Win
1.2,1.8,1.6,1.8,2.6,1.2,0.4,0.6,Switzerland,Super League,Away Win,Home Win
0.0,1.0,0.8,0.6,3.4,2.0,0.0,0.2,Mexico,Liga MX,Away Win,Away Win
2.6,1.2,2.0,1.2,0.4,0.6,0.8,0.4,Mexico,Liga MX,Draw,Home Win
0.4,1.8,0.8,1.4,1.6,1.6,0.0,0.6,Brazil,Serie A,Home Win,Away Win
1.4,1.8,1.0,1.6,2.0,1.4,0.4,0.6,England,National league,Away Win,Away Win
1.8,1.4,1.2,1.2,0.8,0.8,0.4,0.4,Sweden,Allsvenskan,Draw,Home Win
1.4,1.0,2.0,0.8,1.0,0.8,0.4,0.2,Belgium,Jupiler League,Home Win,Home Win
1.0,1.6,1.4,1.4,1.6,1.4,0.2,0.4,Italy,Serie B,Draw,Draw
0.4,2.2,1.6,1.4,2.2,0.8,0.0,0.6,Switzerland,Super League,Away Win,Away Win
1.8,2.0,1.6,2.8,1.2,1.4,0.6,0.6,Belgium,Jupiler League,Away Win,Home Win
1.6,0.2,1.2,0.4,0.6,1.6,0.4,0.0,Finland,Veikkausliiga,Draw,Home Win
1.0,0.8,0.4,1.2,1.0,1.4,0.2,0.0,Brazil,Serie A,Draw,Draw
3.0,2.4,2.2,3.4,0.2,1.4,1.0,0.8,Poland,Ekstraklasa,Home Win,Home Win
1.6,0.6,2.0,0.6,1.8,2.0,0.4,0.2,USA,MLS,Away Win,Home Win
0.8,2.0,1.6,1.6,2.4,1.0,0.2,0.6,Germany,Bundesliga 1,Home Win,Away Win
1.4,1.4,1.4,1.0,1.8,1.4,0.4,0.4,Argentina,Liga Profesional,Draw,Home Win
1.8,1.4,1.6,2.2,0.0,1.8,0.4,0.4,Denmark,Superliga,Away Win,Home Win
1.8,2.6,0.4,2.0,0.0,0.8,0.4,0.8,Brazil,Serie A,Draw,Draw
2.2,0.0,2.2,0.0,1.6,2.2,0.6,0.0,Austria,Bundesliga,Home Win,Home Win
2.4,1.2,1.6,2.0,0.6,2.0,0.8,0.4,England,English Premier league,Draw,Home Win
3.0,0.6,1.4,0.4,0.4,0.8,1.0,0.0,Argentina,Liga Profesional,Home Win,Home Win
0.8,1.0,1.0,2.0,1.8,1.8,0.2,0.2,Scotland,Scottish Premiership,Away Win,Home Win
0.8,0.8,0.4,0.8,0.6,1.4,0.0,0.2,Scotland,Scottish League one,Home Win,Home Win
0.6,0.6,0.0,2.0,1.2,2.8,0.0,0.0,Finland,Veikkausliiga,Draw,Draw
0.6,0.8,1.2,1.6,2.0,1.6,0.0,0.2,England,National league,Home Win,Home Win
1.4,2.6,1.0,3.0,2.2,0.6,0.4,0.8,Austria,Bundesliga,Draw,Away Win
1.4,1.4,0.4,0.8,0.4,1.6,0.4,0.4,Argentina,Copa De La Liga Profesional,Draw,Home Win
1.0,1.4,0.6,1.6,0.8,2.2,0.2,0.4,Spain,La Liga Santandar ,Home Win,Home Win
0.0,2.2,1.0,0.6,2.8,0.0,0.0,0.6,Sweden,Allsvenskan,Away Win,Away Win
0.6,0.2,1.0,0.4,1.6,1.6,0.2,0.0,Poland,Ekstraklasa,Home Win,Home Win
1.2,2.2,1.0,1.8,0.8,1.2,0.2,0.6,Scotland,Scottish Premiership,Away Win,Draw
1.0,2.0,0.8,1.8,1.2,1.0,0.2,0.6,Spain,La Liga Santandar ,Draw,Away Win
0.2,1.6,1.4,1.6,3.0,1.8,0.0,0.4,Germany,Bundesliga 1,Draw,Away Win
1.4,2.6,1.4,3.0,1.2,1.0,0.4,0.8,Netherlands,KPN Eredivisie,Away Win,Away Win
0.2,2.2,0.4,1.4,1.2,0.8,0.0,0.6,Romania,Liga 1,Away Win,Away Win
2.6,1.6,1.8,0.8,0.6,0.6,0.8,0.4,England,English Football League One,Home Win,Home Win
1.2,1.8,1.0,1.8,1.4,0.6,0.4,0.6,Romania,Liga 1,Away Win,Home Win
0.4,1.0,1.2,0.6,1.8,0.8,0.0,0.2,Argentina,Copa De La Liga Profesional,Draw,Draw
1.4,2.4,1.4,2.2,1.2,1.4,0.2,0.8,Spain,La Liga Santandar ,Away Win,Home Win
1.8,2.2,2.2,2.2,1.6,1.2,0.6,0.6,Sweden,Allsvenskan,Home Win,Home Win
1.0,1.4,0.8,0.8,1.0,1.4,0.2,0.4,Scotland,Scottish Championship,Home Win,Away Win
1.0,0.8,1.2,0.8,1.6,2.6,0.2,0.2,Germany,Bundesliga 1,Draw,Home Win
0.6,1.4,0.2,0.6,0.6,1.0,0.0,0.4,Romania,Liga 1,Draw,Home Win
0.8,1.4,0.8,1.4,1.6,2.6,0.2,0.4,Spain,La Liga Santandar ,Home Win,Home Win
1.4,0.6,1.4,0.8,1.0,2.4,0.2,0.2,England,National league,Home Win,Home Win
2.4,1.0,2.0,0.6,1.4,0.8,0.8,0.2,Brazil,Serie A,Away Win,Home Win
2.2,0.0,1.8,0.0,0.4,1.0,0.6,0.0,USA,MLS,Home Win,Home Win
1.2,1.8,1.4,1.2,2.2,0.8,0.4,0.6,Scotland,Scottish Premiership,Draw,Home Win
0.6,0.4,0.6,0.8,1.8,1.6,0.0,0.0,Poland,Ekstraklasa,Draw,Draw
1.2,1.8,0.6,0.8,1.2,0.2,0.4,0.4,Spain,La Liga SmartBank,Draw,Draw
2.6,1.4,2.4,1.0,1.0,1.2,0.8,0.4,Italy,Serie A,Draw,Home Win
0.6,1.0,0.6,1.0,1.0,1.2,0.0,0.2,Italy,Serie B,Home Win,Draw
2.0,1.8,3.6,1.4,1.2,0.8,0.6,0.4,Belgium,Jupiler League,Draw,Home Win
0.4,0.6,0.6,0.6,1.4,1.8,0.0,0.2,Argentina,Copa De La Liga Profesional,Away Win,Home Win
2.4,2.2,3.2,1.8,1.0,1.0,0.8,0.6,Poland,Ekstraklasa,Away Win,Home Win
2.0,2.6,1.2,2.0,0.8,1.0,0.6,0.8,Spain,La Liga Santandar ,Away Win,Home Win
1.8,1.8,1.4,2.4,0.6,2.2,0.4,0.6,China,Super League,Home Win,Home Win
2.0,1.0,2.4,2.0,0.8,2.0,0.6,0.2,England,National league,Home Win,Home Win
1.4,1.2,1.6,2.2,1.2,1.6,0.4,0.4,Germany,Bundesliga 2,Away Win,Home Win
0.0,1.8,0.0,1.4,2.6,0.4,0.0,0.6,Sweden,Allsvenskan,Away Win,Away Win
2.4,1.4,1.2,1.0,0.2,0.8,0.8,0.2,Japan,J1 League,Away Win,Home Win
1.8,0.6,2.0,1.2,1.6,3.2,0.4,0.0,Romania,Liga 1,Draw,Home Win
1.0,0.4,0.6,0.4,1.2,1.0,0.2,0.0,Argentina,Copa De La Liga Profesional,Home Win,Home Win
0.2,1.0,0.6,2.0,1.8,1.6,0.0,0.2,Denmark,Superliga,Draw,Away Win
1.0,0.6,1.2,1.0,1.4,2.2,0.2,0.2,Netherlands,KPN Eredivisie,Draw,Home Win
2.2,0.4,2.4,1.2,0.8,3.2,0.6,0.0,Romania,Liga 1,Home Win,Home Win
1.4,0.8,1.4,1.0,1.2,2.2,0.2,0.2,England,English Championship,Away Win,Home Win
1.6,1.0,1.2,1.0,1.2,1.4,0.4,0.2,England,English Premier league,Draw,Home Win
2.2,1.6,2.4,1.2,1.2,2.0,0.6,0.4,England,National league,Draw,Home Win
1.8,1.4,1.4,1.0,1.6,1.0,0.6,0.4,France,Ligue 1,Draw,Home Win
1.2,1.2,1.0,1.2,1.2,1.6,0.4,0.4,Argentina,Copa De La Liga Profesional,Home Win,Home Win
1.2,0.8,1.0,0.8,1.0,1.8,0.2,0.2,Spain,La Liga Santandar ,Home Win,Home Win
1.8,1.4,1.2,0.8,1.2,1.2,0.6,0.4,Sweden,Allsvenskan,Away Win,Home Win
2.2,0.8,1.2,0.4,0.2,0.6,0.6,0.0,Spain,La Liga SmartBank,Home Win,Home Win
0.2,1.4,0.0,2.2,0.8,1.4,0.0,0.4,Poland,Ekstraklasa,Away Win,Away Win
1.0,0.4,1.4,0.4,1.6,1.0,0.2,0.0,Norway,Eliteserien,Home Win,Home Win
1.0,1.8,0.8,1.4,2.0,0.4,0.2,0.4,England,English Football League Two,Draw,Draw
1.2,1.4,0.8,1.0,0.8,1.4,0.2,0.4,Italy,Serie B,Draw,Home Win
1.4,1.2,1.8,1.4,1.0,1.6,0.4,0.4,China,Super League,Home Win,Home Win
0.0,0.0,1.6,0.4,2.6,2.2,0.0,0.0,Sweden,Allsvenskan,Draw,Home Win
0.8,1.0,0.8,1.2,2.0,1.4,0.2,0.2,England,National league,Draw,Away Win
1.0,1.0,0.6,1.2,0.8,2.2,0.2,0.2,Scotland,Scottish League two,Away Win,Home Win
0.6,1.4,0.4,0.8,1.6,1.6,0.0,0.4,Brazil,Serie A,Draw,Home Win
2.0,1.2,2.2,1.4,1.6,1.4,0.6,0.2,Spain,La Liga SmartBank,Draw,Home Win
1.6,1.8,1.0,1.4,1.0,0.8,0.4,0.6,Mexico,Liga MX,Draw,Home Win
1.6,1.0,0.8,0.8,0.8,0.8,0.4,0.2,Finland,Veikkausliiga,Away Win,Home Win
1.2,1.8,1.2,1.4,1.0,1.2,0.4,0.6,Sweden,Allsvenskan,Away Win,Home Win
1.2,3.0,0.8,2.0,1.4,0.4,0.4,1.0,Poland,Ekstraklasa,Away Win,Away Win
1.0,1.8,1.2,1.0,2.0,0.6,0.2,0.4,Finland,Veikkausliiga,Home Win,Away Win
0.2,2.4,0.4,2.2,1.6,1.4,0.0,0.8,France,Ligue 1,Home Win,Away Win
1.2,1.4,0.4,1.0,0.6,1.8,0.4,0.4,Argentina,Liga Profesional,Draw,Home Win
0.6,1.8,1.6,1.2,2.0,0.8,0.0,0.4,Poland,Ekstraklasa,Draw,Draw
1.4,0.8,1.0,0.8,0.8,2.2,0.4,0.2,England,English Championship,Draw,Home Win
1.0,1.2,1.2,1.6,1.4,1.8,0.2,0.2,Netherlands,KPN Eredivisie,Away Win,Home Win
0.8,3.0,1.4,3.0,2.2,0.4,0.2,1.0,Netherlands,KPN Eredivisie,Away Win,Away Win
1.0,0.0,0.8,0.0,2.0,2.0,0.2,0.0,Brazil,Serie A,Home Win,Home Win
1.8,0.8,1.0,1.0,0.6,1.6,0.4,0.2,France,Ligue 2,Draw,Home Win
2.4,1.8,0.8,1.8,0.2,0.8,0.8,0.6,Mexico,Liga MX,Home Win,Home Win
2.2,0.8,2.0,1.4,0.6,1.8,0.6,0.2,England,National league,Home Win,Home Win
0.4,1.2,0.6,0.4,1.6,2.0,0.0,0.4,Greece,Ethniki Katigoria,Away Win,Home Win
2.2,1.8,1.4,1.8,0.4,1.4,0.6,0.6,Mexico,Liga MX,Away Win,Home Win
0.4,0.2,0.6,1.0,2.6,2.6,0.0,0.0,Germany,Bundesliga 1,Draw,Home Win
2.6,1.2,2.2,2.0,0.4,1.6,0.8,0.4,Greece,Ethniki Katigoria,Draw,Home Win
2.6,1.2,1.4,1.2,0.4,1.6,0.8,0.2,Germany,Bundesliga 2,Home Win,Home Win
1.2,0.0,0.8,0.4,1.8,3.0,0.4,0.0,Ireland,Premier Division,Home Win,Home Win
1.8,2.6,1.2,2.6,0.6,1.2,0.6,0.8,Spain,La Liga SmartBank,Home Win,Home Win
1.0,1.2,0.8,1.6,1.8,2.0,0.2,0.4,Sweden,Allsvenskan,Home Win,Home Win
2.2,0.4,1.2,0.4,0.4,1.2,0.6,0.0,Argentina,Copa De La Liga Profesional,Home Win,Home Win
1.2,0.4,1.4,0.8,1.4,1.8,0.2,0.0,Scotland,Scottish Premiership,Home Win,Home Win
3.0,1.6,3.2,2.4,0.8,0.8,1.0,0.4,Austria,Bundesliga,Home Win,Home Win
0.8,1.4,2.2,1.0,2.4,1.4,0.0,0.4,Poland,Ekstraklasa,Draw,Home Win
0.6,2.6,1.0,2.4,2.2,1.4,0.2,0.8,Turkey,Ligi 1,Draw,Away Win
1.0,1.8,0.6,1.2,0.6,1.2,0.0,0.6,Argentina,Liga Profesional,Draw,Draw
1.4,1.6,1.6,1.4,1.4,1.0,0.4,0.4,Italy,Serie A,Home Win,Home Win
1.6,0.8,1.6,0.4,1.2,1.6,0.4,0.2,England,English Football League One,Home Win,Home Win
3.0,2.2,2.4,2.0,0.4,1.0,1.0,0.6,Denmark,Superliga,Away Win,Home Win
0.8,2.2,0.8,1.8,2.0,0.2,0.2,0.6,Belgium,Jupiler League,Away Win,Away Win
1.8,2.2,2.0,1.4,1.2,0.6,0.6,0.6,France,Ligue 2,Draw,Home Win
0.0,3.0,0.4,1.8,2.2,0.0,0.0,1.0,Argentina,Liga Profesional,Away Win,Away Win
1.8,0.8,1.2,1.4,0.4,2.2,0.4,0.2,England,National league,Away Win,Home Win
1.0,1.8,1.6,1.0,1.6,0.8,0.2,0.6,Denmark,Superliga,Home Win,Home Win
2.6,0.6,2.2,1.0,1.4,1.4,0.8,0.0,China,Super League,Draw,Home Win
1.8,1.6,1.8,0.8,1.4,0.6,0.6,0.4,Portugal,Liga I,Away Win,Home Win
2.0,1.4,1.4,1.0,0.6,1.4,0.6,0.4,Italy,Serie B,Away Win,Home Win
1.6,2.0,1.6,2.4,1.2,0.8,0.4,0.6,France,Ligue 1,Home Win,Away Win
1.4,1.8,2.0,1.6,1.2,1.2,0.4,0.4,Scotland,Scottish Championship,Draw,Away Win
2.2,1.2,1.4,0.8,0.8,1.0,0.6,0.4,Argentina,Liga Profesional,Home Win,Home Win
1.8,1.8,1.6,1.8,1.4,1.4,0.6,0.4,China,Super League,Away Win,Home Win
2.2,0.0,1.6,0.2,0.6,1.6,0.6,0.0,Argentina,Liga Profesional,Home Win,Home Win
1.6,1.2,1.2,1.0,0.8,1.2,0.4,0.4,England,National league,Home Win,Home Win
1.6,0.2,2.8,1.2,2.0,3.0,0.4,0.0,England,English Premier league,Away Win,Home Win
1.2,1.8,1.4,1.6,0.8,1.4,0.4,0.6,Switzerland,Super League,Home Win,Home Win
1.0,1.6,1.8,0.8,1.2,1.4,0.2,0.4,Ireland,Premier Division,Home Win,Home Win
1.2,1.0,2.6,1.2,2.4,1.4,0.4,0.2,Switzerland,Super League,Away Win,Home Win
1.4,2.4,1.0,1.2,1.0,0.2,0.4,0.8,Spain,La Liga SmartBank,Home Win,Home Win
1.2,1.6,1.6,0.4,2.6,0.4,0.4,0.4,USA,MLS,Draw,Home Win
0.0,3.0,0.8,1.8,2.2,0.4,0.0,1.0,Mexico,Liga MX,Draw,Away Win
1.8,0.6,2.0,0.2,1.2,0.6,0.4,0.0,Japan,J1 League,Away Win,Home Win
0.6,2.2,0.6,1.0,1.6,0.4,0.2,0.6,USA,MLS,Home Win,Away Win
1.6,1.0,1.2,1.0,1.8,1.2,0.4,0.2,Italy,Serie B,Home Win,Home Win
1.2,1.4,0.8,1.4,1.4,1.2,0.4,0.2,Poland,Ekstraklasa,Away Win,Draw
0.8,2.2,0.4,0.8,0.8,0.0,0.0,0.6,Japan,J1 League,Away Win,Draw
1.4,0.4,1.6,0.6,1.4,1.8,0.2,0.0,England,English Football League Two,Home Win,Home Win
1.4,0.0,1.2,0.6,1.2,2.4,0.4,0.0,Turkey,Ligi 1,Home Win,Home Win
0.8,3.0,1.0,2.6,1.6,1.0,0.2,1.0,Portugal,Liga I,Away Win,Away Win
1.4,0.8,1.4,0.4,1.8,1.8,0.4,0.2,France,Ligue 2,Home Win,Home Win
1.4,1.8,0.8,2.0,0.8,1.6,0.4,0.4,Romania,Liga 1,Away Win,Draw
2.6,0.6,3.8,1.2,0.6,2.8,0.8,0.2,Germany,Bundesliga 1,Draw,Home Win
0.2,1.6,0.8,1.4,1.8,0.8,0.0,0.4,Netherlands,KPN Eredivisie,Away Win,Away Win
0.8,0.4,1.2,0.8,1.6,1.6,0.2,0.0,Italy,Serie B,Away Win,Home Win
0.4,3.0,0.8,2.0,4.0,0.4,0.0,1.0,Poland,Ekstraklasa,Away Win,Away Win
1.6,1.8,1.2,1.0,1.0,0.6,0.4,0.4,Poland,Ekstraklasa,Away Win,Draw
0.8,3.0,1.0,1.8,1.4,0.6,0.0,1.0,Mexico,Liga MX,Away Win,Away Win
1.8,1.2,2.4,1.4,2.2,1.6,0.6,0.4,Mexico,Liga MX,Home Win,Home Win
2.2,0.0,2.4,0.6,0.6,2.0,0.6,0.0,Denmark,Superliga,Home Win,Home Win
0.8,0.8,1.2,1.0,2.0,1.4,0.2,0.2,Spain,La Liga SmartBank,Home Win,Home Win
2.6,0.2,3.0,0.2,1.4,1.4,0.8,0.0,Poland,Ekstraklasa,Draw,Home Win
1.8,2.4,1.8,2.4,0.6,0.8,0.4,0.8,England,English Football League One,Away Win,Home Win
0.8,1.8,1.6,2.0,1.8,1.2,0.0,0.6,Argentina,Copa De La Liga Profesional,Away Win,Draw
1.0,0.6,1.0,0.2,1.6,1.0,0.2,0.2,Spain,La Liga SmartBank,Home Win,Home Win
3.0,0.4,1.4,0.0,0.0,1.8,1.0,0.0,Austria,Bundesliga,Home Win,Home Win
1.2,2.0,1.8,1.4,2.0,0.8,0.2,0.6,Italy,Serie A,Away Win,Home Win
2.4,0.2,1.8,0.4,1.4,1.6,0.8,0.0,England,English Premier league,Away Win,Home Win
0.0,0.8,0.8,0.8,2.6,1.8,0.0,0.2,Greece,Ethniki Katigoria,Draw,Away Win
0.4,1.8,1.0,2.6,1.8,2.6,0.0,0.6,China,Super League,Away Win,Away Win
1.8,0.8,1.6,0.8,1.2,1.4,0.4,0.2,Spain,La Liga SmartBank,Draw,Home Win
2.4,2.2,1.6,1.8,0.6,0.4,0.8,0.6,Switzerland,Super League,Away Win,Home Win
1.8,1.8,2.2,2.0,1.6,1.8,0.6,0.6,Austria,Bundesliga,Home Win,Home Win
1.2,1.0,1.6,1.8,1.4,1.8,0.4,0.2,England,English Football League Two,Draw,Home Win
1.0,1.6,0.8,0.4,0.8,0.4,0.0,0.4,Argentina,Liga Profesional,Draw,Draw
0.0,1.8,0.0,2.2,2.6,1.6,0.0,0.6,China,Super League,Away Win,Away Win
0.0,3.0,0.2,2.4,2.2,1.2,0.0,1.0,England,National league,Draw,Away Win
0.8,1.4,1.0,2.0,1.2,1.8,0.2,0.4,England,English Football League Two,Away Win,Home Win
3.0,2.0,2.8,1.6,0.4,0.8,1.0,0.6,Germany,Bundesliga 1,Home Win,Home Win
0.4,0.8,0.6,1.2,1.4,2.0,0.0,0.2,Spain,La Liga SmartBank,Away Win,Home Win
2.4,1.0,1.6,1.2,0.4,1.2,0.8,0.2,Norway,Eliteserien,Away Win,Home Win
0.2,1.8,0.6,2.2,3.0,1.4,0.0,0.6,Mexico,Liga MX,Home Win,Away Win
1.2,1.4,0.8,2.0,0.8,1.6,0.4,0.2,Poland,Ekstraklasa,Home Win,Draw
1.6,1.0,1.6,1.4,1.2,1.4,0.4,0.2,England,English Football League Two,Draw,Home Win
1.8,0.4,2.6,0.4,0.8,2.2,0.6,0.0,Brazil,Serie A,Home Win,Home Win
1.2,1.8,0.4,1.6,1.2,1.2,0.4,0.6,Brazil,Serie A,Away Win,Home Win
0.6,1.8,0.8,1.8,1.4,1.0,0.2,0.6,Italy,Serie B,Away Win,Away Win
1.2,2.0,1.0,2.6,1.4,1.8,0.2,0.6,Netherlands,KPN Eredivisie,Draw,Home Win
0.6,1.6,1.2,1.0,1.8,0.8,0.2,0.4,Japan,J1 League,Home Win,Away Win
2.2,0.0,1.6,0.6,0.6,2.8,0.6,0.0,Brazil,Serie A,Home Win,Home Win
1.8,0.2,2.4,0.4,2.0,1.2,0.6,0.0,Norway,Eliteserien,Home Win,Home Win
2.6,0.0,2.0,1.0,0.8,2.8,0.8,0.0,Sweden,Allsvenskan,Away Win,Home Win
1.2,3.0,1.2,3.8,1.4,0.4,0.4,1.0,Norway,Eliteserien,Home Win,Away Win
1.8,1.2,1.4,1.0,1.0,1.8,0.6,0.4,Japan,J1 League,Home Win,Home Win
1.2,1.4,1.2,1.6,1.4,1.4,0.4,0.4,Belgium,Jupiler League,Home Win,Home Win
1.8,1.4,2.4,1.4,2.4,1.2,0.6,0.4,England,National league,Draw,Home Win
2.6,1.4,2.0,1.0,0.8,2.0,0.8,0.4,England,English Championship,Home Win,Home Win
1.2,1.0,0.8,0.6,1.2,0.8,0.4,0.2,Spain,La Liga SmartBank,Home Win,Home Win
2.2,1.4,1.0,1.8,0.4,1.4,0.6,0.4,France,Ligue 2,Away Win,Home Win
1.4,1.0,1.4,1.0,1.2,1.4,0.4,0.2,France,Ligue 1,Away Win,Home Win
0.4,1.8,0.2,1.6,1.4,0.8,0.0,0.4,England,English Football League One,Away Win,Away Win
0.6,0.2,0.4,0.4,2.0,1.2,0.0,0.0,USA,MLS,Draw,Home Win
0.2,1.0,1.2,1.2,2.8,1.2,0.0,0.0,USA,MLS,Draw,Draw
1.8,2.6,1.2,2.4,0.4,0.8,0.4,0.8,Argentina,Copa De La Liga Profesional,Draw,Draw
1.0,1.4,1.0,1.0,1.6,1.8,0.2,0.4,Spain,La Liga Santandar ,Draw,Home Win
1.0,1.6,0.6,1.4,1.0,1.2,0.2,0.4,England,English Football League One,Draw,Away Win
1.0,3.0,1.6,4.2,1.6,1.4,0.0,1.0,Romania,Liga 1,Draw,Draw
0.2,1.8,0.2,1.2,2.2,1.0,0.0,0.6,Argentina,Liga Profesional,Home Win,Away Win
2.2,1.0,2.0,1.0,0.6,1.2,0.6,0.2,England,English Football League One,Draw,Home Win
1.2,0.8,1.4,0.2,1.2,0.4,0.4,0.0,Greece,Ethniki Katigoria,Home Win,Home Win
1.2,1.0,1.8,1.0,1.8,1.2,0.4,0.2,England,English Championship,Home Win,Home Win
1.4,1.8,0.8,2.0,2.0,1.6,0.4,0.4,Russia,Premier League,Draw,Home Win
0.6,1.0,0.0,0.4,0.8,0.4,0.0,0.0,Argentina,Copa De La Liga Profesional,Draw,Draw
0.2,1.0,1.0,1.2,2.2,0.8,0.0,0.2,Austria,Bundesliga,Draw,Away Win
1.6,1.8,1.4,1.8,1.4,0.8,0.4,0.6,China,Super League,Home Win,Home Win
1.2,1.8,1.4,2.0,1.2,1.0,0.4,0.6,Norway,Eliteserien,Away Win,Away Win
2.6,1.6,3.0,1.4,0.6,0.8,0.8,0.4,Turkey,Ligi 1,Home Win,Home Win
1.0,3.0,1.6,2.8,1.8,0.0,0.2,1.0,Poland,Ekstraklasa,Home Win,Away Win
2.2,0.0,1.4,0.4,0.4,1.8,0.6,0.0,Japan,J1 League,Home Win,Home Win
2.6,1.4,1.8,1.2,1.0,0.8,0.8,0.4,Norway,Eliteserien,Home Win,Home Win
1.0,1.2,0.0,2.0,0.0,1.4,0.0,0.4,Romania,Liga 1,Away Win,Draw
0.0,0.0,1.2,0.4,2.2,2.0,0.0,0.0,Russia,Premier League,Draw,Home Win
1.0,0.8,2.0,1.4,2.0,2.0,0.2,0.2,Germany,Bundesliga 2,Draw,Home Win
0.6,0.8,0.8,0.4,2.0,0.8,0.2,0.0,Sweden,Allsvenskan,Home Win,Away Win
1.8,1.4,1.6,1.8,1.6,1.6,0.6,0.4,Belgium,Jupiler League,Draw,Home Win
0.6,1.0,0.0,0.8,1.6,1.0,0.0,0.2,Austria,Bundesliga,Home Win,Draw
1.4,1.2,1.6,1.0,1.6,1.0,0.4,0.2,England,English Premier league,Home Win,Home Win
1.4,0.2,1.8,0.6,2.0,1.8,0.4,0.0,Scotland,Scottish Premiership,Away Win,Home Win
0.2,0.6,0.6,1.0,2.0,2.4,0.0,0.2,Scotland,Scottish Premiership,Away Win,Home Win
1.8,1.8,2.0,1.6,1.4,0.4,0.4,0.4,France,Ligue 2,Home Win,Draw
0.8,1.6,0.8,0.6,1.4,0.2,0.2,0.4,Portugal,Liga I,Home Win,Away Win
1.6,1.8,0.8,2.2,0.4,1.0,0.4,0.4,Belgium,Jupiler League,Home Win,Draw
1.8,1.2,1.4,1.6,1.6,1.4,0.6,0.4,Brazil,Serie A,Away Win,Home Win
0.4,1.4,0.8,1.6,1.8,2.0,0.0,0.4,Denmark,Superliga,Draw,Away Win
0.6,1.2,0.6,1.8,1.4,1.8,0.2,0.2,Scotland,Scottish League one,Away Win,Away Win
0.0,1.0,0.4,0.6,1.8,1.2,0.0,0.2,Romania,Liga 1,Away Win,Away Win
1.6,1.4,1.2,1.2,1.2,1.0,0.4,0.2,England,English Football League Two,Draw,Draw
2.0,0.6,2.6,1.0,1.6,2.0,0.6,0.2,England,National league,Draw,Home Win
1.6,1.4,1.0,1.2,0.8,1.6,0.4,0.4,Portugal,Liga I,Away Win,Home Win
1.6,2.0,1.2,1.8,0.8,1.2,0.4,0.6,Turkey,Ligi 1,Away Win,Home Win
1.2,2.2,0.8,1.6,1.6,0.4,0.4,0.6,Denmark,Superliga,Away Win,Away Win
0.4,2.2,0.4,1.0,1.4,0.0,0.0,0.6,Austria,Bundesliga,Away Win,Away Win
1.8,1.8,1.4,2.0,1.2,1.0,0.6,0.6,Romania,Liga 1,Home Win,Home Win
0.2,1.4,0.6,1.0,2.2,1.2,0.0,0.4,Portugal,Liga I,Home Win,Away Win
1.6,0.8,1.0,0.8,0.6,1.8,0.4,0.2,France,Ligue 2,Home Win,Home Win
1.4,2.6,1.8,3.0,1.2,0.8,0.4,0.8,England,English Premier league,Home Win,Away Win
1.4,2.4,2.8,1.0,1.2,0.4,0.4,0.8,Austria,Bundesliga,Draw,Away Win
3.0,2.2,2.2,1.4,0.4,0.8,1.0,0.6,Turkey,Ligi 1,Home Win,Home Win
1.2,2.0,0.6,1.2,0.8,0.4,0.4,0.6,England,English Premier league,Away Win,Away Win
1.8,0.2,1.2,0.8,1.2,2.8,0.6,0.0,Switzerland,Super League,Home Win,Home Win
0.0,1.8,0.4,1.4,1.4,1.6,0.0,0.6,USA,MLS,Away Win,Away Win
1.0,0.2,0.8,0.8,1.0,2.2,0.2,0.0,Greece,Ethniki Katigoria,Draw,Home Win
1.4,0.6,2.4,0.8,2.0,1.6,0.2,0.0,USA,MLS,Draw,Home Win
0.4,0.0,0.0,0.2,1.0,2.2,0.0,0.0,Japan,J1 League,Home Win,Home Win
2.6,1.4,1.6,0.8,0.8,0.8,0.8,0.4,Argentina,Liga Profesional,Draw,Home Win
1.6,2.2,0.8,1.8,0.6,0.6,0.4,0.6,England,English Football League Two,Home Win,Draw
1.4,1.8,1.8,1.0,1.0,0.6,0.4,0.4,Russia,Premier League,Home Win,Home Win
1.4,0.4,1.0,0.4,1.2,1.6,0.4,0.0,Scotland,Scottish League two,Away Win,Home Win
1.4,1.0,1.2,0.6,1.0,0.6,0.4,0.2,Italy,Serie B,Draw,Home Win
1.8,0.8,1.2,1.6,1.0,2.0,0.6,0.2,England,National league,Home Win,Home Win
1.0,2.4,1.2,2.4,1.8,1.4,0.2,0.8,Germany,Bundesliga 1,Draw,Away Win
3.0,0.8,1.2,1.2,0.0,1.6,1.0,0.0,Argentina,Liga Profesional,Home Win,Home Win
1.0,0.0,0.8,0.4,1.2,2.0,0.2,0.0,England,English Football League One,Draw,Home Win
0.4,0.4,1.0,0.2,2.2,1.6,0.0,0.0,England,English Championship,Home Win,Home Win
1.4,1.6,0.8,1.4,1.6,1.2,0.4,0.4,Sweden,Allsvenskan,Away Win,Home Win
0.8,1.2,1.2,1.4,1.6,2.0,0.2,0.4,Germany,Bundesliga 1,Home Win,Home Win
0.0,1.6,0.0,1.4,2.2,0.8,0.0,0.4,England,English Football League One,Draw,Away Win
1.2,0.6,0.8,0.2,1.8,2.0,0.4,0.2,Argentina,Liga Profesional,Away Win,Home Win
0.6,1.2,1.0,1.8,1.4,1.2,0.0,0.4,Ireland,Premier Division,Draw,Away Win
1.8,2.4,1.6,2.0,1.2,1.2,0.6,0.8,Poland,Ekstraklasa,Home Win,Home Win
2.0,1.0,2.6,1.2,1.2,1.8,0.6,0.2,Turkey,Ligi 1,Home Win,Home Win
1.0,1.0,1.0,1.6,2.2,2.4,0.2,0.2,Scotland,Scottish Championship,Draw,Draw
2.2,1.2,1.6,1.0,0.6,2.4,0.6,0.4,USA,MLS,Home Win,Home Win
1.0,2.4,2.0,3.4,1.4,1.6,0.2,0.8,USA,MLS,Home Win,Home Win
0.8,1.8,0.2,2.2,0.4,1.0,0.0,0.4,Poland,Ekstraklasa,Home Win,Draw
3.0,2.4,2.4,2.4,0.8,0.8,1.0,0.8,Norway,Eliteserien,Home Win,Home Win
1.2,1.2,0.6,1.2,0.4,1.2,0.2,0.2,Spain,La Liga SmartBank,Draw,Draw
2.2,1.0,0.8,0.6,0.0,0.6,0.6,0.0,Brazil,Serie A,Home Win,Draw
1.0,1.6,1.2,1.2,1.0,1.0,0.2,0.4,Spain,La Liga Santandar ,Away Win,Home Win
2.2,1.2,1.2,1.0,0.2,1.2,0.6,0.4,Japan,J1 League,Home Win,Home Win
1.8,0.8,1.6,1.4,1.2,1.8,0.6,0.2,England,National league,Home Win,Home Win
1.2,2.2,1.0,2.4,2.0,0.8,0.4,0.6,England,National league,Away Win,Away Win
0.8,3.0,0.4,2.4,0.8,0.8,0.0,1.0,Switzerland,Super League,Away Win,Away Win
2.0,1.2,1.0,1.8,0.2,1.8,0.6,0.4,England,English Football League Two,Away Win,Home Win
1.0,0.8,1.2,0.8,1.6,2.4,0.2,0.2,England,English Championship,Home Win,Home Win
1.0,1.4,2.0,2.2,2.4,2.4,0.2,0.4,England,National league,Home Win,Home Win
0.4,0.6,1.0,0.6,2.0,1.6,0.0,0.0,Spain,La Liga SmartBank,Draw,Home Win
3.0,1.8,2.6,1.2,0.2,1.2,1.0,0.6,Portugal,Liga I,Home Win,Home Win
1.8,0.6,1.8,1.0,1.2,1.6,0.6,0.0,Scotland,Scottish Championship,Draw,Home Win
0.8,0.8,1.8,0.6,2.8,2.2,0.2,0.2,England,English Premier league,Home Win,Home Win
1.4,1.4,2.2,1.4,1.4,1.0,0.4,0.2,USA,MLS,Draw,Home Win
0.6,2.2,1.2,1.6,1.4,0.6,0.2,0.6,Japan,J1 League,Home Win,Away Win
0.6,2.4,0.8,2.8,1.4,1.0,0.2,0.8,England,National league,Away Win,Away Win
2.6,3.0,1.8,3.0,1.0,1.6,0.8,1.0,Romania,Liga 1,Draw,Home Win
1.4,3.0,1.8,2.0,2.6,0.4,0.4,1.0,England,English Football League Two,Away Win,Away Win
3.0,1.6,1.0,1.6,0.0,1.0,1.0,0.4,Poland,Ekstraklasa,Home Win,Home Win
0.2,1.6,0.2,1.6,1.4,1.0,0.0,0.4,Japan,J1 League,Home Win,Away Win
2.0,1.2,1.4,1.2,0.8,1.6,0.6,0.4,England,English Championship,Draw,Home Win
0.4,0.6,0.4,1.0,1.4,3.2,0.0,0.2,Austria,Bundesliga,Away Win,Home Win
2.2,1.4,1.4,1.4,0.6,1.2,0.6,0.4,England,English Championship,Home Win,Home Win
1.8,1.8,2.0,2.6,2.2,2.2,0.6,0.6,Poland,Ekstraklasa,Away Win,Home Win
0.2,1.8,0.8,2.2,2.0,1.2,0.0,0.4,Germany,Bundesliga 2,Home Win,Away Win
1.4,1.4,1.2,1.2,1.2,1.2,0.4,0.4,Brazil,Serie A,Draw,Home Win
1.0,1.8,1.8,1.4,2.0,0.8,0.2,0.6,Sweden,Allsvenskan,Draw,Home Win
1.4,1.6,1.0,1.6,1.4,1.2,0.4,0.4,China,Super League,Home Win,Home Win
1.0,1.2,0.8,1.8,1.6,1.6,0.2,0.2,Belgium,Jupiler League,Away Win,Draw
1.0,1.0,1.2,1.0,2.0,1.4,0.2,0.2,England,National league,Home Win,Home Win
1.2,0.8,2.2,1.2,1.4,1.8,0.4,0.2,Scotland,Scottish League two,Away Win,Home Win
0.0,2.4,0.4,1.6,1.6,0.2,0.0,0.8,Finland,Veikkausliiga,Away Win,Away Win
0.4,0.2,0.6,0.6,1.2,1.6,0.0,0.0,Spain,La Liga Santandar ,Home Win,Home Win
1.4,2.0,1.0,1.8,1.0,0.8,0.4,0.6,Scotland,Scottish Championship,Home Win,Away Win
1.6,1.4,0.6,1.6,0.4,1.2,0.4,0.2,Spain,La Liga Santandar ,Away Win,Draw
1.0,0.4,1.2,0.6,1.6,1.4,0.2,0.0,Scotland,Scottish League two,Home Win,Home Win
1.8,1.6,2.0,0.8,1.8,1.0,0.6,0.4,Japan,J1 League,Home Win,Home Win
1.2,0.6,0.8,2.2,1.0,2.6,0.4,0.0,Ireland,Premier Division,Draw,Home Win
1.4,0.6,0.8,2.0,0.8,2.4,0.4,0.0,Ireland,Premier Division,Draw,Home Win
1.4,1.8,1.6,1.2,1.6,0.8,0.4,0.4,China,Super League,Draw,Home Win
2.6,1.4,1.4,1.0,0.6,1.0,0.8,0.4,England,English Football League One,Home Win,Home Win
1.0,3.0,1.0,2.6,1.6,0.8,0.2,1.0,England,English Football League Two,Home Win,Away Win
1.4,1.4,1.6,0.4,0.4,0.2,0.2,0.2,Poland,Ekstraklasa,Away Win,Draw
2.2,1.6,1.4,1.4,0.4,0.8,0.6,0.4,USA,MLS,Draw,Home Win
1.8,0.2,0.8,0.4,0.4,1.2,0.4,0.0,Japan,J1 League,Draw,Home Win
2.4,2.2,1.6,2.2,0.6,1.2,0.8,0.6,Japan,J1 League,Away Win,Home Win
3.0,2.0,3.8,1.8,0.6,1.2,1.0,0.6,Scotland,Scottish Premiership,Home Win,Home Win
0.0,1.2,0.0,0.8,2.0,2.2,0.0,0.4,Belgium,Jupiler League,Home Win,Away Win
1.4,1.4,1.4,1.2,1.8,0.8,0.4,0.4,Austria,Bundesliga,Home Win,Home Win
0.8,0.8,1.0,0.8,1.8,1.0,0.2,0.0,England,English Football League Two,Home Win,Draw
2.6,1.8,1.0,1.4,0.2,0.6,0.8,0.4,Brazil,Serie A,Draw,Home Win
2.4,2.2,2.2,1.6,0.6,1.0,0.8,0.6,Italy,Serie B,Home Win,Home Win
1.4,1.8,2.4,1.0,2.4,1.2,0.4,0.6,France,Ligue 2,Home Win,Home Win
1.8,1.6,1.4,2.0,1.2,1.0,0.6,0.4,Argentina,Liga Profesional,Home Win,Home Win
1.2,1.0,0.8,0.6,1.0,1.2,0.4,0.2,Argentina,Liga Profesional,Away Win,Home Win
0.6,1.8,0.4,0.4,0.8,0.0,0.0,0.4,Argentina,Liga Profesional,Draw,Draw
0.4,1.2,0.8,1.0,2.4,0.8,0.0,0.4,Argentina,Liga Profesional,Home Win,Home Win
1.0,1.4,1.4,0.8,1.6,0.8,0.2,0.4,Japan,J1 League,Away Win,Home Win
2.2,1.8,1.0,1.4,0.2,1.0,0.6,0.6,England,English Championship,Away Win,Home Win
2.6,1.6,3.4,1.6,1.0,1.4,0.8,0.4,USA,MLS,Home Win,Home Win
0.6,2.2,1.2,1.8,2.2,0.8,0.2,0.6,England,National league,Draw,Away Win
1.0,2.4,1.2,1.8,1.4,0.8,0.2,0.8,Turkey,Ligi 1,Away Win,Away Win
2.0,1.4,1.4,0.8,0.6,0.6,0.6,0.2,Italy,Serie A,Home Win,Home Win
1.8,1.6,1.4,1.8,1.4,1.4,0.6,0.4,China,Super League,Home Win,Home Win
1.0,1.4,0.6,0.8,1.2,1.2,0.2,0.4,Romania,Liga 1,Home Win,Home Win
1.8,1.6,2.4,1.4,2.2,1.2,0.6,0.4,Japan,J1 League,Home Win,Home Win
3.0,0.8,4.0,0.6,0.6,1.0,1.0,0.2,Netherlands,KPN Eredivisie,Home Win,Home Win
1.4,0.2,1.4,1.0,1.4,2.8,0.4,0.0,England,English Premier league,Draw,Home Win
1.2,1.8,1.2,1.8,1.6,1.2,0.4,0.6,Poland,Ekstraklasa,Home Win,Home Win
2.4,1.6,3.0,2.4,1.2,1.8,0.8,0.4,Austria,Bundesliga,Home Win,Home Win
2.4,0.8,2.2,1.0,0.4,1.8,0.8,0.2,Netherlands,KPN Eredivisie,Home Win,Home Win
0.2,2.6,1.0,1.8,1.8,0.6,0.0,0.8,Mexico,Liga MX,Draw,Away Win
2.6,2.0,1.2,1.6,0.4,0.8,0.8,0.6,Spain,La Liga Santandar ,Home Win,Home Win
1.0,1.4,1.6,1.8,1.4,1.6,0.2,0.4,Spain,La Liga SmartBank,Home Win,Home Win
1.6,0.0,1.4,0.4,1.2,2.0,0.4,0.0,England,National league,Home Win,Home Win
3.0,1.0,2.8,1.2,1.0,1.2,1.0,0.0,Sweden,Allsvenskan,Draw,Home Win
1.2,1.0,1.2,1.6,1.2,2.0,0.2,0.2,Germany,Bundesliga 1,Away Win,Home Win
1.8,1.8,1.4,1.0,1.4,1.8,0.6,0.6,Mexico,Liga MX,Home Win,Home Win
1.4,1.4,2.2,1.0,1.8,1.4,0.4,0.4,England,English Football League One,Draw,Home Win
0.6,1.8,1.0,1.0,1.8,0.6,0.0,0.4,Romania,Liga 1,Draw,Draw
1.6,3.0,2.4,2.6,1.4,0.0,0.4,1.0,Japan,J1 League,Away Win,Away Win
1.4,2.4,1.0,2.8,0.8,0.2,0.2,0.8,Mexico,Liga MX,Home Win,Draw
1.8,1.0,1.2,0.8,0.4,1.8,0.4,0.2,Denmark,Superliga,Away Win,Home Win
1.6,2.0,1.4,2.0,1.0,1.4,0.4,0.6,France,Ligue 1,Home Win,Home Win
1.4,3.0,1.2,1.2,1.2,0.2,0.4,1.0,Ireland,Premier Division,Away Win,Away Win
1.6,1.8,1.0,2.4,1.0,1.2,0.4,0.6,Switzerland,Super League,Home Win,Home Win
0.2,2.2,0.4,0.8,1.4,0.0,0.0,0.6,Spain,La Liga SmartBank,Home Win,Away Win
1.8,2.2,1.2,1.6,1.0,0.4,0.6,0.6,England,English Football League Two,Draw,Away Win
2.0,1.0,1.6,1.8,0.8,2.6,0.6,0.2,England,English Football League Two,Home Win,Home Win
0.8,1.4,0.8,2.6,1.6,1.4,0.2,0.4,Netherlands,KPN Eredivisie,Away Win,Away Win
0.4,2.2,0.4,2.6,1.4,1.6,0.0,0.6,USA,MLS,Away Win,Draw
1.6,1.6,1.0,1.8,1.0,1.4,0.4,0.4,Scotland,Scottish Premiership,Home Win,Home Win
2.0,1.2,2.2,1.8,1.4,2.2,0.6,0.4,Turkey,Ligi 1,Home Win,Home Win
2.2,1.8,2.2,2.2,0.8,1.2,0.6,0.6,Turkey,Ligi 1,Away Win,Home Win
1.0,1.0,1.2,0.8,1.6,1.2,0.2,0.2,Belgium,Jupiler League,Draw,Home Win
0.4,0.4,0.4,0.4,1.4,1.4,0.0,0.0,Mexico,Liga MX,Draw,Home Win
1.0,1.8,1.0,0.6,1.6,0.0,0.2,0.4,France,Ligue 2,Draw,Draw
1.2,3.0,0.4,2.2,1.0,0.4,0.4,1.0,Mexico,Liga MX,Away Win,Away Win
0.8,0.6,1.0,1.0,1.8,1.6,0.2,0.0,Italy,Serie B,Away Win,Draw
2.0,0.8,2.4,1.4,1.8,3.0,0.6,0.2,England,National league,Home Win,Home Win
1.4,0.6,2.6,0.6,1.4,1.8,0.4,0.0,Romania,Liga 1,Draw,Home Win
1.0,1.4,1.0,2.2,1.0,1.8,0.0,0.4,USA,MLS,Draw,Draw
2.0,1.8,1.2,2.4,0.6,1.8,0.6,0.6,Spain,La Liga Santandar ,Home Win,Home Win
3.0,0.4,3.4,1.6,2.4,3.0,1.0,0.0,Mexico,Liga MX,Home Win,Home Win
0.6,2.0,0.8,1.8,1.2,1.0,0.0,0.6,England,English Football League One,Draw,Away Win
1.8,0.8,0.6,0.4,0.2,0.8,0.4,0.0,Poland,Ekstraklasa,Home Win,Draw
0.6,2.0,0.6,1.8,2.0,1.4,0.0,0.6,Greece,Ethniki Katigoria,Away Win,Away Win
1.4,1.6,1.0,2.0,1.4,1.8,0.4,0.4,Japan,J1 League,Draw,Home Win
2.2,0.0,1.8,0.4,0.4,3.2,0.6,0.0,Greece,Ethniki Katigoria,Home Win,Home Win
0.2,0.4,0.4,0.6,1.4,1.8,0.0,0.0,England,English Football League One,Away Win,Home Win
1.6,1.2,1.2,1.4,1.2,1.8,0.4,0.4,France,Ligue 1,Draw,Home Win
2.2,1.4,1.8,1.6,1.0,1.2,0.6,0.4,England,National league,Home Win,Home Win
0.6,0.0,0.8,0.6,1.2,2.4,0.0,0.0,Argentina,Liga Profesional,Draw,Home Win
1.2,1.8,0.8,1.6,1.2,1.6,0.4,0.6,Norway,Eliteserien,Away Win,Home Win
0.0,1.4,1.0,1.4,3.4,1.0,0.0,0.2,Russia,Premier League,Away Win,Away Win
2.6,2.4,1.4,1.6,0.6,0.6,0.8,0.8,Ireland,Premier Division,Home Win,Home Win
0.6,1.8,0.4,2.0,0.8,1.6,0.0,0.4,Argentina,Liga Profesional,Draw,Draw
1.6,2.4,1.4,1.2,0.6,0.8,0.4,0.8,Belgium,Jupiler League,Draw,Home Win
0.4,1.8,0.6,2.0,2.2,2.0,0.0,0.6,England,National league,Draw,Away Win
0.6,0.8,0.6,0.2,1.0,1.2,0.0,0.2,Greece,Ethniki Katigoria,Away Win,Home Win
2.4,1.6,2.0,1.4,1.0,1.4,0.8,0.4,England,National league,Home Win,Home Win
2.2,2.4,1.8,2.0,0.4,1.4,0.6,0.8,Austria,Bundesliga,Home Win,Home Win
1.8,0.8,2.0,0.4,1.6,1.0,0.6,0.0,Argentina,Copa De La Liga Profesional,Home Win,Home Win
1.4,1.2,1.0,0.6,0.6,1.4,0.4,0.4,England,National league,Home Win,Home Win
1.0,0.8,1.8,1.6,2.0,1.8,0.2,0.0,USA,MLS,Home Win,Home Win
1.6,1.8,1.2,1.4,0.4,1.4,0.4,0.6,Spain,La Liga Santandar ,Home Win,Home Win
0.2,2.6,0.2,3.0,2.6,0.6,0.0,0.8,China,Super League,Draw,Away Win
0.6,0.4,0.6,0.2,1.4,1.2,0.2,0.0,Spain,La Liga Santandar ,Away Win,Home Win
1.4,1.8,1.0,1.0,0.8,0.6,0.4,0.4,France,Ligue 2,Draw,Home Win
1.6,2.0,1.6,2.2,1.4,1.4,0.4,0.6,Italy,Serie B,Draw,Home Win
2.2,1.2,1.2,1.4,0.6,2.4,0.6,0.4,USA,MLS,Home Win,Home Win
3.0,0.0,2.6,0.6,0.0,2.8,1.0,0.0,Denmark,Superliga,Home Win,Home Win
2.4,0.2,1.8,0.8,0.6,1.6,0.8,0.0,Italy,Serie B,Away Win,Home Win
0.0,1.8,0.4,2.0,2.8,1.2,0.0,0.6,Austria,Bundesliga,Away Win,Away Win
1.4,2.0,1.4,1.6,1.4,0.6,0.4,0.6,England,English Championship,Home Win,Away Win
0.4,1.6,0.8,1.8,1.6,1.4,0.0,0.4,Germany,Bundesliga 2,Away Win,Away Win
0.6,1.4,1.0,1.0,1.8,1.4,0.0,0.4,England,English Championship,Home Win,Home Win
1.4,0.6,1.0,0.8,0.8,2.0,0.2,0.0,Poland,Ekstraklasa,Home Win,Home Win
0.2,1.2,0.8,1.6,2.2,1.8,0.0,0.4,Turkey,Ligi 1,Home Win,Away Win
2.2,1.0,2.0,1.0,1.0,1.8,0.6,0.2,Italy,Serie B,Away Win,Home Win
3.0,0.0,2.0,0.4,0.0,3.4,1.0,0.0,Russia,Premier League,Home Win,Home Win
1.8,1.4,1.6,0.2,0.8,0.0,0.4,0.2,Argentina,Copa De La Liga Profesional,Away Win,Draw
0.6,1.6,0.6,1.4,1.0,0.8,0.0,0.4,USA,MLS,Draw,Draw
0.8,1.6,0.8,1.4,1.2,1.0,0.0,0.4,England,English Championship,Away Win,Draw
3.0,1.2,2.8,1.8,0.6,2.0,1.0,0.4,Switzerland,Super League,Home Win,Home Win
3.0,2.2,2.6,1.8,1.2,0.8,1.0,0.6,USA,MLS,Away Win,Home Win
1.4,1.6,1.4,2.4,0.8,2.2,0.2,0.4,Mexico,Liga MX,Home Win,Home Win
1.6,1.4,1.4,1.8,1.2,1.4,0.4,0.4,France,Ligue 1,Away Win,Home Win
0.0,2.2,0.6,1.0,2.4,0.4,0.0,0.6,Denmark,Superliga,Home Win,Away Win
0.8,1.2,1.2,2.4,2.2,1.8,0.2,0.4,England,English Football League Two,Draw,Away Win
2.4,1.8,2.0,2.2,1.0,1.4,0.8,0.6,England,National league,Draw,Home Win
0.6,1.8,1.2,2.4,2.4,0.8,0.0,0.4,Poland,Ekstraklasa,Draw,Draw
1.4,0.4,1.8,0.6,1.8,1.8,0.4,0.0,USA,MLS,Draw,Home Win
2.2,0.0,1.8,0.4,0.8,2.0,0.6,0.0,Denmark,Superliga,Home Win,Home Win
1.4,2.2,1.0,2.0,0.8,1.4,0.2,0.6,Austria,Bundesliga,Away Win,Draw
0.6,2.2,0.8,2.6,2.6,1.4,0.2,0.6,England,English Premier league,Away Win,Away Win
2.2,0.6,2.0,1.4,0.6,2.0,0.6,0.2,USA,MLS,Home Win,Home Win
1.6,1.0,1.8,1.6,1.4,1.8,0.4,0.2,England,English Football League Two,Home Win,Home Win
3.0,0.8,4.8,1.4,0.4,2.2,1.0,0.2,England,English Premier league,Home Win,Home Win
3.0,1.6,2.8,1.0,0.2,1.2,1.0,0.4,USA,MLS,Home Win,Home Win
3.0,1.8,3.0,2.2,0.2,1.0,1.0,0.4,Italy,Serie A,Draw,Home Win
1.4,0.4,1.2,0.6,1.2,1.8,0.4,0.0,Portugal,Liga I,Draw,Home Win
1.8,1.6,2.6,1.2,2.2,1.0,0.6,0.4,Japan,J1 League,Home Win,Home Win
0.6,0.2,0.8,1.2,1.4,3.4,0.0,0.0,Italy,Serie A,Home Win,Home Win
2.0,2.2,2.2,1.8,1.4,1.2,0.6,0.6,Scotland,Scottish League one,Away Win,Home Win
1.2,0.2,1.4,0.6,2.8,3.0,0.4,0.0,England,English Premier league,Draw,Home Win
1.8,1.2,1.8,1.4,1.6,2.0,0.6,0.4,England,English Football League One,Away Win,Home Win
0.4,3.0,0.8,1.6,1.6,0.2,0.0,1.0,USA,MLS,Home Win,Away Win
1.0,0.6,1.4,0.6,1.4,2.2,0.0,0.0,Switzerland,Super League,Home Win,Home Win
0.6,1.4,1.2,1.6,2.4,1.4,0.2,0.4,Greece,Ethniki Katigoria,Home Win,Away Win
0.6,1.2,0.8,0.8,2.2,1.8,0.2,0.4,Scotland,Scottish Premiership,Home Win,Home Win
0.4,1.8,0.2,2.2,1.8,1.0,0.0,0.6,Poland,Ekstraklasa,Away Win,Away Win
0.4,0.6,0.2,2.2,1.4,3.0,0.0,0.2,Norway,Eliteserien,Away Win,Home Win
1.6,0.0,0.8,0.8,0.6,1.8,0.4,0.0,Romania,Liga 1,Home Win,Home Win
2.0,1.8,1.4,1.6,0.4,1.2,0.6,0.6,Italy,Serie A,Home Win,Home Win
0.8,1.6,0.8,1.4,1.0,1.2,0.2,0.4,England,English Football League One,Home Win,Away Win
0.8,1.6,1.0,1.2,1.4,0.8,0.2,0.4,England,English Football League Two,Away Win,Away Win
1.0,1.2,2.2,1.2,2.0,1.0,0.2,0.4,Poland,Ekstraklasa,Home Win,Home Win
1.8,1.8,2.0,1.2,1.2,0.4,0.4,0.4,Brazil,Serie A,Draw,Home Win
2.6,0.4,1.6,0.8,0.0,2.6,0.8,0.0,Ireland,Premier Division,Home Win,Home Win
1.4,1.0,0.6,0.2,1.8,0.2,0.4,0.0,Argentina,Copa De La Liga Profesional,Draw,Draw
1.4,0.8,1.8,0.8,1.2,1.4,0.2,0.0,USA,MLS,Home Win,Home Win
0.6,0.4,0.8,1.2,2.0,2.0,0.2,0.0,Brazil,Serie A,Home Win,Home Win
0.8,2.6,0.6,2.0,2.0,1.0,0.2,0.8,England,English Championship,Draw,Away Win
2.0,1.4,1.6,1.6,1.0,1.0,0.6,0.2,Spain,La Liga SmartBank,Draw,Home Win
1.0,1.4,2.4,1.2,2.4,1.6,0.0,0.4,Poland,Ekstraklasa,Draw,Home Win
1.0,2.6,0.6,1.2,1.0,0.4,0.2,0.8,Italy,Serie B,Draw,Away Win
1.8,2.6,2.2,3.0,1.8,1.0,0.4,0.8,Switzerland,Super League,Draw,Home Win
0.0,0.4,0.2,0.8,3.2,2.6,0.0,0.0,Mexico,Liga MX,Draw,Home Win
1.8,1.4,0.6,0.8,1.0,1.0,0.6,0.4,England,English Football League Two,Home Win,Home Win
2.6,2.2,1.6,1.8,0.0,0.4,0.8,0.6,Poland,Ekstraklasa,Away Win,Home Win
1.8,1.6,1.8,1.2,1.4,1.0,0.6,0.4,Germany,Bundesliga 1,Home Win,Home Win
2.4,1.6,2.2,2.4,1.2,2.0,0.8,0.4,England,English Football League One,Home Win,Home Win
2.0,0.2,3.0,0.4,1.6,1.8,0.6,0.0,Scotland,Scottish League one,Home Win,Home Win
0.8,2.2,0.6,2.0,0.8,0.6,0.0,0.6,USA,MLS,Away Win,Draw
2.4,2.6,1.8,2.0,0.6,0.4,0.8,0.8,England,English Premier league,Home Win,Home Win
0.8,1.2,1.2,0.8,1.6,0.8,0.2,0.2,England,National league,Home Win,Away Win
0.6,0.6,1.0,0.6,1.8,1.0,0.0,0.0,Brazil,Serie A,Draw,Draw
1.4,0.6,0.6,0.6,1.8,1.0,0.4,0.0,Austria,Bundesliga,Draw,Draw
0.4,1.2,0.6,0.6,1.4,0.6,0.0,0.2,Spain,La Liga SmartBank,Draw,Draw
1.2,2.2,2.0,1.0,2.6,0.4,0.4,0.6,Japan,J1 League,Away Win,Away Win
1.8,1.4,1.0,1.4,0.6,1.4,0.4,0.4,Denmark,Superliga,Draw,Home Win
1.4,1.8,0.6,1.2,0.4,1.0,0.4,0.6,England,English Premier league,Draw,Home Win
1.0,1.4,1.2,1.4,1.4,1.4,0.2,0.4,Portugal,Liga I,Draw,Home Win
1.8,2.4,1.2,2.4,0.8,0.8,0.6,0.8,USA,MLS,Home Win,Home Win
0.6,2.2,0.6,1.2,1.2,0.6,0.2,0.6,Scotland,Scottish League two,Draw,Away Win
1.0,1.2,1.4,2.4,2.0,1.8,0.2,0.4,Austria,Bundesliga,Home Win,Away Win
1.2,3.0,1.8,3.4,2.2,1.0,0.4,1.0,Norway,Eliteserien,Away Win,Away Win
1.0,2.4,1.8,1.4,3.0,1.0,0.2,0.8,Russia,Premier League,Home Win,Home Win
1.0,1.6,2.2,1.8,2.2,1.4,0.2,0.4,Brazil,Serie A,Home Win,Home Win
0.8,2.6,0.6,2.4,1.4,0.4,0.2,0.8,England,National league,Draw,Away Win
1.4,1.4,1.2,1.2,1.2,1.2,0.4,0.4,Argentina,Copa De La Liga Profesional,Draw,Home Win
0.2,0.2,0.2,0.4,2.6,1.2,0.0,0.0,China,Super League,Home Win,Home Win
0.6,1.4,1.0,1.4,1.4,1.0,0.0,0.2,Italy,Serie B,Home Win,Draw
1.4,1.8,0.4,2.2,0.6,1.8,0.4,0.6,Portugal,Liga I,Home Win,Home Win
0.8,1.0,0.4,0.8,0.6,1.0,0.0,0.2,Argentina,Copa De La Liga Profesional,Draw,Draw
1.4,0.4,2.2,1.4,1.8,2.2,0.2,0.0,Switzerland,Super League,Home Win,Home Win
0.6,0.2,0.8,0.8,1.2,2.0,0.0,0.0,Romania,Liga 1,Draw,Home Win
1.4,1.0,2.4,1.6,2.2,2.0,0.4,0.2,Germany,Bundesliga 1,Home Win,Home Win
1.0,1.6,1.2,2.2,1.4,2.0,0.2,0.4,France,Ligue 2,Home Win,Home Win
1.2,2.6,1.8,1.8,1.0,0.4,0.4,0.8,Portugal,Liga I,Away Win,Away Win
0.2,0.4,0.2,1.2,1.8,1.8,0.0,0.0,Japan,J1 League,Home Win,Away Win
2.2,1.0,1.4,0.6,0.4,1.2,0.6,0.2,Poland,Ekstraklasa,Home Win,Home Win
2.2,0.6,0.8,0.4,0.2,0.8,0.6,0.0,Japan,J1 League,Home Win,Home Win
1.6,0.0,1.6,0.0,1.2,2.333,0.4,0.0,Italy,Serie B,Home Win,Home Win
0.6,0.4,1.0,1.2,2.4,1.8,0.2,0.0,Poland,Ekstraklasa,Home Win,Home Win
1.6,3.0,2.2,2.4,1.6,0.4,0.4,1.0,Brazil,Serie A,Home Win,Away Win
0.2,2.4,0.4,1.6,2.8,0.6,0.0,0.8,England,English Football League One,Away Win,Away Win
1.8,1.6,1.4,0.8,0.8,0.6,0.6,0.4,Brazil,Serie A,Home Win,Home Win
1.0,3.0,0.8,2.8,0.8,0.6,0.2,1.0,Turkey,Ligi 1,Away Win,Away Win
2.6,2.0,1.8,1.6,0.6,0.8,0.8,0.6,Spain,La Liga Santandar ,Away Win,Home Win
1.2,1.8,1.6,1.6,0.8,0.4,0.4,0.6,Poland,Ekstraklasa,Away Win,Home Win
0.8,0.8,0.6,0.8,2.0,1.8,0.2,0.2,England,English Premier league,Home Win,Home Win
0.8,0.8,0.8,1.0,1.2,1.8,0.2,0.2,Spain,La Liga SmartBank,Home Win,Home Win
1.8,0.2,0.8,0.6,0.4,1.4,0.4,0.0,China,Super League,Home Win,Home Win
2.2,0.6,1.0,0.0,0.4,0.4,0.6,0.0,Argentina,Copa De La Liga Profesional,Draw,Home Win
2.6,1.4,2.2,2.2,0.6,1.4,0.8,0.4,Russia,Premier League,Draw,Home Win
0.6,0.0,1.6,1.0,3.0,2.4,0.2,0.0,Brazil,Serie A,Home Win,Home Win
3.0,0.8,2.8,1.2,0.4,1.8,1.0,0.2,England,English Championship,Home Win,Home Win
1.8,1.8,1.6,2.4,1.2,1.0,0.6,0.4,France,Ligue 2,Home Win,Home Win
1.0,2.4,1.2,2.0,1.4,1.2,0.2,0.8,Austria,Bundesliga,Away Win,Away Win
2.6,1.2,2.4,1.2,1.0,1.0,0.8,0.2,Germany,Bundesliga 2,Home Win,Home Win
1.4,1.4,1.0,1.6,0.6,1.6,0.4,0.4,France,Ligue 2,Draw,Home Win
2.4,2.2,2.2,1.6,0.8,0.6,0.8,0.6,Spain,La Liga Santandar ,Away Win,Home Win
0.4,1.8,0.8,1.6,1.4,1.4,0.0,0.6,Norway,Eliteserien,Home Win,Away Win
3.0,1.2,2.0,1.6,0.8,2.0,1.0,0.4,Switzerland,Super League,Home Win,Home Win
2.2,1.2,1.0,0.6,0.4,1.2,0.6,0.2,Spain,La Liga SmartBank,Home Win,Home Win
0.8,2.0,1.0,1.4,1.6,0.6,0.2,0.6,France,Ligue 1,Draw,Away Win
2.0,1.8,1.4,2.2,0.6,1.8,0.6,0.6,Belgium,Jupiler League,Draw,Home Win
0.0,0.6,0.4,0.4,3.6,2.4,0.0,0.2,Ireland,Premier Division,Away Win,Away Win
2.6,1.2,2.8,1.8,0.8,2.0,0.8,0.4,Scotland,Scottish League one,Draw,Home Win
0.8,0.6,0.6,0.8,0.8,2.6,0.0,0.2,USA,MLS,Away Win,Home Win
0.4,1.6,0.4,1.2,2.2,1.0,0.0,0.4,Romania,Liga 1,Draw,Draw
1.0,1.4,1.2,1.2,1.4,1.6,0.2,0.4,Turkey,Ligi 1,Away Win,Home Win
1.4,1.4,1.4,2.0,1.8,2.0,0.4,0.4,Portugal,Liga I,Home Win,Home Win
1.8,0.2,1.4,0.6,0.2,1.4,0.4,0.0,Romania,Liga 1,Home Win,Home Win
1.0,3.0,1.0,1.6,1.6,0.4,0.2,1.0,England,English Championship,Away Win,Away Win
1.6,0.8,1.2,1.2,1.0,1.6,0.4,0.0,France,Ligue 2,Home Win,Home Win
0.0,3.0,0.4,3.8,3.0,0.0,0.0,1.0,Denmark,Superliga,Away Win,Away Win
2.4,3.0,2.4,1.8,1.0,0.8,0.8,1.0,Romania,Liga 1,Away Win,Home Win
2.0,1.6,2.8,1.6,1.8,1.4,0.6,0.4,Netherlands,KPN Eredivisie,Draw,Home Win
1.4,3.0,1.4,4.4,1.2,0.2,0.4,1.0,Greece,Ethniki Katigoria,Home Win,Away Win
0.6,0.6,0.6,0.8,1.4,2.6,0.0,0.2,England,English Championship,Home Win,Home Win
0.6,0.6,0.4,1.6,0.8,2.0,0.0,0.0,Romania,Liga 1,Draw,Draw
0.8,1.2,1.2,1.8,1.6,1.6,0.2,0.2,Germany,Bundesliga 1,Draw,Home Win
0.6,1.6,1.0,1.8,2.2,1.0,0.2,0.4,France,Ligue 2,Away Win,Away Win
1.8,0.2,2.6,0.2,0.6,1.0,0.4,0.0,Poland,Ekstraklasa,Draw,Home Win
1.6,1.0,1.2,1.4,0.2,1.6,0.4,0.2,China,Super League,Away Win,Home Win
3.0,0.4,2.0,0.0,0.4,0.8,1.0,0.0,Argentina,Liga Profesional,Home Win,Home Win
2.4,1.2,0.8,1.6,0.2,1.4,0.8,0.4,Romania,Liga 1,Home Win,Home Win
0.6,1.8,1.0,1.2,1.8,1.8,0.2,0.6,England,English Football League One,Home Win,Away Win
0.4,1.0,0.6,1.0,1.8,1.2,0.0,0.2,England,English Championship,Draw,Away Win
0.4,1.4,0.0,0.6,1.0,0.4,0.0,0.2,Argentina,Liga Profesional,Away Win,Draw
1.0,2.0,1.2,0.6,2.0,0.2,0.2,0.6,France,Ligue 2,Away Win,Away Win
1.6,1.4,1.8,1.6,1.2,1.2,0.4,0.4,England,National league,Home Win,Home Win
2.4,2.2,1.4,1.0,0.4,0.4,0.8,0.6,Brazil,Serie A,Home Win,Home Win
1.0,2.4,0.8,2.6,1.8,0.4,0.2,0.8,Mexico,Liga MX,Home Win,Away Win
1.0,0.0,1.0,0.4,0.8,2.4,0.2,0.0,Mexico,Liga MX,Home Win,Home Win
0.8,0.8,0.8,0.4,1.2,1.2,0.2,0.2,Spain,La Liga SmartBank,Draw,Home Win
3.0,2.6,1.6,2.4,0.4,1.2,1.0,0.8,Poland,Ekstraklasa,Draw,Home Win
0.8,2.0,1.2,2.8,1.2,2.2,0.2,0.6,Spain,La Liga Santandar ,Away Win,Away Win
0.2,1.4,0.2,1.0,1.0,1.0,0.0,0.4,Switzerland,Super League,Draw,Away Win
1.0,1.8,0.8,1.6,1.2,0.8,0.2,0.6,Belgium,Jupiler League,Home Win,Away Win
0.6,1.2,1.2,1.4,2.4,2.0,0.0,0.2,Greece,Ethniki Katigoria,Home Win,Draw
0.4,2.2,0.4,1.8,2.0,0.4,0.0,0.6,Argentina,Copa De La Liga Profesional,Home Win,Away Win
0.4,3.0,1.0,2.8,2.0,0.2,0.0,1.0,Sweden,Allsvenskan,Draw,Away Win
2.2,0.4,1.4,0.6,0.6,1.8,0.6,0.0,Poland,Ekstraklasa,Home Win,Home Win
2.4,1.6,1.4,1.2,0.8,1.0,0.8,0.4,Switzerland,Super League,Home Win,Home Win
0.2,0.4,0.8,0.8,2.0,1.8,0.0,0.0,Mexico,Liga MX,Home Win,Home Win
0.8,0.6,1.6,1.0,1.8,2.0,0.0,0.2,Switzerland,Super League,Away Win,Home Win
2.2,1.2,2.0,0.6,0.6,0.8,0.6,0.4,Sweden,Allsvenskan,Home Win,Home Win
1.6,0.8,1.0,1.2,0.6,2.0,0.4,0.2,England,National league,Away Win,Home Win
1.0,1.2,1.2,1.2,2.2,1.0,0.2,0.2,Germany,Bundesliga 1,Home Win,Draw
1.4,0.2,1.2,1.2,1.4,2.4,0.4,0.0,England,National league,Away Win,Home Win
1.4,2.4,1.0,1.6,1.2,1.0,0.4,0.8,England,English Football League Two,Draw,Away Win
0.0,1.0,0.2,1.2,1.6,2.2,0.0,0.2,Finland,Veikkausliiga,Away Win,Away Win
1.6,0.8,1.2,0.6,1.2,1.4,0.4,0.2,Scotland,Scottish Premiership,Draw,Home Win
0.8,1.0,0.6,0.6,1.0,1.0,0.2,0.2,Italy,Serie B,Draw,Home Win
1.0,1.6,1.2,1.2,1.6,1.2,0.2,0.4,Portugal,Liga I,Home Win,Home Win
1.6,1.4,1.4,1.6,1.2,1.4,0.4,0.2,Argentina,Liga Profesional,Away Win,Draw
1.6,1.6,1.2,1.8,1.2,1.2,0.4,0.4,Turkey,Ligi 1,Away Win,Home Win
0.4,1.8,0.4,1.4,1.0,1.2,0.0,0.6,Norway,Eliteserien,Away Win,Away Win
0.4,1.4,0.4,1.0,1.8,1.2,0.0,0.4,England,English Football League One,Away Win,Away Win
2.2,0.4,2.0,1.4,0.6,2.4,0.6,0.0,Mexico,Liga MX,Home Win,Home Win
1.6,0.6,1.2,1.6,0.8,2.0,0.4,0.2,Japan,J1 League,Away Win,Home Win
1.2,0.8,0.8,0.4,1.2,1.0,0.4,0.2,England,English Championship,Home Win,Home Win
1.6,1.0,1.0,0.4,0.8,0.8,0.4,0.2,Spain,La Liga SmartBank,Home Win,Home Win
1.8,2.2,0.6,1.4,0.4,0.8,0.6,0.6,Argentina,Liga Profesional,Draw,Home Win
0.4,0.6,0.6,0.4,2.0,1.4,0.0,0.2,France,Ligue 1,Home Win,Home Win
1.0,1.6,2.0,1.8,2.6,1.0,0.2,0.4,England,English Football League Two,Away Win,Away Win
1.8,0.8,0.8,1.2,0.8,1.6,0.6,0.2,England,English Championship,Home Win,Home Win
1.8,1.8,3.0,1.8,2.2,0.6,0.6,0.4,Germany,Bundesliga 2,Away Win,Home Win
2.4,0.6,1.6,1.0,0.6,1.8,0.8,0.0,Sweden,Allsvenskan,Draw,Home Win
2.2,2.4,1.8,1.6,0.8,1.4,0.6,0.8,USA,MLS,Home Win,Home Win
1.8,1.2,1.6,1.0,1.6,1.6,0.6,0.4,France,Ligue 1,Away Win,Home Win
0.2,1.2,0.4,1.8,2.6,1.2,0.0,0.2,England,English Football League One,Draw,Away Win
1.8,2.2,1.8,1.4,0.4,0.4,0.4,0.6,Italy,Serie B,Draw,Draw
2.0,1.6,1.6,1.0,1.2,0.8,0.6,0.4,France,Ligue 1,Draw,Home Win
1.4,0.2,1.4,0.2,1.0,3.4,0.4,0.0,Japan,J1 League,Draw,Home Win
0.0,1.4,0.6,1.4,2.4,1.2,0.0,0.2,USA,MLS,Home Win,Away Win
1.4,0.8,1.0,1.0,1.2,1.4,0.4,0.2,Germany,Bundesliga 2,Home Win,Home Win
0.0,3.0,0.0,3.4,1.8,0.0,0.0,1.0,Argentina,Copa De La Liga Profesional,Away Win,Away Win
0.4,0.4,1.0,0.8,2.0,1.4,0.0,0.0,Austria,Bundesliga,Away Win,Draw
2.4,2.2,2.2,1.2,1.2,0.6,0.8,0.6,Ireland,Premier Division,Home Win,Home Win
1.2,2.2,0.4,2.2,1.0,0.8,0.4,0.6,USA,MLS,Away Win,Away Win
0.6,3.0,0.6,1.8,1.2,0.4,0.2,1.0,USA,MLS,Away Win,Away Win
0.6,1.2,1.0,0.8,1.8,2.2,0.0,0.4,Norway,Eliteserien,Home Win,Home Win
1.2,3.0,0.8,3.4,1.0,0.8,0.4,1.0,Switzerland,Super League,Away Win,Away Win
0.4,1.4,0.4,0.6,1.8,0.4,0.0,0.2,USA,MLS,Away Win,Draw
0.2,2.2,1.0,2.2,2.2,1.2,0.0,0.6,Greece,Ethniki Katigoria,Away Win,Away Win
1.8,1.2,0.8,1.6,0.4,2.0,0.6,0.4,USA,MLS,Home Win,Home Win
0.8,2.0,0.8,1.0,1.6,0.6,0.2,0.6,England,English Football League One,Away Win,Away Win
0.0,0.0,0.4,0.8,2.8,2.2,0.0,0.0,Austria,Bundesliga,Home Win,Away Win
0.6,2.6,0.8,3.4,1.6,1.0,0.2,0.8,Netherlands,KPN Eredivisie,Draw,Away Win
1.2,0.4,1.4,0.2,1.2,2.0,0.4,0.0,Norway,Eliteserien,Home Win,Home Win
2.0,1.6,1.6,2.0,1.2,1.4,0.6,0.4,Italy,Serie B,Home Win,Home Win
1.4,1.8,0.8,1.6,0.4,1.2,0.4,0.4,USA,MLS,Away Win,Home Win
0.8,0.0,1.4,0.2,2.2,1.8,0.2,0.0,Scotland,Scottish Premiership,Home Win,Home Win
1.8,0.2,2.2,1.0,2.6,2.4,0.6,0.0,Germany,Bundesliga 2,Home Win,Home Win
1.0,1.8,1.6,2.0,1.6,0.8,0.2,0.6,Mexico,Liga MX,Draw,Home Win
0.4,2.6,0.4,1.2,1.4,0.4,0.0,0.8,Japan,J1 League,Home Win,Away Win
2.6,1.8,2.8,2.0,0.8,1.2,0.8,0.4,Sweden,Allsvenskan,Away Win,Home Win
1.2,1.2,1.4,1.4,1.6,1.8,0.4,0.4,England,National league,Draw,Home Win
2.4,2.6,2.4,2.6,1.0,0.4,0.8,0.8,England,National league,Home Win,Away Win
2.0,3.0,1.2,2.2,0.8,0.4,0.6,1.0,England,English Football League One,Home Win,Away Win
0.6,0.8,1.6,1.2,2.4,2.4,0.2,0.2,England,English Football League Two,Home Win,Home Win
1.8,1.2,1.8,1.8,1.4,1.4,0.6,0.4,Russia,Premier League,Home Win,Home Win
0.6,2.2,0.6,1.4,1.4,0.8,0.0,0.6,Romania,Liga 1,Away Win,Draw
1.4,1.0,0.8,0.2,1.2,0.8,0.4,0.2,Denmark,Superliga,Draw,Home Win
1.8,1.8,1.0,1.4,0.6,1.0,0.4,0.4,France,Ligue 2,Home Win,Draw
2.2,1.2,3.2,1.0,1.4,2.2,0.6,0.4,Switzerland,Super League,Home Win,Home Win
2.4,0.8,2.4,0.4,1.4,1.0,0.8,0.0,Mexico,Liga MX,Home Win,Home Win
1.8,1.8,1.4,1.0,1.8,0.8,0.6,0.6,England,National league,Draw,Home Win
1.6,0.4,1.4,0.8,1.0,1.8,0.4,0.0,England,English Football League One,Away Win,Home Win
0.6,1.6,0.4,1.0,1.6,0.4,0.2,0.4,France,Ligue 2,Home Win,Away Win
2.4,1.4,3.0,1.6,1.0,1.8,0.8,0.4,England,National league,Draw,Home Win
1.2,2.0,1.0,2.2,1.4,1.6,0.4,0.6,France,Ligue 2,Home Win,Away Win
0.6,1.8,0.4,2.0,0.8,0.4,0.0,0.4,Argentina,Liga Profesional,Draw,Draw
0.6,0.2,0.2,1.8,1.4,3.4,0.0,0.0,Mexico,Liga MX,Draw,Home Win
1.8,1.0,0.8,0.8,0.4,0.8,0.4,0.2,Argentina,Copa De La Liga Profesional,Home Win,Home Win
1.4,1.6,2.2,1.6,2.2,1.0,0.4,0.4,France,Ligue 2,Away Win,Home Win
1.2,0.8,2.2,0.4,1.8,2.2,0.4,0.2,Germany,Bundesliga 1,Draw,Home Win
2.4,0.4,2.6,1.2,1.8,2.2,0.8,0.0,Spain,La Liga Santandar ,Home Win,Home Win
1.4,1.2,1.0,1.6,0.4,2.2,0.2,0.4,Argentina,Copa De La Liga Profesional,Home Win,Home Win
0.0,1.4,0.2,1.0,1.2,1.0,0.0,0.4,Poland,Ekstraklasa,Home Win,Away Win
0.8,1.4,1.0,0.6,1.8,1.4,0.2,0.4,Spain,La Liga SmartBank,Draw,Home Win
2.2,0.4,3.2,2.0,1.2,2.8,0.6,0.0,China,Super League,Home Win,Home Win
0.8,0.6,0.8,0.8,1.2,3.2,0.0,0.2,Denmark,Superliga,Away Win,Home Win
0.2,0.2,0.6,0.8,2.6,1.6,0.0,0.0,Denmark,Superliga,Away Win,Home Win
1.2,1.0,1.6,0.4,1.6,0.8,0.4,0.2,England,English Premier league,Away Win,Home Win
1.4,0.6,1.8,0.2,1.4,0.6,0.4,0.0,Poland,Ekstraklasa,Draw,Home Win
1.2,2.6,0.8,1.2,0.8,0.2,0.2,0.8,Italy,Serie A,Away Win,Away Win
0.8,1.0,1.6,0.8,2.6,1.6,0.2,0.2,Turkey,Ligi 1,Away Win,Home Win
2.2,1.4,1.8,1.8,1.2,2.0,0.6,0.4,Belgium,Jupiler League,Draw,Home Win
1.0,1.2,2.4,1.2,2.0,1.6,0.2,0.4,Poland,Ekstraklasa,Home Win,Home Win
0.4,1.2,1.0,0.4,2.0,0.8,0.0,0.4,USA,MLS,Home Win,Home Win
1.8,2.2,1.8,1.2,1.6,0.6,0.6,0.6,Mexico,Liga MX,Draw,Home Win
2.2,2.0,1.2,1.2,0.4,1.2,0.6,0.6,Portugal,Liga I,Home Win,Home Win
1.2,1.4,1.4,2.0,1.6,1.8,0.4,0.2,USA,MLS,Away Win,Home Win
2.2,1.2,3.0,1.4,1.0,1.8,0.6,0.4,USA,MLS,Home Win,Home Win
1.6,1.2,2.0,1.0,1.8,1.0,0.4,0.2,Spain,La Liga Santandar ,Home Win,Home Win
2.4,2.0,1.8,2.6,0.6,1.2,0.8,0.6,Scotland,Scottish League one,Draw,Home Win
0.6,0.2,0.8,0.4,1.8,2.6,0.0,0.0,Greece,Ethniki Katigoria,Away Win,Home Win
0.8,0.4,0.2,1.2,1.0,2.0,0.2,0.0,England,English Football League Two,Home Win,Home Win
1.2,1.8,2.2,1.0,1.8,1.8,0.4,0.6,Denmark,Superliga,Away Win,Home Win
2.4,0.6,1.6,0.6,0.6,1.6,0.8,0.2,Brazil,Serie A,Home Win,Home Win
2.2,1.6,2.6,1.8,1.8,1.0,0.6,0.4,Russia,Premier League,Home Win,Home Win
0.6,0.0,0.4,0.4,0.8,1.4,0.0,0.0,Mexico,Liga MX,Home Win,Home Win
1.6,1.8,2.6,2.0,2.8,1.8,0.4,0.6,Japan,J1 League,Away Win,Home Win
0.8,1.0,0.6,1.2,2.2,1.2,0.2,0.2,Scotland,Scottish Championship,Away Win,Away Win
0.0,2.6,0.8,1.4,2.6,0.2,0.0,0.8,Brazil,Serie A,Home Win,Away Win
2.0,0.6,1.2,0.6,0.8,1.4,0.6,0.0,Spain,La Liga SmartBank,Home Win,Home Win
0.6,1.0,0.8,0.8,1.2,0.8,0.0,0.0,Denmark,Superliga,Draw,Draw
1.2,1.8,2.2,3.2,3.6,1.8,0.4,0.6,Norway,Eliteserien,Away Win,Away Win
1.4,1.8,0.4,3.4,0.4,1.2,0.4,0.6,Brazil,Serie A,Away Win,Away Win
1.8,1.2,1.4,0.4,1.0,0.6,0.6,0.4,Mexico,Liga MX,Away Win,Home Win
2.0,0.8,1.6,1.0,1.0,2.2,0.6,0.2,Scotland,Scottish Championship,Away Win,Home Win
1.8,0.8,2.0,0.2,1.0,1.0,0.6,0.2,Greece,Ethniki Katigoria,Home Win,Home Win
1.8,1.2,1.8,1.0,1.0,1.4,0.6,0.4,Romania,Liga 1,Home Win,Home Win
0.6,0.4,0.4,0.6,3.8,1.2,0.2,0.0,Switzerland,Super League,Home Win,Home Win
1.4,1.4,1.2,0.8,0.8,0.8,0.4,0.4,Argentina,Liga Profesional,Draw,Home Win
2.4,1.6,1.2,0.8,1.0,0.6,0.8,0.4,Mexico,Liga MX,Home Win,Home Win
1.2,2.2,1.2,2.2,2.4,1.2,0.4,0.6,Poland,Ekstraklasa,Away Win,Away Win
2.2,0.6,1.4,1.0,0.8,1.2,0.6,0.2,Japan,J1 League,Draw,Home Win
2.6,0.4,2.8,0.2,0.4,1.6,0.8,0.0,Ireland,Premier Division,Home Win,Home Win
2.6,2.6,1.2,2.4,0.4,1.2,0.8,0.8,China,Super League,Draw,Home Win
2.2,1.4,1.8,0.8,1.2,0.8,0.6,0.4,Italy,Serie B,Home Win,Home Win
1.2,1.4,0.8,1.0,2.0,1.4,0.4,0.4,Spain,La Liga SmartBank,Home Win,Home Win
1.0,1.4,0.4,1.2,0.4,0.6,0.0,0.2,Argentina,Liga Profesional,Home Win,Draw
1.8,1.2,1.2,1.8,1.4,0.8,0.6,0.4,Romania,Liga 1,Home Win,Home Win
0.8,2.0,0.8,2.2,2.2,0.4,0.2,0.6,Netherlands,KPN Eredivisie,Away Win,Away Win
0.6,0.4,0.6,0.0,2.0,1.0,0.2,0.0,Argentina,Copa De La Liga Profesional,Home Win,Home Win
0.8,0.8,1.0,1.8,1.4,2.4,0.2,0.2,Belgium,Jupiler League,Home Win,Home Win
3.0,1.2,2.8,0.8,0.4,1.2,1.0,0.4,Mexico,Liga MX,Home Win,Home Win
1.6,0.6,1.4,1.4,0.8,1.8,0.4,0.0,England,National league,Home Win,Home Win
1.6,1.2,1.4,0.6,1.0,1.4,0.4,0.4,England,English Football League One,Home Win,Home Win
1.2,0.6,1.2,1.0,1.0,1.4,0.4,0.0,Russia,Premier League,Draw,Home Win
1.0,1.4,1.0,2.6,1.4,2.4,0.2,0.4,Portugal,Liga I,Home Win,Home Win
0.4,2.2,1.2,2.0,1.8,1.4,0.0,0.6,England,English Football League One,Away Win,Away Win
0.6,1.6,0.4,1.8,1.4,1.6,0.2,0.4,Argentina,Liga Profesional,Home Win,Away Win
2.6,2.0,2.2,2.4,0.2,1.0,0.8,0.6,England,English Football League One,Home Win,Home Win
1.8,0.2,1.4,1.0,0.6,2.2,0.4,0.0,Japan,J1 League,Draw,Home Win
1.8,1.0,1.6,0.6,0.8,0.8,0.4,0.2,England,English Championship,Home Win,Home Win
2.0,0.6,2.4,0.8,0.6,2.4,0.6,0.2,England,English Premier league,Home Win,Home Win
2.0,1.6,1.2,1.2,1.0,0.8,0.6,0.4,England,National league,Away Win,Home Win
0.6,1.6,0.6,1.2,1.2,1.0,0.2,0.4,Denmark,Superliga,Home Win,Away Win
3.0,2.4,2.0,2.0,0.0,0.4,1.0,0.8,Brazil,Serie A,Home Win,Home Win
1.4,2.6,0.8,2.4,0.8,1.2,0.4,0.8,Russia,Premier League,Draw,Away Win
2.2,2.6,1.4,2.6,0.8,0.6,0.6,0.8,Denmark,Superliga,Away Win,Away Win
2.6,1.8,2.6,1.6,0.6,1.2,0.8,0.4,Mexico,Liga MX,Away Win,Home Win
1.8,1.2,2.8,2.6,1.4,2.8,0.6,0.4,Norway,Eliteserien,Home Win,Home Win
1.2,1.2,0.8,1.4,1.4,1.2,0.4,0.4,USA,MLS,Away Win,Home Win
1.4,0.4,0.6,0.8,1.0,1.8,0.4,0.0,Spain,La Liga Santandar ,Draw,Home Win
1.6,1.6,1.4,1.2,0.8,1.2,0.4,0.4,China,Super League,Away Win,Home Win
3.0,0.2,1.8,1.0,0.4,2.0,1.0,0.0,Italy,Serie B,Draw,Home Win
1.0,1.4,1.2,1.8,1.6,1.8,0.2,0.4,Austria,Bundesliga,Away Win,Away Win
2.4,0.0,3.0,0.2,1.6,1.8,0.8,0.0,Poland,Ekstraklasa,Draw,Home Win
2.6,1.8,2.0,2.2,0.8,1.0,0.8,0.6,Sweden,Allsvenskan,Home Win,Home Win
1.8,1.8,1.4,1.6,0.8,0.8,0.4,0.4,England,English Football League One,Home Win,Draw
0.8,2.0,1.2,1.0,1.4,0.6,0.2,0.6,Spain,La Liga Santandar ,Home Win,Away Win
0.4,1.4,0.0,0.8,1.4,0.6,0.0,0.2,Argentina,Copa De La Liga Profesional,Away Win,Draw
0.6,1.4,0.8,0.6,1.4,1.2,0.0,0.4,Portugal,Liga I,Home Win,Home Win
0.0,2.2,0.0,1.6,1.6,0.8,0.0,0.6,Romania,Liga 1,Away Win,Away Win
1.0,0.8,1.4,0.4,1.8,1.2,0.2,0.2,Scotland,Scottish League one,Home Win,Home Win
0.8,1.4,1.0,2.4,1.8,1.8,0.2,0.4,Turkey,Ligi 1,Home Win,Home Win
1.8,0.4,2.4,1.6,2.0,2.6,0.6,0.0,Mexico,Liga MX,Away Win,Home Win
0.8,1.4,1.0,0.8,2.0,1.0,0.2,0.4,Netherlands,KPN Eredivisie,Home Win,Home Win
1.2,1.8,1.6,1.4,2.8,1.0,0.4,0.4,Finland,Veikkausliiga,Away Win,Away Win
0.6,1.2,0.6,1.2,1.2,2.6,0.2,0.4,Brazil,Serie A,Home Win,Home Win
1.4,1.6,1.2,1.8,1.2,1.4,0.4,0.4,Italy,Serie A,Away Win,Home Win
1.6,2.0,1.6,1.0,1.8,0.4,0.4,0.6,England,English Football League Two,Home Win,Home Win
1.8,2.6,1.6,1.2,1.6,0.4,0.6,0.8,Sweden,Allsvenskan,Draw,Away Win
2.4,0.8,1.6,0.8,0.6,1.2,0.8,0.2,Italy,Serie B,Home Win,Home Win
0.8,1.6,1.6,1.6,1.8,1.4,0.0,0.4,Denmark,Superliga,Home Win,Draw
1.4,2.6,1.2,2.2,1.6,0.8,0.4,0.8,England,National league,Home Win,Away Win
1.4,0.8,1.4,1.0,1.2,1.4,0.4,0.2,Italy,Serie B,Home Win,Home Win
1.4,2.2,1.4,2.0,0.6,0.6,0.2,0.6,Norway,Eliteserien,Home Win,Draw
2.2,0.4,1.6,1.4,0.2,2.6,0.6,0.0,England,National league,Draw,Home Win
2.6,1.2,1.8,2.4,0.2,2.0,0.8,0.4,Russia,Premier League,Away Win,Home Win
1.0,1.0,1.0,1.0,1.333,1.0,0.333,0.0,England,National league,Home Win,Draw
0.6,0.8,0.6,0.4,1.2,1.4,0.2,0.2,England,English Premier league,Draw,Home Win
1.4,2.6,1.6,2.0,1.8,0.6,0.4,0.8,Spain,La Liga Santandar ,Home Win,Away Win
2.2,2.4,1.2,2.0,0.0,0.4,0.6,0.8,Brazil,Serie A,Home Win,Home Win
2.2,0.2,0.8,0.6,0.0,3.4,0.6,0.0,Austria,Bundesliga,Home Win,Home Win
1.2,2.2,1.4,2.0,1.2,1.2,0.2,0.6,Italy,Serie B,Away Win,Draw
2.4,2.2,2.0,1.8,1.4,1.2,0.8,0.6,Switzerland,Super League,Away Win,Home Win
0.4,1.6,0.6,1.0,1.2,0.8,0.0,0.4,Mexico,Liga MX,Home Win,Away Win
1.4,1.2,0.6,1.6,0.4,1.4,0.2,0.4,Ireland,Premier Division,Home Win,Home Win
2.2,1.6,1.6,2.0,0.8,1.6,0.6,0.4,England,National league,Home Win,Home Win
1.2,3.0,1.4,2.0,1.6,0.6,0.4,1.0,Finland,Veikkausliiga,Away Win,Away Win
1.0,2.4,1.2,1.8,1.4,0.8,0.2,0.8,Russia,Premier League,Home Win,Away Win
2.6,2.6,2.8,3.2,1.2,0.6,0.8,0.8,Greece,Ethniki Katigoria,Away Win,Home Win
2.2,0.8,2.0,1.6,0.4,2.0,0.6,0.0,Mexico,Liga MX,Home Win,Home Win
2.6,1.8,3.0,1.6,0.6,1.4,0.8,0.6,Greece,Ethniki Katigoria,Home Win,Home Win
0.8,1.8,1.2,1.2,2.8,1.4,0.2,0.6,England,English Football League One,Away Win,Away Win
1.4,1.6,0.6,0.8,0.4,0.2,0.2,0.4,Mexico,Liga MX,Home Win,Draw
0.8,0.8,1.2,1.6,1.8,2.2,0.2,0.2,Netherlands,KPN Eredivisie,Draw,Home Win
1.4,1.8,1.6,2.0,1.2,1.8,0.2,0.6,England,English Football League One,Away Win,Home Win
0.8,2.2,0.8,1.8,1.4,0.6,0.0,0.6,Sweden,Allsvenskan,Home Win,Away Win
0.2,0.6,1.2,1.0,2.2,2.2,0.0,0.2,England,English Football League Two,Away Win,Home Win
0.8,2.6,1.0,1.8,1.6,0.4,0.0,0.8,Scotland,Scottish Premiership,Away Win,Away Win
0.6,0.4,0.6,0.6,2.0,1.4,0.2,0.0,England,English Premier league,Home Win,Home Win
2.4,2.4,3.0,3.2,1.6,1.6,0.8,0.8,Germany,Bundesliga 1,Away Win,Home Win
1.4,1.0,1.6,0.4,2.2,1.4,0.4,0.2,Netherlands,KPN Eredivisie,Draw,Home Win
1.0,2.6,0.6,2.4,0.8,0.4,0.2,0.8,Italy,Serie A,Away Win,Away Win
0.2,1.8,0.8,2.8,2.0,1.0,0.0,0.6,Japan,J1 League,Away Win,Away Win
2.6,0.8,1.4,1.4,0.2,2.4,0.8,0.2,Germany,Bundesliga 2,Home Win,Home Win
1.2,1.8,1.6,2.6,4.6,2.0,0.4,0.6,Sweden,Allsvenskan,Away Win,Away Win
0.0,1.8,0.0,1.6,3.0,0.8,0.0,0.4,Turkey,Ligi 1,Away Win,Away Win
0.4,1.4,0.6,1.2,1.8,1.4,0.0,0.4,Scotland,Scottish Premiership,Home Win,Away Win
2.4,1.6,2.6,1.8,0.8,0.8,0.8,0.4,Scotland,Scottish League two,Home Win,Home Win
2.2,0.4,1.8,0.8,1.2,1.8,0.6,0.0,Switzerland,Super League,Home Win,Home Win
1.0,2.6,0.8,2.4,1.2,0.6,0.2,0.8,England,English Premier league,Away Win,Away Win
2.6,1.2,3.0,1.0,1.2,1.6,0.8,0.4,Spain,La Liga Santandar ,Home Win,Home Win
0.6,1.6,1.2,1.0,2.6,0.8,0.2,0.4,Russia,Premier League,Home Win,Away Win
0.8,1.4,1.4,0.6,2.0,1.2,0.2,0.4,Italy,Serie A,Home Win,Home Win
1.0,2.6,2.0,0.8,1.8,0.0,0.2,0.8,Russia,Premier League,Away Win,Away Win
1.8,1.4,1.8,1.0,1.4,1.8,0.4,0.4,Mexico,Liga MX,Draw,Home Win
0.6,2.6,0.6,2.6,1.0,0.8,0.0,0.8,England,English Premier league,Away Win,Away Win
2.0,1.2,1.4,2.0,2.0,1.2,0.6,0.4,Scotland,Scottish League two,Draw,Home Win
2.2,2.4,2.2,2.0,0.8,1.4,0.6,0.8,Germany,Bundesliga 1,Away Win,Home Win
1.0,0.0,1.4,1.2,1.6,2.2,0.2,0.0,Poland,Ekstraklasa,Home Win,Home Win
2.0,1.2,1.8,0.4,1.0,0.6,0.6,0.2,France,Ligue 1,Home Win,Home Win
1.4,1.2,0.8,1.0,0.6,1.2,0.2,0.4,Russia,Premier League,Home Win,Home Win
2.0,1.8,1.0,1.4,0.6,1.0,0.6,0.6,Spain,La Liga Santandar ,Draw,Home Win
0.4,1.4,1.0,1.0,1.6,1.8,0.0,0.4,Japan,J1 League,Away Win,Away Win
0.8,1.4,0.4,2.0,1.8,1.8,0.2,0.4,England,English Premier league,Away Win,Away Win
0.8,2.0,0.2,1.6,1.0,1.2,0.2,0.6,Germany,Bundesliga 1,Draw,Away Win
1.8,0.4,1.4,0.6,0.6,1.4,0.6,0.0,Japan,J1 League,Home Win,Home Win
2.6,1.4,1.8,2.6,0.6,1.4,0.8,0.4,Denmark,Superliga,Draw,Home Win
1.2,3.0,2.2,2.4,2.0,0.2,0.4,1.0,Mexico,Liga MX,Away Win,Away Win
2.6,0.4,1.8,1.6,0.6,2.2,0.8,0.0,Japan,J1 League,Home Win,Home Win
0.2,2.6,0.6,1.4,1.8,0.6,0.0,0.8,Poland,Ekstraklasa,Draw,Away Win
2.2,1.8,2.0,1.6,1.0,1.0,0.6,0.4,Italy,Serie B,Away Win,Draw
0.0,1.0,1.6,1.4,2.6,2.4,0.0,0.2,Norway,Eliteserien,Away Win,Away Win
0.6,1.6,1.0,0.6,1.8,0.4,0.2,0.4,France,Ligue 2,Away Win,Away Win
0.8,0.4,1.0,0.4,1.6,1.8,0.0,0.0,England,English Championship,Home Win,Home Win
0.0,1.6,0.4,1.4,2.0,1.2,0.0,0.4,USA,MLS,Away Win,Away Win
0.4,2.2,0.6,1.6,1.6,1.0,0.0,0.6,Japan,J1 League,Home Win,Away Win
1.4,0.2,1.8,1.2,1.4,2.4,0.4,0.0,France,Ligue 2,Home Win,Home Win
0.4,0.6,0.4,1.6,1.4,2.4,0.0,0.0,England,National league,Draw,Draw
0.0,0.6,1.0,1.2,2.0,1.8,0.0,0.2,Mexico,Liga MX,Away Win,Home Win
0.4,1.6,1.2,2.0,2.0,1.6,0.0,0.4,Brazil,Serie A,Home Win,Away Win
1.4,1.6,2.8,2.0,2.4,1.6,0.2,0.4,Norway,Eliteserien,Home Win,Home Win
0.8,2.2,1.0,1.4,1.6,0.4,0.2,0.6,France,Ligue 1,Home Win,Away Win
1.8,1.2,2.0,1.8,1.8,2.4,0.6,0.4,Norway,Eliteserien,Home Win,Home Win
0.2,2.6,0.2,1.6,2.6,0.8,0.0,0.8,Switzerland,Super League,Away Win,Away Win
0.2,2.6,0.6,1.2,2.0,0.2,0.0,0.8,England,National league,Home Win,Away Win
2.4,3.0,2.0,2.6,1.4,0.8,0.8,1.0,China,Super League,Away Win,Home Win
1.0,0.0,0.6,1.6,0.8,2.6,0.2,0.0,USA,MLS,Home Win,Home Win
1.2,0.6,1.4,1.0,2.2,1.4,0.4,0.0,England,National league,Draw,Home Win
0.4,2.2,0.4,2.0,1.8,0.6,0.0,0.6,Greece,Ethniki Katigoria,Away Win,Away Win
0.0,0.4,1.6,1.0,2.8,1.6,0.0,0.0,Brazil,Serie A,Draw,Home Win
0.8,0.2,0.4,1.0,1.6,2.4,0.2,0.0,England,English Football League One,Home Win,Home Win
1.0,1.6,0.2,0.8,0.4,0.6,0.2,0.4,Austria,Bundesliga,Home Win,Draw
0.6,0.0,1.0,0.0,2.4,2.6,0.2,0.0,USA,MLS,Draw,Home Win
0.8,1.4,0.4,1.0,0.6,0.8,0.0,0.2,England,English Football League One,Draw,Draw
0.0,1.0,0.8,1.6,2.0,2.4,0.0,0.2,England,English Football League Two,Home Win,Away Win
1.4,1.8,1.2,1.8,1.4,1.0,0.4,0.4,England,English Football League Two,Away Win,Draw
1.6,1.6,2.2,1.4,1.8,1.0,0.4,0.4,Turkey,Ligi 1,Away Win,Home Win
2.2,1.2,2.2,0.8,0.4,2.0,0.6,0.4,France,Ligue 1,Home Win,Home Win
0.8,1.8,1.4,1.2,1.6,0.6,0.0,0.6,Japan,J1 League,Away Win,Away Win
3.0,0.0,2.6,1.4,0.2,3.0,1.0,0.0,Brazil,Serie A,Home Win,Home Win
3.0,0.8,4.0,2.0,0.6,2.6,1.0,0.0,Brazil,Serie A,Draw,Home Win
1.0,1.8,1.6,1.6,1.8,1.0,0.2,0.4,Germany,Bundesliga 1,Home Win,Draw
2.2,1.0,2.0,1.6,0.4,1.6,0.6,0.2,France,Ligue 1,Home Win,Home Win
1.4,2.6,1.2,2.4,1.2,0.8,0.4,0.8,Japan,J1 League,Draw,Away Win
1.6,1.4,2.0,0.6,1.6,1.4,0.4,0.4,Argentina,Liga Profesional,Draw,Home Win
1.4,0.4,0.4,1.4,0.2,2.8,0.2,0.0,Russia,Premier League,Home Win,Home Win
0.2,1.8,0.0,1.8,3.2,0.8,0.0,0.6,Sweden,Allsvenskan,Away Win,Away Win
0.8,3.0,1.4,1.8,1.6,0.4,0.2,1.0,England,English Football League One,Away Win,Away Win
1.0,2.4,1.0,3.6,2.0,1.4,0.2,0.8,Norway,Eliteserien,Home Win,Away Win
2.0,1.8,0.8,1.0,0.2,1.4,0.6,0.6,France,Ligue 1,Home Win,Home Win
2.2,1.8,3.2,2.0,0.6,0.8,0.6,0.4,Japan,J1 League,Away Win,Home Win
2.2,0.4,2.4,0.4,1.2,1.6,0.6,0.0,Norway,Eliteserien,Home Win,Home Win
3.0,0.4,2.0,0.0,0.8,0.8,1.0,0.0,Romania,Liga 1,Home Win,Home Win
1.0,1.2,1.6,0.8,1.6,1.2,0.2,0.4,Russia,Premier League,Home Win,Home Win
2.4,2.2,1.8,1.6,0.4,1.0,0.8,0.6,Brazil,Serie A,Away Win,Home Win
1.8,1.4,1.8,1.2,1.0,1.2,0.6,0.4,Argentina,Liga Profesional,Draw,Home Win
1.6,1.0,1.4,1.6,1.0,1.8,0.4,0.2,England,National league,Draw,Home Win
1.2,0.2,0.8,0.0,2.4,1.6,0.4,0.0,Turkey,Ligi 1,Away Win,Home Win
1.4,1.2,1.4,1.2,0.8,1.4,0.4,0.4,England,English Championship,Home Win,Home Win
2.4,0.2,2.2,0.2,1.0,1.8,0.8,0.0,Russia,Premier League,Home Win,Home Win
3.0,1.6,1.0,1.2,0.0,0.6,1.0,0.4,Poland,Ekstraklasa,Home Win,Home Win
1.2,0.0,1.2,0.6,2.0,1.6,0.4,0.0,Austria,Bundesliga,Draw,Home Win
1.4,1.4,1.2,0.8,1.6,1.0,0.4,0.4,Spain,La Liga Santandar ,Draw,Home Win
1.6,1.6,1.2,1.2,0.4,1.0,0.4,0.4,Spain,La Liga Santandar ,Home Win,Home Win
2.2,0.8,2.0,0.2,1.0,0.4,0.6,0.0,USA,MLS,Home Win,Home Win
0.6,1.4,0.4,0.8,0.8,1.6,0.0,0.4,Poland,Ekstraklasa,Draw,Home Win
1.4,1.8,1.0,0.8,0.8,1.0,0.2,0.6,Argentina,Copa De La Liga Profesional,Home Win,Home Win
1.0,1.2,1.8,1.8,2.4,1.8,0.2,0.2,France,Ligue 2,Home Win,Home Win
0.2,1.4,1.4,1.8,2.6,1.4,0.0,0.4,Finland,Veikkausliiga,Draw,Away Win
0.6,1.2,1.4,1.0,2.4,1.2,0.2,0.4,USA,MLS,Home Win,Home Win
1.8,0.8,1.6,1.2,1.4,1.6,0.6,0.0,USA,MLS,Away Win,Home Win
0.6,0.4,1.2,1.4,1.8,2.4,0.2,0.0,Japan,J1 League,Home Win,Home Win
1.0,0.4,1.6,0.0,0.8,2.0,0.2,0.0,Ireland,Premier Division,Home Win,Home Win
0.6,1.8,1.0,1.2,1.4,1.6,0.2,0.6,Romania,Liga 1,Home Win,Home Win
2.6,1.8,2.6,1.4,1.8,0.6,0.8,0.4,Russia,Premier League,Draw,Home Win
2.2,3.0,1.6,2.4,0.8,0.8,0.6,1.0,Austria,Bundesliga,Home Win,Away Win
1.4,2.2,1.8,2.0,1.4,0.4,0.4,0.6,Ireland,Premier Division,Draw,Away Win
2.6,1.4,1.6,1.6,0.4,1.2,0.8,0.2,Japan,J1 League,Draw,Home Win
0.6,0.0,1.4,0.4,2.8,2.6,0.2,0.0,USA,MLS,Home Win,Home Win
1.2,2.0,1.6,2.2,1.6,1.6,0.2,0.6,Belgium,Jupiler League,Away Win,Home Win
2.2,0.6,2.2,0.8,0.4,1.6,0.6,0.0,Italy,Serie B,Home Win,Home Win
0.4,2.2,1.2,1.6,2.6,0.6,0.0,0.6,Greece,Ethniki Katigoria,Home Win,Away Win
1.2,1.0,1.4,0.8,1.0,2.2,0.2,0.2,Turkey,Ligi 1,Draw,Home Win
0.6,1.4,0.8,1.4,2.2,1.4,0.2,0.4,England,English Football League One,Away Win,Away Win
1.8,1.6,1.6,1.6,0.6,0.8,0.4,0.4,England,English Football League One,Home Win,Home Win
1.4,0.6,1.6,0.8,2.4,1.2,0.4,0.0,Denmark,Superliga,Draw,Home Win
1.4,1.6,1.4,1.0,1.2,0.6,0.4,0.4,Italy,Serie B,Away Win,Home Win
1.2,2.0,1.0,1.4,1.4,0.8,0.2,0.6,Germany,Bundesliga 1,Away Win,Home Win
0.4,0.4,1.0,1.0,1.8,1.8,0.0,0.0,England,English Championship,Draw,Home Win
0.6,2.6,0.4,2.6,1.4,1.2,0.2,0.8,Turkey,Ligi 1,Away Win,Away Win
0.2,1.8,1.4,1.2,2.6,1.2,0.0,0.6,England,English Premier league,Home Win,Away Win
1.2,1.6,1.0,1.2,1.8,1.0,0.4,0.4,Belgium,Jupiler League,Draw,Home Win
1.0,1.4,1.2,0.8,1.2,0.8,0.0,0.4,Switzerland,Super League,Away Win,Home Win
0.8,1.2,0.6,1.8,1.4,2.2,0.2,0.2,England,National league,Away Win,Away Win
0.4,2.6,1.4,1.6,2.6,0.4,0.0,0.8,Denmark,Superliga,Home Win,Away Win
1.0,2.0,1.0,1.8,1.4,1.0,0.2,0.6,England,English Football League One,Draw,Away Win
0.8,1.0,1.2,0.4,1.6,1.0,0.2,0.2,France,Ligue 1,Home Win,Home Win
1.4,0.0,0.6,0.0,0.4,1.0,0.2,0.0,China,Super League,Home Win,Home Win
0.6,1.4,0.8,1.2,1.2,1.2,0.0,0.4,Poland,Ekstraklasa,Draw,Draw
1.8,2.4,1.4,0.8,0.8,0.4,0.6,0.8,Argentina,Liga Profesional,Home Win,Home Win
1.0,1.2,1.2,0.6,1.4,0.8,0.2,0.4,Poland,Ekstraklasa,Home Win,Home Win
1.2,1.4,1.0,1.0,1.4,0.6,0.4,0.2,USA,MLS,Away Win,Home Win
2.4,1.0,2.2,0.8,1.4,1.4,0.8,0.2,England,National league,Home Win,Home Win
0.6,2.2,1.2,2.2,2.4,1.2,0.2,0.6,Switzerland,Super League,Draw,Away Win
1.0,0.0,0.2,0.0,1.6,3.8,0.2,0.0,Austria,Bundesliga,Draw,Home Win
0.8,0.6,0.8,1.6,1.8,2.2,0.2,0.0,Spain,La Liga Santandar ,Home Win,Home Win
0.4,3.0,0.4,2.2,1.8,0.4,0.0,1.0,Poland,Ekstraklasa,Away Win,Away Win
1.2,1.4,1.2,1.0,1.4,1.4,0.4,0.4,Ireland,Premier Division,Draw,Home Win
1.0,1.8,1.2,1.6,2.0,1.6,0.2,0.6,England,English Football League Two,Home Win,Home Win
3.0,1.6,2.2,2.4,0.8,1.8,1.0,0.4,Russia,Premier League,Home Win,Home Win
1.8,2.2,1.6,1.0,1.4,0.0,0.6,0.6,Greece,Ethniki Katigoria,Away Win,Away Win
1.2,1.2,1.2,0.8,2.2,1.6,0.4,0.4,Argentina,Liga Profesional,Draw,Home Win
0.4,1.4,0.8,2.6,1.6,1.8,0.0,0.4,England,English Football League One,Draw,Away Win
1.2,1.4,1.2,1.8,1.4,1.6,0.4,0.2,Austria,Bundesliga,Away Win,Draw
1.8,1.6,1.4,0.8,0.4,0.4,0.4,0.4,England,English Premier league,Home Win,Home Win
0.6,1.4,1.8,2.2,2.2,1.4,0.0,0.4,Mexico,Liga MX,Draw,Home Win
1.4,1.4,2.4,0.6,1.2,1.4,0.4,0.4,China,Super League,Draw,Home Win
1.2,0.8,0.4,0.6,1.0,1.2,0.4,0.2,Spain,La Liga Santandar ,Home Win,Home Win
2.4,0.0,2.2,0.8,1.2,4.0,0.8,0.0,China,Super League,Home Win,Home Win
2.0,2.0,1.6,1.0,1.2,0.6,0.6,0.6,England,English Football League One,Away Win,Home Win
2.0,1.0,2.6,0.8,1.4,1.4,0.6,0.2,England,English Football League One,Away Win,Home Win
1.2,1.0,0.4,0.6,0.6,1.2,0.4,0.2,Argentina,Liga Profesional,Away Win,Home Win
0.6,2.6,0.2,1.8,0.6,1.0,0.0,0.8,Mexico,Liga MX,Draw,Away Win
0.4,0.4,0.8,0.6,1.8,1.8,0.0,0.0,Spain,La Liga Santandar ,Draw,Home Win
1.2,1.8,2.0,0.8,1.2,0.4,0.4,0.6,Austria,Bundesliga,Away Win,Away Win
2.0,0.8,2.0,0.8,1.2,2.0,0.6,0.2,Scotland,Scottish Premiership,Home Win,Home Win
1.8,0.4,1.4,0.6,1.0,1.8,0.4,0.0,Ireland,Premier Division,Home Win,Home Win
2.6,1.0,1.8,1.4,0.6,2.2,0.8,0.2,Scotland,Scottish Premiership,Home Win,Home Win
1.6,1.0,1.0,1.2,1.2,1.4,0.4,0.2,Italy,Serie B,Draw,Home Win
2.2,1.8,1.2,2.4,0.6,1.2,0.6,0.4,USA,MLS,Draw,Draw
2.6,1.8,1.4,1.2,0.6,0.0,0.8,0.4,Austria,Bundesliga,Home Win,Draw
2.4,2.6,2.6,2.6,0.8,1.0,0.8,0.8,England,National league,Away Win,Home Win
0.2,1.4,0.2,2.2,1.4,1.0,0.0,0.4,China,Super League,Draw,Away Win
1.6,1.4,2.2,1.0,1.6,1.4,0.4,0.4,England,English Football League One,Away Win,Home Win
0.2,1.4,1.2,1.8,2.8,1.6,0.0,0.4,England,National league,Home Win,Away Win
1.8,1.8,0.8,1.6,0.4,1.2,0.6,0.4,Romania,Liga 1,Away Win,Home Win
0.6,2.4,0.6,3.8,2.0,0.6,0.2,0.8,Greece,Ethniki Katigoria,Away Win,Away Win
1.8,0.2,0.8,0.0,0.4,4.0,0.4,0.0,Poland,Ekstraklasa,Draw,Home Win
0.4,0.6,0.6,0.4,1.6,1.4,0.0,0.2,Poland,Ekstraklasa,Away Win,Home Win
0.4,0.6,0.6,1.0,3.0,2.2,0.0,0.2,Mexico,Liga MX,Home Win,Home Win
0.8,1.0,1.4,2.2,2.0,1.8,0.2,0.2,Netherlands,KPN Eredivisie,Draw,Home Win
2.2,1.4,1.6,1.4,0.6,1.4,0.6,0.4,Scotland,Scottish League one,Home Win,Home Win
2.2,0.2,0.8,0.2,0.2,1.4,0.6,0.0,Argentina,Copa De La Liga Profesional,Draw,Home Win
2.2,0.6,2.2,0.8,1.0,1.8,0.6,0.0,Greece,Ethniki Katigoria,Home Win,Home Win
0.2,0.8,1.2,1.4,2.4,2.0,0.0,0.2,Germany,Bundesliga 2,Draw,Home Win
2.2,1.2,1.6,1.2,0.2,1.0,0.6,0.2,Portugal,Liga I,Home Win,Home Win
0.0,0.0,0.4,0.4,2.8,1.4,0.0,0.0,Poland,Ekstraklasa,Away Win,Home Win
1.0,0.6,1.4,0.2,1.4,1.0,0.0,0.0,Romania,Liga 1,Home Win,Draw
1.2,1.0,1.2,1.8,1.2,1.8,0.2,0.2,Germany,Bundesliga 2,Away Win,Home Win
3.0,2.4,2.2,2.0,0.4,1.0,1.0,0.8,England,English Championship,Away Win,Home Win
1.0,1.8,1.0,1.8,1.0,2.2,0.2,0.6,Turkey,Ligi 1,Home Win,Home Win
2.6,1.2,2.0,0.8,0.4,1.0,0.8,0.4,Finland,Veikkausliiga,Home Win,Home Win
1.4,1.6,1.4,1.6,1.2,1.2,0.2,0.4,England,English Football League Two,Away Win,Draw
0.6,1.8,1.8,1.8,2.2,0.2,0.0,0.4,Poland,Ekstraklasa,Draw,Draw
2.2,2.4,1.8,1.6,1.2,0.6,0.6,0.8,Russia,Premier League,Draw,Home Win
2.2,1.4,1.2,1.0,0.6,0.8,0.6,0.2,Mexico,Liga MX,Home Win,Home Win
1.8,0.0,1.8,0.4,1.6,2.2,0.6,0.0,USA,MLS,Home Win,Home Win
1.0,0.8,1.6,1.0,2.0,1.8,0.2,0.2,Italy,Serie A,Home Win,Home Win
1.6,1.8,2.2,1.0,0.8,0.4,0.4,0.6,Argentina,Liga Profesional,Home Win,Home Win
0.4,2.2,1.2,2.0,1.8,1.4,0.0,0.6,Romania,Liga 1,Away Win,Away Win
0.4,0.8,0.8,1.0,1.4,1.2,0.0,0.0,USA,MLS,Home Win,Draw
0.8,2.0,1.0,1.2,1.6,1.0,0.2,0.6,Belgium,Jupiler League,Draw,Away Win
3.0,1.8,2.6,2.2,0.4,1.0,1.0,0.4,Mexico,Liga MX,Home Win,Home Win
0.8,3.0,0.8,2.4,1.4,0.6,0.0,1.0,Argentina,Liga Profesional,Home Win,Away Win
1.8,0.6,1.6,1.2,1.0,1.4,0.6,0.2,Norway,Eliteserien,Home Win,Home Win
0.8,0.4,1.0,0.8,1.6,1.6,0.2,0.0,Spain,La Liga SmartBank,Draw,Home Win
1.4,0.6,1.4,1.0,0.6,1.4,0.4,0.0,Austria,Bundesliga,Draw,Home Win
1.4,1.0,1.4,1.0,1.4,1.6,0.4,0.2,Scotland,Scottish Championship,Away Win,Home Win
0.4,1.4,0.8,0.2,1.4,0.0,0.0,0.2,Argentina,Copa De La Liga Profesional,Away Win,Draw
1.0,1.6,0.6,1.0,0.6,0.6,0.0,0.4,Mexico,Liga MX,Home Win,Draw
2.2,0.6,1.2,1.6,0.6,2.6,0.6,0.2,Argentina,Copa De La Liga Profesional,Home Win,Home Win
1.4,1.4,1.6,1.2,1.2,1.6,0.4,0.4,Netherlands,KPN Eredivisie,Draw,Home Win
1.0,0.4,1.4,1.0,1.4,2.0,0.2,0.0,Italy,Serie B,Home Win,Home Win
2.2,1.4,1.6,1.6,0.8,1.6,0.6,0.4,England,English Football League Two,Home Win,Home Win
0.4,1.6,1.0,0.6,1.6,0.6,0.0,0.4,Argentina,Copa De La Liga Profesional,Home Win,Draw
1.4,1.8,1.0,1.6,0.6,1.0,0.4,0.6,Scotland,Scottish Premiership,Away Win,Home Win
1.8,0.6,1.2,0.8,0.8,1.2,0.4,0.0,Poland,Ekstraklasa,Draw,Home Win
0.8,0.4,1.2,0.6,1.4,2.2,0.2,0.0,England,English Premier league,Home Win,Home Win
2.0,1.0,1.6,0.8,1.0,1.0,0.6,0.2,England,English Championship,Home Win,Home Win
2.4,1.0,1.8,1.2,0.4,1.4,0.8,0.2,Mexico,Liga MX,Away Win,Home Win
1.4,0.8,1.8,0.6,1.4,1.8,0.4,0.2,Netherlands,KPN Eredivisie,Draw,Home Win
1.8,2.2,1.8,2.0,0.8,0.8,0.6,0.6,Germany,Bundesliga 1,Away Win,Home Win
2.6,1.6,2.6,1.2,1.2,1.4,0.8,0.4,Spain,La Liga Santandar ,Home Win,Home Win
0.8,1.0,1.0,1.2,2.2,1.6,0.2,0.2,Scotland,Scottish League two,Away Win,Home Win
1.0,1.0,1.4,0.6,2.0,0.6,0.2,0.0,Mexico,Liga MX,Away Win,Draw
2.2,1.2,2.4,0.4,1.4,1.4,0.6,0.4,Germany,Bundesliga 2,Home Win,Home Win
0.4,2.2,0.8,1.4,1.8,0.8,0.0,0.6,Austria,Bundesliga,Away Win,Away Win
0.4,1.8,0.8,1.6,1.4,1.2,0.0,0.4,Japan,J1 League,Away Win,Away Win
3.0,0.8,1.8,0.8,0.4,1.2,1.0,0.0,Argentina,Copa De La Liga Profesional,Draw,Home Win
0.0,1.8,0.4,1.4,1.4,1.2,0.0,0.6,Romania,Liga 1,Away Win,Away Win
1.8,2.6,1.0,1.4,0.2,0.2,0.4,0.8,Argentina,Liga Profesional,Draw,Home Win
0.8,1.2,1.0,0.8,1.6,0.8,0.2,0.2,England,English Championship,Home Win,Away Win
1.6,1.6,1.2,1.8,0.8,1.0,0.4,0.4,Italy,Serie A,Away Win,Home Win
0.0,2.2,0.6,2.4,2.8,1.8,0.0,0.6,Mexico,Liga MX,Draw,Away Win
1.8,2.0,2.0,2.0,0.6,1.2,0.4,0.6,England,National league,Home Win,Home Win
1.4,0.6,1.0,1.4,1.2,2.2,0.4,0.2,England,English Championship,Away Win,Home Win
1.0,0.6,0.6,1.2,1.0,1.8,0.2,0.2,Spain,La Liga SmartBank,Draw,Home Win
1.8,0.4,1.8,0.4,1.2,1.4,0.6,0.0,Ireland,Premier Division,Home Win,Home Win
1.0,1.2,0.6,1.2,1.6,2.6,0.2,0.4,Norway,Eliteserien,Home Win,Home Win
1.8,0.8,2.8,1.2,1.2,1.8,0.6,0.0,Romania,Liga 1,Draw,Home Win
0.6,1.6,0.6,1.2,1.4,0.6,0.0,0.4,Greece,Ethniki Katigoria,Away Win,Draw
2.2,1.2,1.0,0.8,0.4,1.0,0.6,0.4,Finland,Veikkausliiga,Home Win,Home Win
1.8,0.0,1.6,0.0,0.8,1.4,0.6,0.0,Japan,J1 League,Draw,Home Win
1.6,2.0,1.6,2.0,1.2,1.6,0.4,0.6,Turkey,Ligi 1,Home Win,Home Win
2.6,1.4,2.6,1.4,0.6,1.0,0.8,0.4,Switzerland,Super League,Draw,Home Win
1.8,1.2,1.8,1.2,0.8,1.8,0.6,0.4,Brazil,Serie A,Home Win,Home Win
2.0,0.6,2.8,1.6,1.4,3.0,0.6,0.2,England,English Premier league,Away Win,Home Win
0.4,1.8,0.4,2.4,2.8,1.2,0.0,0.6,China,Super League,Away Win,Away Win
1.8,2.0,1.6,2.0,1.2,1.4,0.4,0.6,England,English Championship,Draw,Home Win
2.6,0.0,2.2,0.6,0.6,2.0,0.8,0.0,China,Super League,Draw,Home Win
0.2,1.4,0.4,2.2,2.0,2.0,0.0,0.4,Italy,Serie B,Away Win,Away Win
0.6,1.4,1.4,1.6,2.4,1.4,0.0,0.4,England,National league,Home Win,Away Win
1.0,0.2,0.4,0.4,0.4,3.2,0.0,0.0,Japan,J1 League,Home Win,Home Win
2.2,1.2,1.6,1.4,0.6,1.6,0.6,0.4,China,Super League,Home Win,Home Win
0.8,0.4,1.0,0.6,1.6,2.0,0.2,0.0,England,English Premier league,Draw,Home Win
1.2,0.6,1.2,1.2,1.6,1.6,0.4,0.2,Mexico,Liga MX,Away Win,Home Win
1.4,2.4,0.8,1.0,1.2,0.4,0.4,0.8,Japan,J1 League,Draw,Away Win
0.6,0.6,0.6,0.0,1.0,0.8,0.0,0.0,Japan,J1 League,Home Win,Draw
1.8,1.4,1.4,1.8,0.8,0.6,0.4,0.4,Scotland,Scottish League two,Home Win,Home Win
0.6,0.6,0.8,0.8,1.6,2.4,0.0,0.2,England,English Championship,Home Win,Home Win
2.6,1.2,2.0,1.2,0.8,1.8,0.8,0.4,France,Ligue 2,Away Win,Home Win
2.0,1.4,1.4,1.0,1.0,0.6,0.6,0.4,England,English Football League Two,Home Win,Home Win
1.2,3.0,1.2,1.6,1.4,0.6,0.4,1.0,Argentina,Copa De La Liga Profesional,Draw,Away Win
1.2,3.0,1.0,1.6,1.6,0.2,0.4,1.0,Ireland,Premier Division,Away Win,Away Win
0.8,1.4,1.2,1.0,2.4,1.6,0.2,0.4,England,English Premier league,Home Win,Home Win
1.2,0.2,1.2,0.8,1.4,2.0,0.4,0.0,Italy,Serie B,Draw,Home Win
0.6,1.2,1.0,1.4,1.0,1.8,0.2,0.4,Switzerland,Super League,Home Win,Home Win
2.2,1.6,1.8,1.6,0.8,1.4,0.6,0.4,Japan,J1 League,Home Win,Home Win
0.6,2.0,1.0,2.0,2.4,1.2,0.2,0.6,Turkey,Ligi 1,Home Win,Away Win
1.4,1.4,3.4,1.4,2.2,1.4,0.4,0.4,Romania,Liga 1,Away Win,Home Win
1.4,0.0,1.8,0.4,2.6,2.4,0.4,0.0,Romania,Liga 1,Draw,Home Win
0.6,1.4,1.4,1.0,1.8,1.0,0.0,0.4,China,Super League,Draw,Home Win
1.6,1.0,0.8,0.6,0.6,0.8,0.4,0.2,Ireland,Premier Division,Away Win,Home Win
1.8,0.0,1.6,0.8,1.6,2.4,0.6,0.0,Norway,Eliteserien,Home Win,Home Win
0.6,1.0,1.4,0.8,1.8,1.0,0.0,0.2,England,National league,Draw,Home Win
1.2,2.2,2.6,2.6,3.0,1.4,0.4,0.6,Norway,Eliteserien,Home Win,Away Win
1.0,2.2,0.2,1.8,0.8,0.4,0.2,0.6,Greece,Ethniki Katigoria,Draw,Draw
1.4,0.6,1.0,0.2,1.4,1.2,0.4,0.2,England,English Championship,Draw,Home Win
0.6,1.2,1.0,0.8,2.0,1.0,0.2,0.4,USA,MLS,Home Win,Home Win
1.4,0.4,1.8,0.6,1.4,2.6,0.2,0.0,Mexico,Liga MX,Home Win,Home Win
0.4,1.4,0.4,1.2,1.8,0.8,0.0,0.4,Ireland,Premier Division,Draw,Away Win
1.6,1.2,0.8,1.6,0.6,1.6,0.4,0.2,Portugal,Liga I,Home Win,Home Win
1.4,3.0,2.2,2.0,1.6,0.8,0.2,1.0,Finland,Veikkausliiga,Away Win,Away Win
1.0,1.2,1.0,2.0,1.2,2.0,0.2,0.4,England,English Football League Two,Home Win,Home Win
2.6,0.0,1.6,1.2,0.8,2.2,0.8,0.0,Mexico,Liga MX,Draw,Home Win
1.8,3.0,1.0,2.2,0.4,1.0,0.6,1.0,Sweden,Allsvenskan,Home Win,Away Win
2.2,0.4,2.2,1.2,0.8,2.8,0.6,0.0,Scotland,Scottish League one,Draw,Home Win
1.0,1.6,0.8,2.4,1.6,2.2,0.2,0.4,England,National league,Away Win,Away Win
0.6,1.2,1.0,1.8,2.8,1.6,0.2,0.4,Ireland,Premier Division,Away Win,Away Win
0.2,1.4,0.0,0.8,1.2,0.8,0.0,0.4,Brazil,Serie A,Draw,Away Win
1.0,1.8,1.0,1.8,2.0,1.2,0.2,0.6,Scotland,Scottish Championship,Draw,Away Win
1.0,2.0,0.8,2.4,1.4,0.8,0.2,0.6,Belgium,Jupiler League,Draw,Away Win
0.2,0.4,1.0,1.2,2.2,2.0,0.0,0.0,England,English Championship,Home Win,Home Win
0.6,0.4,0.4,0.0,0.8,1.0,0.0,0.0,Mexico,Liga MX,Home Win,Home Win
0.4,2.6,0.4,1.2,1.4,0.4,0.0,0.8,Finland,Veikkausliiga,Draw,Away Win
1.2,1.8,0.4,0.8,0.8,0.4,0.4,0.6,Argentina,Liga Profesional,Away Win,Home Win
2.4,0.0,2.4,0.8,1.0,2.6,0.8,0.0,Belgium,Jupiler League,Home Win,Home Win
2.0,1.0,1.8,0.8,1.4,1.0,0.6,0.2,Greece,Ethniki Katigoria,Home Win,Home Win
1.8,1.8,2.0,1.6,1.6,1.2,0.4,0.4,Japan,J1 League,Draw,Draw
1.8,0.0,1.6,1.0,1.0,2.4,0.6,0.0,Argentina,Copa De La Liga Profesional,Home Win,Home Win
2.0,0.6,1.0,1.4,0.8,1.8,0.6,0.2,England,English Football League One,Away Win,Home Win
0.2,2.0,1.0,1.6,2.4,1.2,0.0,0.6,Italy,Serie B,Home Win,Away Win
0.8,0.6,1.2,1.2,2.0,1.6,0.2,0.0,Italy,Serie A,Draw,Home Win
1.6,2.2,1.0,2.0,0.8,0.6,0.4,0.6,Italy,Serie B,Home Win,Draw
1.2,3.0,1.2,4.0,1.2,0.4,0.4,1.0,Russia,Premier League,Away Win,Away Win
0.6,1.6,1.0,1.0,1.4,1.2,0.0,0.4,USA,MLS,Home Win,Home Win
0.8,1.8,1.8,2.0,2.2,1.0,0.2,0.6,Netherlands,KPN Eredivisie,Draw,Away Win
2.6,2.0,1.8,1.6,0.0,1.4,0.8,0.6,France,Ligue 1,Away Win,Home Win
0.0,2.6,1.2,2.6,2.6,1.4,0.0,0.8,China,Super League,Home Win,Away Win
1.0,2.0,0.8,2.2,1.2,1.4,0.2,0.6,England,National league,Draw,Away Win
0.6,1.4,0.6,1.8,1.0,1.8,0.0,0.4,Japan,J1 League,Draw,Away Win
0.4,2.0,0.8,1.4,2.0,0.6,0.0,0.6,Italy,Serie A,Home Win,Away Win
3.0,0.4,2.4,1.0,1.0,1.8,1.0,0.0,Brazil,Serie A,Home Win,Home Win
1.4,1.4,1.6,1.0,1.6,1.0,0.4,0.4,Poland,Ekstraklasa,Draw,Home Win
1.4,0.0,1.0,0.8,0.8,2.8,0.2,0.0,Spain,La Liga Santandar ,Home Win,Home Win
0.0,3.0,1.0,3.2,2.8,2.2,0.0,1.0,Norway,Eliteserien,Away Win,Away Win
1.8,0.4,1.0,0.4,1.2,1.0,0.6,0.0,Argentina,Liga Profesional,Home Win,Home Win
2.2,2.0,1.6,2.0,1.0,1.6,0.6,0.6,Italy,Serie B,Home Win,Home Win
1.8,0.4,2.6,1.0,2.0,3.2,0.6,0.0,Switzerland,Super League,Home Win,Home Win
0.6,0.2,1.2,0.4,2.8,2.4,0.0,0.0,China,Super League,Draw,Home Win
1.0,0.4,1.4,0.4,1.6,1.8,0.2,0.0,Finland,Veikkausliiga,Home Win,Home Win
1.4,2.4,1.4,1.8,1.2,0.4,0.4,0.8,England,English Football League Two,Home Win,Away Win
0.6,0.0,1.0,0.4,2.4,2.2,0.2,0.0,USA,MLS,Home Win,Home Win
0.6,1.6,1.0,1.6,3.2,1.4,0.2,0.4,Switzerland,Super League,Home Win,Away Win
0.6,1.0,1.8,1.2,2.8,1.6,0.2,0.2,Netherlands,KPN Eredivisie,Away Win,Home Win
1.4,0.0,1.6,0.6,1.4,2.0,0.2,0.0,Ireland,Premier Division,Home Win,Home Win
3.0,2.0,2.8,1.8,1.0,1.2,1.0,0.6,England,English Football League Two,Home Win,Home Win
1.8,2.0,1.4,2.2,1.4,1.2,0.6,0.6,England,English Premier league,Away Win,Home Win
1.6,0.6,2.2,0.4,1.6,2.2,0.4,0.2,Brazil,Serie A,Away Win,Home Win
1.6,1.4,0.8,1.0,0.8,0.4,0.4,0.2,Spain,La Liga SmartBank,Draw,Draw
1.6,2.4,0.4,1.8,0.2,0.8,0.4,0.8,Denmark,Superliga,Home Win,Away Win
1.8,1.2,1.8,1.0,1.0,0.8,0.6,0.2,Turkey,Ligi 1,Home Win,Home Win
2.6,0.6,2.8,2.8,0.4,3.4,0.8,0.2,Norway,Eliteserien,Home Win,Home Win
2.0,1.6,2.0,1.6,1.4,1.4,0.6,0.4,England,English Football League One,Home Win,Home Win
1.0,1.2,0.4,1.0,0.6,1.2,0.2,0.4,Argentina,Liga Profesional,Home Win,Home Win
0.2,1.4,0.2,0.8,1.2,1.0,0.0,0.4,Scotland,Scottish Premiership,Draw,Away Win
1.2,2.2,1.0,1.4,1.2,0.4,0.4,0.6,Russia,Premier League,Draw,Away Win
3.0,2.4,1.4,1.6,0.4,0.6,1.0,0.8,Ireland,Premier Division,Home Win,Home Win
1.0,1.0,0.8,0.8,0.8,0.8,0.0,0.0,Argentina,Copa De La Liga Profesional,Draw,Draw
1.4,2.6,1.0,1.4,1.6,0.4,0.4,0.8,France,Ligue 2,Away Win,Away Win
1.8,1.2,1.2,1.4,1.0,2.0,0.6,0.4,USA,MLS,Home Win,Home Win
0.2,3.0,0.2,1.0,1.8,0.0,0.0,1.0,Poland,Ekstraklasa,Away Win,Away Win
1.0,0.8,0.8,0.8,1.8,2.2,0.2,0.2,France,Ligue 2,Home Win,Home Win
1.8,1.2,1.2,1.2,0.8,1.2,0.4,0.2,England,English Football League One,Draw,Home Win
1.8,1.8,1.6,1.8,1.2,1.2,0.6,0.6,England,English Championship,Away Win,Home Win
1.8,2.0,1.8,1.8,1.4,0.6,0.4,0.6,Netherlands,KPN Eredivisie,Draw,Home Win
1.8,0.8,1.0,0.6,1.0,2.0,0.6,0.2,Turkey,Ligi 1,Home Win,Home Win
0.6,0.8,1.2,1.6,2.0,2.0,0.2,0.0,USA,MLS,Home Win,Home Win
1.4,2.0,2.0,1.6,1.6,1.4,0.4,0.6,England,English Football League One,Away Win,Home Win
1.0,1.2,1.8,0.8,2.2,1.8,0.2,0.4,England,English Football League One,Home Win,Home Win
2.2,1.4,1.6,0.8,1.0,1.2,0.6,0.4,England,National league,Draw,Home Win
1.2,0.8,1.0,1.2,2.4,2.2,0.4,0.2,Germany,Bundesliga 2,Home Win,Home Win
1.8,1.0,1.6,0.8,1.6,0.8,0.6,0.0,France,Ligue 2,Away Win,Home Win
3.0,1.0,2.4,1.0,0.4,1.6,1.0,0.2,Turkey,Ligi 1,Home Win,Home Win
2.2,0.0,1.0,0.8,0.4,2.6,0.6,0.0,Argentina,Copa De La Liga Profesional,Home Win,Home Win
0.6,1.6,1.2,0.8,1.8,0.6,0.0,0.4,England,English Football League Two,Draw,Draw
1.8,1.0,1.6,0.8,0.8,1.0,0.4,0.2,Spain,La Liga SmartBank,Draw,Home Win
1.2,2.6,1.0,2.2,1.6,0.6,0.2,0.8,Scotland,Scottish Premiership,Away Win,Away Win
0.2,1.2,0.2,1.2,1.4,0.6,0.0,0.4,Argentina,Copa De La Liga Profesional,Away Win,Away Win
1.4,1.8,1.2,1.8,1.2,2.0,0.4,0.6,England,English Premier league,Home Win,Home Win
0.2,1.8,1.0,2.6,3.0,1.6,0.0,0.6,England,English Premier league,Draw,Away Win
1.8,2.6,1.0,2.4,0.6,0.4,0.4,0.8,Italy,Serie A,Away Win,Draw
2.2,2.6,2.0,2.0,1.0,1.0,0.6,0.8,England,English Football League One,Draw,Home Win
1.2,1.4,1.2,1.0,1.6,0.8,0.4,0.2,USA,MLS,Home Win,Home Win
1.8,0.4,1.8,0.4,2.0,1.6,0.6,0.0,Mexico,Liga MX,Draw,Home Win
1.4,1.6,1.8,1.6,1.6,1.4,0.2,0.4,Mexico,Liga MX,Home Win,Home Win
0.2,2.2,0.0,1.6,0.8,0.8,0.0,0.6,China,Super League,Home Win,Away Win
2.0,2.4,1.0,3.2,0.0,2.2,0.5,0.8,Argentina,Liga Profesional,Draw,Home Win
3.0,0.6,3.6,1.0,1.0,4.0,1.0,0.2,Norway,Eliteserien,Home Win,Home Win
1.0,2.0,1.0,1.0,1.2,0.6,0.2,0.6,Spain,La Liga SmartBank,Away Win,Home Win
0.8,3.0,1.8,1.8,2.8,0.2,0.2,1.0,Spain,La Liga Santandar ,Home Win,Away Win
0.6,1.2,1.2,1.0,1.8,1.2,0.0,0.2,Scotland,Scottish Premiership,Home Win,Draw
0.0,2.2,0.2,1.2,2.4,0.6,0.0,0.6,Mexico,Liga MX,Away Win,Away Win
1.0,0.0,1.6,0.6,1.4,2.0,0.2,0.0,Mexico,Liga MX,Home Win,Home Win
0.0,3.0,1.0,1.8,3.4,0.6,0.0,1.0,Ireland,Premier Division,Away Win,Away Win
2.4,0.2,2.0,0.2,1.2,1.8,0.8,0.0,Scotland,Scottish Championship,Away Win,Home Win
2.2,1.6,2.0,1.0,0.6,0.8,0.6,0.4,Brazil,Serie A,Home Win,Home Win
2.0,1.0,1.0,0.6,0.8,1.2,0.6,0.2,Scotland,Scottish League one,Draw,Home Win
1.4,1.8,1.2,0.8,2.0,0.0,0.4,0.4,Norway,Eliteserien,Draw,Away Win
1.6,1.0,1.2,0.8,1.2,1.4,0.4,0.2,Italy,Serie B,Draw,Home Win
1.2,0.8,1.0,1.8,1.2,1.6,0.2,0.2,England,English Football League Two,Home Win,Home Win
0.6,1.6,0.6,0.8,2.4,0.6,0.2,0.4,Austria,Bundesliga,Home Win,Away Win
1.4,2.4,1.8,2.2,1.8,1.2,0.4,0.8,Germany,Bundesliga 2,Draw,Home Win
2.6,1.8,2.6,2.2,0.2,0.6,0.8,0.4,USA,MLS,Draw,Home Win
0.2,1.0,0.6,1.0,2.2,1.0,0.0,0.0,Poland,Ekstraklasa,Home Win,Draw
1.6,1.8,1.4,1.6,1.6,1.0,0.4,0.6,England,English Football League Two,Home Win,Home Win
1.2,1.4,1.0,1.2,2.0,1.4,0.4,0.4,England,English Premier league,Home Win,Home Win
1.2,2.2,1.0,2.0,1.2,1.0,0.4,0.6,Denmark,Superliga,Away Win,Away Win
0.6,1.8,1.4,1.4,2.2,0.2,0.0,0.4,Mexico,Liga MX,Draw,Draw
0.0,1.4,0.0,1.0,1.4,0.8,0.0,0.2,Ireland,Premier Division,Away Win,Away Win
2.0,1.0,1.0,1.0,0.2,1.0,0.6,0.2,Spain,La Liga SmartBank,Home Win,Home Win
1.6,1.4,0.8,1.0,1.2,1.4,0.4,0.4,Mexico,Liga MX,Draw,Home Win
1.6,1.8,2.0,2.4,0.8,1.4,0.4,0.4,England,English Premier league,Away Win,Home Win
1.4,2.4,1.2,2.0,1.0,0.8,0.4,0.8,Italy,Serie A,Home Win,Away Win
1.4,0.4,1.8,0.8,2.8,1.8,0.4,0.0,Germany,Bundesliga 1,Home Win,Home Win
1.4,3.0,1.4,1.6,1.4,0.4,0.4,1.0,Portugal,Liga I,Away Win,Away Win
1.6,1.6,1.8,1.2,1.0,1.0,0.4,0.4,England,English Football League One,Away Win,Home Win
0.8,1.4,0.4,1.2,1.0,1.2,0.2,0.4,Spain,La Liga Santandar ,Home Win,Home Win
1.0,1.6,0.4,1.8,0.6,1.2,0.2,0.4,Japan,J1 League,Home Win,Away Win
0.2,1.8,0.6,2.2,2.2,1.4,0.0,0.4,Switzerland,Super League,Draw,Away Win
1.0,1.0,1.0,1.0,1.2,1.0,0.2,0.2,France,Ligue 1,Away Win,Home Win
2.0,0.6,2.4,2.0,1.4,2.6,0.6,0.0,France,Ligue 2,Home Win,Home Win
1.6,1.6,1.6,1.4,1.0,0.8,0.4,0.4,England,National league,Home Win,Home Win
0.6,2.4,0.8,1.0,2.6,0.4,0.2,0.8,Japan,J1 League,Home Win,Away Win
0.6,0.4,1.0,1.2,2.2,2.2,0.2,0.0,England,English Premier league,Home Win,Home Win
1.4,1.4,1.4,1.4,1.4,2.0,0.4,0.4,Turkey,Ligi 1,Away Win,Home Win
3.0,0.4,2.0,1.0,0.2,2.0,1.0,0.0,Ireland,Premier Division,Home Win,Home Win
1.8,1.8,1.6,2.4,1.2,1.6,0.4,0.4,Mexico,Liga MX,Draw,Draw
0.0,1.8,1.2,1.2,3.4,1.2,0.0,0.6,Norway,Eliteserien,Home Win,Away Win
0.0,1.4,0.8,1.8,3.6,2.2,0.0,0.4,Greece,Ethniki Katigoria,Away Win,Away Win
1.4,2.4,1.8,2.2,1.0,0.4,0.4,0.8,Argentina,Liga Profesional,Away Win,Home Win
0.2,0.6,1.0,0.6,2.2,1.8,0.0,0.0,Sweden,Allsvenskan,Draw,Home Win
1.8,1.4,1.0,3.2,0.6,3.0,0.4,0.2,USA,MLS,Home Win,Draw
0.8,1.2,1.0,1.4,1.8,2.0,0.2,0.4,England,English Premier league,Home Win,Home Win
1.8,1.2,1.4,0.6,1.6,2.0,0.6,0.4,Mexico,Liga MX,Home Win,Home Win
2.4,1.5,2.4,1.5,0.6,1.0,0.8,0.5,Poland,Ekstraklasa,Home Win,Home Win
0.8,1.6,1.0,1.2,1.8,0.8,0.2,0.4,Netherlands,KPN Eredivisie,Draw,Away Win
0.0,1.0,0.4,1.0,2.2,2.0,0.0,0.2,Argentina,Liga Profesional,Away Win,Home Win
1.8,1.6,1.4,1.2,0.6,1.2,0.4,0.4,Spain,La Liga SmartBank,Draw,Home Win
1.8,0.0,2.4,0.2,1.8,1.6,0.6,0.0,Argentina,Copa De La Liga Profesional,Home Win,Home Win
1.4,0.8,1.2,0.4,1.2,1.8,0.4,0.2,Greece,Ethniki Katigoria,Home Win,Home Win
0.6,0.8,0.4,0.8,2.0,1.6,0.2,0.2,England,English Premier league,Draw,Home Win
1.8,1.2,1.6,1.8,1.2,1.0,0.6,0.4,Brazil,Serie A,Home Win,Home Win
1.4,1.0,0.8,0.6,0.8,1.2,0.4,0.2,England,English Football League One,Home Win,Home Win
3.0,1.8,3.2,1.2,0.6,1.4,1.0,0.6,Denmark,Superliga,Home Win,Home Win
1.8,0.4,1.4,0.0,1.6,1.8,0.6,0.0,Austria,Bundesliga,Home Win,Home Win
1.2,2.2,0.8,1.8,0.6,1.2,0.4,0.6,Poland,Ekstraklasa,Away Win,Away Win
1.4,1.4,1.0,2.2,1.0,2.2,0.4,0.4,Italy,Serie B,Away Win,Home Win
2.4,0.8,2.2,0.8,0.8,1.8,0.8,0.2,England,English Football League Two,Home Win,Home Win
1.0,1.6,0.6,2.0,1.6,1.6,0.2,0.4,Turkey,Ligi 1,Home Win,Draw
2.2,0.4,1.8,0.0,1.2,1.4,0.6,0.0,Norway,Eliteserien,Home Win,Home Win
1.4,1.4,0.6,0.8,0.8,1.0,0.4,0.4,Spain,La Liga SmartBank,Away Win,Home Win
0.8,0.8,0.6,0.8,1.0,1.8,0.2,0.2,France,Ligue 2,Home Win,Home Win
0.2,0.8,1.2,1.6,2.0,2.0,0.0,0.0,Austria,Bundesliga,Draw,Draw
2.4,1.4,2.8,0.8,1.8,0.8,0.8,0.4,France,Ligue 1,Away Win,Home Win
2.0,1.0,1.6,1.0,0.8,1.2,0.6,0.2,England,English Championship,Home Win,Home Win
1.2,2.4,1.2,2.0,1.4,1.0,0.4,0.8,Poland,Ekstraklasa,Home Win,Away Win
2.2,1.0,1.6,1.0,0.8,2.0,0.6,0.2,Argentina,Liga Profesional,Draw,Home Win
2.0,0.8,2.0,0.8,1.6,2.2,0.6,0.2,France,Ligue 2,Home Win,Home Win
2.0,1.8,2.2,2.4,1.2,1.4,0.6,0.6,Germany,Bundesliga 1,Away Win,Home Win
2.6,1.8,2.6,0.6,1.4,0.2,0.8,0.4,Argentina,Copa De La Liga Profesional,Draw,Home Win
0.6,1.0,0.8,1.6,1.6,1.6,0.0,0.0,Romania,Liga 1,Draw,Draw
0.8,1.0,0.4,0.8,1.0,1.8,0.2,0.2,England,English Football League Two,Draw,Home Win
2.4,1.0,2.6,1.0,1.6,1.6,0.8,0.2,England,National league,Home Win,Home Win
0.2,0.2,0.2,0.6,2.6,2.6,0.0,0.0,Austria,Bundesliga,Home Win,Home Win
0.4,0.6,0.0,2.2,1.0,3.2,0.0,0.2,China,Super League,Away Win,Home Win
0.2,0.0,0.2,0.4,1.0,2.4,0.0,0.0,Brazil,Serie A,Draw,Home Win
0.6,1.6,1.4,1.2,2.0,0.6,0.0,0.4,Germany,Bundesliga 1,Home Win,Draw
2.4,2.0,2.0,1.2,1.2,1.0,0.8,0.6,Portugal,Liga I,Home Win,Home Win
0.6,0.6,0.2,0.6,2.6,1.6,0.2,0.0,Italy,Serie A,Draw,Home Win
3.0,0.4,2.4,0.6,1.4,1.2,1.0,0.0,Romania,Liga 1,Home Win,Home Win
2.6,2.4,2.2,0.8,0.2,0.4,0.8,0.8,Finland,Veikkausliiga,Home Win,Home Win
1.6,1.0,1.4,1.0,0.8,1.6,0.4,0.2,Italy,Serie B,Home Win,Home Win
2.6,0.6,1.8,0.2,0.2,1.0,0.8,0.0,Romania,Liga 1,Draw,Home Win
0.4,2.4,1.0,2.0,2.4,0.6,0.0,0.8,Japan,J1 League,Away Win,Away Win
2.6,1.6,1.8,1.6,1.0,1.8,0.8,0.4,Scotland,Scottish Premiership,Away Win,Home Win
1.4,0.2,2.2,0.6,2.6,1.4,0.4,0.0,Switzerland,Super League,Draw,Home Win
2.2,0.6,2.8,2.6,1.8,3.0,0.6,0.2,Sweden,Allsvenskan,Home Win,Home Win
1.0,1.4,1.2,1.6,1.4,1.6,0.2,0.4,England,English Championship,Away Win,Home Win
3.0,0.6,2.2,0.4,0.4,1.6,1.0,0.2,Sweden,Allsvenskan,Home Win,Home Win
0.8,0.4,1.8,0.6,2.6,2.2,0.2,0.0,Turkey,Ligi 1,Home Win,Home Win
0.8,1.6,1.2,1.2,1.6,0.8,0.2,0.4,Germany,Bundesliga 1,Home Win,Away Win
0.8,2.0,0.4,2.2,1.0,1.2,0.2,0.6,Belgium,Jupiler League,Draw,Away Win
3.0,1.6,1.6,1.4,0.2,0.8,1.0,0.4,Finland,Veikkausliiga,Home Win,Home Win
0.8,3.0,0.6,2.6,1.4,0.6,0.2,1.0,Turkey,Ligi 1,Home Win,Away Win
1.8,1.0,1.6,1.6,0.8,1.6,0.4,0.0,Austria,Bundesliga,Draw,Draw
1.6,2.2,1.4,1.2,0.8,0.4,0.4,0.6,Poland,Ekstraklasa,Home Win,Home Win
2.6,1.6,2.0,1.2,0.2,1.0,0.8,0.4,France,Ligue 1,Draw,Home Win
1.4,1.2,1.2,1.8,0.8,2.2,0.2,0.4,Scotland,Scottish Championship,Away Win,Home Win
1.2,2.2,0.8,1.0,1.0,0.0,0.4,0.6,Argentina,Liga Profesional,Away Win,Away Win
1.8,2.4,1.8,1.8,1.8,1.2,0.6,0.8,Brazil,Serie A,Draw,Home Win
0.8,1.2,0.4,1.2,0.6,1.4,0.0,0.4,Argentina,Copa De La Liga Profesional,Away Win,Draw
0.4,2.2,1.0,0.8,1.6,0.2,0.0,0.6,Japan,J1 League,Away Win,Away Win
2.0,0.8,2.4,1.0,0.8,2.6,0.6,0.2,Germany,Bundesliga 2,Draw,Home Win
1.2,1.2,0.8,1.0,1.0,2.0,0.4,0.4,Argentina,Liga Profesional,Away Win,Home Win
2.2,0.4,1.2,0.2,0.6,0.8,0.6,0.0,Argentina,Copa De La Liga Profesional,Home Win,Home Win
2.0,1.8,1.8,1.6,0.6,1.6,0.6,0.6,Scotland,Scottish Premiership,Home Win,Home Win
0.8,0.6,1.0,0.8,1.2,1.4,0.0,0.2,Italy,Serie B,Away Win,Home Win
0.2,0.4,0.4,0.8,1.8,1.6,0.0,0.0,England,English Championship,Away Win,Home Win
1.8,3.0,1.4,2.8,0.8,1.0,0.6,1.0,Norway,Eliteserien,Home Win,Away Win
1.4,1.2,1.0,2.0,1.4,1.6,0.4,0.2,Italy,Serie B,Home Win,Draw
1.8,2.6,2.2,1.8,1.0,1.0,0.4,0.8,China,Super League,Draw,Home Win
1.4,0.2,1.4,1.0,1.4,3.0,0.4,0.0,Germany,Bundesliga 1,Home Win,Home Win
0.6,1.2,0.6,1.6,1.2,2.0,0.2,0.4,Norway,Eliteserien,Home Win,Home Win
2.0,1.8,1.8,1.2,1.4,0.8,0.6,0.4,Italy,Serie B,Home Win,Home Win
2.0,2.0,2.2,1.8,1.4,1.0,0.6,0.6,France,Ligue 1,Draw,Home Win
3.0,1.8,2.8,1.8,0.8,1.4,1.0,0.6,Germany,Bundesliga 2,Away Win,Home Win
1.0,1.8,2.0,1.4,2.4,1.0,0.2,0.4,France,Ligue 2,Draw,Away Win
0.6,0.6,1.0,1.0,1.8,2.2,0.0,0.0,Poland,Ekstraklasa,Draw,Draw
1.0,1.8,0.0,2.4,0.0,1.2,0.0,0.4,Argentina,Liga Profesional,Home Win,Draw
2.2,1.6,1.8,2.2,1.2,1.4,0.6,0.4,Mexico,Liga MX,Away Win,Home Win
1.4,1.4,0.8,0.8,0.8,0.8,0.4,0.4,Argentina,Copa De La Liga Profesional,Draw,Home Win
1.8,1.6,3.2,1.0,2.2,0.8,0.6,0.4,USA,MLS,Home Win,Home Win
2.2,0.6,1.8,1.0,0.6,2.2,0.6,0.2,Germany,Bundesliga 1,Home Win,Home Win
1.0,1.6,1.4,1.2,1.2,1.0,0.2,0.4,China,Super League,Home Win,Home Win
1.2,1.2,0.8,1.0,2.2,1.2,0.4,0.4,Spain,La Liga Santandar ,Home Win,Home Win
2.4,2.6,1.6,2.4,1.0,0.8,0.8,0.8,England,National league,Home Win,Away Win
1.4,0.0,1.2,0.4,0.8,1.6,0.2,0.0,Argentina,Liga Profesional,Home Win,Home Win
2.4,1.0,1.2,0.6,0.4,0.8,0.8,0.2,Japan,J1 League,Home Win,Home Win
1.2,1.0,0.8,1.2,1.2,1.2,0.4,0.2,Poland,Ekstraklasa,Away Win,Home Win
1.0,1.8,0.2,2.2,0.4,0.6,0.2,0.4,Romania,Liga 1,Draw,Draw
0.6,1.4,0.8,1.6,1.8,1.2,0.2,0.4,England,English Football League One,Away Win,Away Win
1.4,1.8,1.6,1.2,2.4,0.8,0.4,0.4,Argentina,Liga Profesional,Draw,Home Win
3.0,1.2,1.4,0.8,0.4,0.6,1.0,0.4,Argentina,Copa De La Liga Profesional,Home Win,Home Win
1.4,2.0,1.8,1.6,1.2,1.2,0.4,0.6,England,English Football League One,Home Win,Home Win
1.8,1.8,2.0,2.4,1.6,1.6,0.4,0.4,Romania,Liga 1,Draw,Draw
2.0,1.2,1.6,0.8,1.0,0.4,0.6,0.2,Spain,La Liga SmartBank,Home Win,Home Win
1.6,0.8,0.8,0.4,0.6,0.8,0.4,0.0,Mexico,Liga MX,Home Win,Home Win
0.0,1.8,0.6,2.6,2.0,1.4,0.0,0.6,Japan,J1 League,Away Win,Away Win
0.6,0.2,1.4,1.0,2.0,2.2,0.2,0.0,Mexico,Liga MX,Home Win,Home Win
0.6,2.2,0.8,1.8,1.6,0.8,0.0,0.6,Mexico,Liga MX,Away Win,Away Win
2.6,1.8,1.6,2.0,0.0,0.8,0.8,0.4,Brazil,Serie A,Draw,Home Win
1.6,2.4,1.0,1.4,1.0,0.4,0.4,0.8,Brazil,Serie A,Home Win,Home Win
0.8,1.8,1.4,0.8,1.6,1.6,0.2,0.6,Germany,Bundesliga 2,Draw,Home Win
1.0,2.4,1.8,1.6,1.6,1.0,0.2,0.8,Denmark,Superliga,Home Win,Away Win
1.2,1.6,1.0,2.4,1.8,1.6,0.4,0.4,Scotland,Scottish Championship,Away Win,Away Win
1.8,1.6,1.0,1.4,1.2,1.2,0.6,0.4,Brazil,Serie A,Home Win,Home Win
1.8,1.6,1.6,1.4,1.2,2.2,0.6,0.4,Brazil,Serie A,Away Win,Home Win
1.4,1.2,2.0,1.0,1.8,0.8,0.4,0.2,England,English Championship,Draw,Home Win
1.8,3.0,2.0,3.2,1.6,0.4,0.4,1.0,Russia,Premier League,Home Win,Away Win
1.2,1.4,1.4,2.2,1.2,1.2,0.2,0.4,England,English Football League One,Away Win,Home Win
0.2,1.4,0.6,1.6,1.6,2.2,0.0,0.4,England,National league,Home Win,Away Win
1.6,0.8,2.0,1.2,0.8,2.2,0.4,0.2,Netherlands,KPN Eredivisie,Home Win,Home Win
2.2,0.8,2.0,0.6,0.2,0.8,0.6,0.0,Argentina,Liga Profesional,Home Win,Home Win
3.0,1.8,3.6,1.6,1.0,1.2,1.0,0.4,Denmark,Superliga,Draw,Home Win
1.6,2.0,2.2,1.8,1.0,1.4,0.4,0.6,Italy,Serie A,Away Win,Home Win
2.4,1.2,1.8,1.6,0.4,1.6,0.8,0.2,England,English Premier league,Away Win,Home Win
1.2,3.0,0.8,4.4,2.8,0.8,0.4,1.0,Sweden,Allsvenskan,Away Win,Away Win
1.2,0.0,1.6,0.8,1.8,2.4,0.4,0.0,France,Ligue 2,Draw,Home Win
2.6,1.0,2.4,1.75,0.2,2.5,0.8,0.25,Greece,Ethniki Katigoria,Home Win,Home Win
0.8,0.8,1.2,1.0,2.0,2.0,0.2,0.2,Italy,Serie A,Home Win,Home Win
1.2,1.4,0.8,1.2,0.6,0.8,0.4,0.2,USA,MLS,Draw,Home Win
1.0,2.4,0.8,1.4,1.0,0.2,0.2,0.8,Spain,La Liga SmartBank,Home Win,Away Win
2.2,2.4,2.0,1.8,1.0,0.8,0.6,0.8,Russia,Premier League,Home Win,Home Win
1.6,1.2,1.2,0.6,0.8,1.0,0.4,0.2,Spain,La Liga SmartBank,Home Win,Home Win
0.4,1.8,0.4,1.0,1.0,1.6,0.0,0.6,Argentina,Liga Profesional,Away Win,Home Win
1.8,1.8,1.0,1.0,0.6,0.6,0.4,0.4,Romania,Liga 1,Draw,Draw
2.4,1.8,2.8,2.0,1.6,1.2,0.8,0.6,Norway,Eliteserien,Away Win,Home Win
0.8,1.2,0.6,1.4,1.0,1.0,0.2,0.4,Italy,Serie B,Away Win,Away Win
1.6,0.2,1.8,0.8,1.2,1.8,0.4,0.0,England,English Football League One,Home Win,Home Win
1.0,1.8,1.2,2.2,1.8,1.4,0.2,0.6,China,Super League,Home Win,Away Win
1.6,0.6,1.6,1.6,1.4,2.2,0.4,0.2,England,English Premier league,Away Win,Home Win
1.4,2.2,1.6,2.2,1.0,0.6,0.4,0.6,England,English Football League One,Home Win,Away Win
1.0,1.8,0.4,1.2,1.2,0.8,0.2,0.6,England,English Football League One,Home Win,Away Win
0.2,1.4,1.0,1.2,1.8,0.6,0.0,0.2,Mexico,Liga MX,Away Win,Away Win
0.6,0.4,1.2,0.6,2.6,2.8,0.2,0.0,China,Super League,Home Win,Home Win
2.0,2.2,2.0,2.0,0.6,1.0,0.6,0.6,Belgium,Jupiler League,Draw,Home Win
0.4,1.0,0.6,1.6,1.2,1.8,0.0,0.2,Finland,Veikkausliiga,Away Win,Away Win
1.0,0.8,1.0,0.4,2.0,0.6,0.2,0.0,Romania,Liga 1,Home Win,Draw
2.4,1.8,1.2,3.4,0.6,0.8,0.8,0.6,Sweden,Allsvenskan,Away Win,Home Win
0.0,0.4,0.6,1.0,3.0,1.6,0.0,0.0,Switzerland,Super League,Draw,Home Win
2.2,0.6,2.2,1.2,0.4,1.6,0.6,0.0,Germany,Bundesliga 1,Away Win,Home Win
1.4,0.2,0.8,0.6,1.2,1.8,0.4,0.0,Germany,Bundesliga 1,Away Win,Home Win
0.4,3.0,0.8,2.2,1.8,0.8,0.0,1.0,USA,MLS,Away Win,Away Win
1.2,1.4,0.8,1.4,1.6,1.4,0.4,0.4,Turkey,Ligi 1,Home Win,Home Win
1.2,1.0,1.0,1.2,1.6,1.2,0.4,0.2,Scotland,Scottish Premiership,Home Win,Home Win
1.8,1.6,1.4,1.6,2.0,0.6,0.6,0.4,Argentina,Liga Profesional,Home Win,Home Win
0.2,1.4,1.0,1.2,2.2,1.2,0.0,0.4,Netherlands,KPN Eredivisie,Draw,Away Win
1.8,0.4,0.8,0.4,0.8,1.2,0.6,0.0,Austria,Bundesliga,Home Win,Home Win
2.6,0.2,2.2,0.4,0.2,1.4,0.8,0.0,England,English Football League One,Home Win,Home Win
1.2,3.0,0.8,2.2,1.0,0.2,0.4,1.0,Mexico,Liga MX,Away Win,Away Win
0.6,1.4,0.6,1.0,1.4,0.8,0.0,0.2,Norway,Eliteserien,Away Win,Draw
1.8,0.0,1.8,0.4,0.8,3.4,0.6,0.0,China,Super League,Home Win,Home Win
0.6,2.0,0.8,3.2,1.8,1.0,0.0,0.6,England,English Football League Two,Home Win,Away Win
1.2,1.4,1.4,1.6,1.2,1.4,0.4,0.2,Russia,Premier League,Away Win,Home Win
1.8,0.2,2.8,0.8,1.2,1.6,0.4,0.0,Romania,Liga 1,Draw,Home Win
0.4,2.2,0.2,1.4,1.0,0.6,0.0,0.6,Argentina,Liga Profesional,Away Win,Away Win
0.6,0.4,0.6,0.8,1.0,1.6,0.0,0.0,England,English Football League Two,Away Win,Home Win
0.6,2.2,2.0,1.2,2.8,0.6,0.0,0.6,Brazil,Serie A,Home Win,Away Win
0.6,1.0,0.4,1.2,1.2,1.6,0.2,0.2,Italy,Serie A,Home Win,Home Win
1.4,0.8,1.2,0.4,1.0,1.8,0.4,0.2,France,Ligue 2,Draw,Home Win
1.6,3.0,1.8,3.0,2.2,0.2,0.4,1.0,Austria,Bundesliga,Away Win,Away Win
1.4,0.8,1.4,1.2,1.4,2.0,0.4,0.2,England,English Football League Two,Home Win,Home Win
1.4,2.6,1.4,2.8,1.2,0.6,0.4,0.8,France,Ligue 1,Home Win,Away Win
1.0,2.2,0.8,1.0,1.4,0.4,0.2,0.6,England,English Football League Two,Away Win,Away Win
0.6,2.4,0.6,3.0,1.4,0.8,0.2,0.8,Scotland,Scottish Premiership,Away Win,Away Win
1.4,1.2,1.8,0.6,1.6,1.0,0.4,0.4,England,English Championship,Home Win,Home Win
1.4,0.8,1.0,1.4,1.0,1.6,0.4,0.0,Japan,J1 League,Home Win,Home Win
1.8,3.0,1.2,1.0,0.4,0.0,0.4,1.0,Argentina,Liga Profesional,Draw,Home Win
1.4,2.6,1.2,2.0,2.0,0.8,0.4,0.8,Russia,Premier League,Draw,Away Win
1.6,1.2,1.4,0.8,1.6,0.8,0.4,0.2,England,National league,Away Win,Home Win
2.4,0.6,2.4,0.6,1.0,2.0,0.8,0.2,Japan,J1 League,Away Win,Home Win
2.4,1.8,2.4,2.2,0.8,1.6,0.8,0.6,England,National league,Away Win,Home Win
1.4,0.4,1.6,0.0,0.8,0.8,0.4,0.0,Mexico,Liga MX,Draw,Home Win
1.8,2.0,2.0,2.8,0.8,1.2,0.6,0.6,Portugal,Liga I,Away Win,Home Win
1.2,1.2,0.4,1.8,0.6,1.8,0.2,0.4,England,National league,Home Win,Home Win
1.2,1.0,2.4,1.8,3.0,2.8,0.4,0.2,Austria,Bundesliga,Away Win,Home Win
1.2,0.6,0.6,0.8,0.6,1.6,0.2,0.2,England,English Championship,Draw,Home Win
1.0,2.4,1.4,2.2,1.8,0.8,0.2,0.8,England,National league,Home Win,Away Win
0.6,1.2,1.6,0.6,2.4,1.0,0.0,0.4,Ireland,Premier Division,Draw,Home Win
0.6,1.6,0.6,1.2,1.2,1.0,0.2,0.4,Brazil,Serie A,Away Win,Away Win
1.0,0.4,0.8,0.8,2.2,1.4,0.2,0.0,Portugal,Liga I,Away Win,Home Win
0.4,1.0,0.2,2.2,1.0,2.2,0.0,0.2,Italy,Serie B,Home Win,Draw
3.0,1.8,3.0,1.8,0.4,1.6,1.0,0.6,Scotland,Scottish League one,Home Win,Home Win
2.6,0.4,1.8,1.2,0.4,2.0,0.8,0.0,England,English Premier league,Home Win,Home Win
1.8,2.0,1.6,1.8,0.8,1.4,0.4,0.6,Italy,Serie B,Away Win,Home Win
1.8,1.4,1.6,1.2,1.2,1.6,0.6,0.4,Sweden,Allsvenskan,Away Win,Home Win
0.6,1.8,0.4,0.8,1.6,0.4,0.0,0.4,Argentina,Copa De La Liga Profesional,Home Win,Draw
0.6,1.4,1.4,1.8,1.8,1.4,0.0,0.4,Japan,J1 League,Draw,Away Win
0.8,1.0,1.4,1.2,1.6,1.4,0.0,0.2,Romania,Liga 1,Away Win,Draw
1.4,1.4,1.6,0.6,2.4,1.0,0.4,0.4,USA,MLS,Home Win,Home Win
1.2,1.8,1.2,1.8,1.6,1.0,0.4,0.4,Sweden,Allsvenskan,Away Win,Away Win
1.2,1.0,0.6,1.4,0.8,1.8,0.2,0.2,Portugal,Liga I,Away Win,Home Win
1.4,1.8,1.8,2.0,2.6,2.2,0.4,0.6,England,English Premier league,Draw,Home Win
0.6,0.2,0.6,0.2,1.0,1.0,0.0,0.0,Mexico,Liga MX,Draw,Home Win
1.8,1.0,1.6,0.8,0.8,0.8,0.4,0.0,USA,MLS,Draw,Draw
0.0,1.6,1.2,1.0,2.2,0.8,0.0,0.4,USA,MLS,Draw,Away Win
1.4,2.6,1.0,2.2,1.2,1.0,0.4,0.8,Turkey,Ligi 1,Away Win,Away Win
1.4,1.4,1.0,1.0,1.0,1.0,0.4,0.4,Mexico,Liga MX,Draw,Home Win
0.4,1.6,1.0,0.8,1.6,0.6,0.0,0.4,Poland,Ekstraklasa,Home Win,Draw
1.8,2.4,2.6,2.0,0.8,1.4,0.6,0.8,Mexico,Liga MX,Home Win,Home Win
1.0,0.6,0.6,0.6,0.6,1.0,0.0,0.0,Argentina,Copa De La Liga Profesional,Draw,Draw
2.0,0.8,1.4,1.2,1.0,1.6,0.6,0.2,England,English Football League Two,Draw,Home Win
1.8,3.0,2.2,2.6,1.6,0.2,0.6,1.0,England,English Championship,Draw,Away Win
0.6,0.8,1.4,0.8,1.8,1.0,0.0,0.0,Poland,Ekstraklasa,Home Win,Draw
0.8,1.2,0.8,1.8,1.4,1.4,0.2,0.4,Scotland,Scottish League two,Draw,Home Win
1.8,1.4,1.6,1.2,0.8,1.2,0.4,0.4,Argentina,Copa De La Liga Profesional,Draw,Home Win
0.8,2.2,1.4,1.4,1.4,0.4,0.2,0.6,Greece,Ethniki Katigoria,Home Win,Away Win
0.4,1.4,0.8,0.8,2.2,1.6,0.0,0.4,England,English Football League Two,Home Win,Away Win
1.2,1.0,1.6,0.8,1.2,0.8,0.4,0.2,Poland,Ekstraklasa,Away Win,Home Win
1.0,2.2,0.8,1.4,1.0,0.4,0.2,0.6,England,English Championship,Draw,Away Win
3.0,0.4,3.4,0.4,0.8,2.6,1.0,0.0,China,Super League,Home Win,Home Win
1.4,1.8,2.6,1.4,1.8,1.0,0.4,0.4,USA,MLS,Draw,Home Win
2.0,2.6,2.2,3.0,1.2,1.0,0.6,0.8,Netherlands,KPN Eredivisie,Away Win,Home Win
1.2,0.6,0.8,0.4,1.6,2.8,0.4,0.2,Russia,Premier League,Away Win,Home Win
1.0,1.8,1.0,1.6,1.6,1.2,0.2,0.4,Belgium,Jupiler League,Draw,Draw
1.2,0.8,2.2,0.2,2.2,1.4,0.4,0.2,Spain,La Liga SmartBank,Home Win,Home Win
0.0,0.0,0.4,0.4,1.8,1.6,0.0,0.0,Argentina,Liga Profesional,Home Win,Home Win
2.0,0.2,2.4,0.8,0.8,2.4,0.6,0.0,England,English Football League Two,Home Win,Home Win
0.6,0.0,1.6,0.8,2.2,2.4,0.2,0.0,Spain,La Liga SmartBank,Away Win,Home Win
1.2,2.0,1.4,1.0,1.2,0.6,0.4,0.6,England,English Football League One,Draw,Away Win
0.8,0.4,1.8,0.4,2.0,1.6,0.2,0.0,Scotland,Scottish Premiership,Home Win,Home Win
1.4,0.6,2.6,1.2,1.6,2.2,0.4,0.2,Belgium,Jupiler League,Home Win,Home Win
3.0,0.4,3.2,0.4,0.4,1.2,1.0,0.0,Austria,Bundesliga,Home Win,Home Win
1.2,1.8,0.8,1.6,1.2,1.6,0.4,0.6,Poland,Ekstraklasa,Away Win,Home Win
1.2,2.0,1.2,2.0,1.2,1.2,0.2,0.6,England,English Premier league,Draw,Home Win
1.4,1.4,1.2,0.4,1.6,0.4,0.4,0.4,Russia,Premier League,Draw,Home Win
1.2,0.6,1.4,0.8,2.8,1.8,0.4,0.2,Norway,Eliteserien,Away Win,Home Win
1.4,2.6,1.4,1.8,1.4,0.6,0.4,0.8,China,Super League,Draw,Away Win
1.8,1.2,1.0,0.8,0.4,1.4,0.6,0.4,Argentina,Liga Profesional,Draw,Home Win
0.2,1.4,0.6,1.4,1.8,1.4,0.0,0.4,Romania,Liga 1,Draw,Away Win
0.8,1.6,0.8,1.4,1.0,0.8,0.0,0.4,Turkey,Ligi 1,Home Win,Draw
1.8,1.4,2.4,1.6,1.2,1.6,0.4,0.4,Argentina,Copa De La Liga Profesional,Draw,Home Win
1.8,0.8,2.2,0.8,1.4,1.6,0.6,0.2,England,English Championship,Draw,Home Win
2.2,0.6,2.0,1.0,1.4,1.4,0.6,0.0,Switzerland,Super League,Draw,Home Win
1.4,1.6,0.6,1.6,0.6,1.0,0.4,0.4,England,English Premier league,Away Win,Home Win
0.8,0.8,1.0,0.4,2.6,1.4,0.2,0.2,England,English Football League One,Draw,Home Win
1.8,1.6,1.2,1.0,1.4,0.8,0.6,0.4,Finland,Veikkausliiga,Home Win,Home Win
1.8,0.6,2.0,1.0,1.8,1.6,0.6,0.2,USA,MLS,Home Win,Home Win
0.6,1.8,0.6,2.2,1.4,1.8,0.0,0.4,Romania,Liga 1,Draw,Draw
1.8,1.2,2.0,1.4,1.0,1.6,0.6,0.4,USA,MLS,Home Win,Home Win
1.0,0.2,1.6,0.4,1.8,1.4,0.2,0.0,Germany,Bundesliga 2,Away Win,Home Win
1.4,0.6,1.6,0.2,1.6,1.8,0.4,0.0,USA,MLS,Home Win,Home Win
1.0,1.6,1.0,0.8,1.2,0.6,0.2,0.4,USA,MLS,Draw,Home Win
0.6,1.4,0.8,2.0,1.6,2.2,0.0,0.4,England,National league,Home Win,Away Win
1.4,1.4,1.4,1.2,2.2,0.8,0.4,0.4,France,Ligue 1,Draw,Home Win
1.2,1.4,1.6,0.6,1.4,0.6,0.4,0.4,Brazil,Serie A,Draw,Home Win
2.4,0.0,2.0,0.0,0.6,2.8,0.8,0.0,Ireland,Premier Division,Home Win,Home Win
1.6,3.0,1.6,2.2,1.4,0.2,0.4,1.0,England,English Championship,Away Win,Away Win
1.0,1.4,1.4,1.0,1.4,0.6,0.0,0.4,Brazil,Serie A,Draw,Draw
1.2,3.0,0.8,3.8,2.6,0.4,0.4,1.0,Sweden,Allsvenskan,Away Win,Away Win
0.0,0.8,0.6,1.6,2.8,2.4,0.0,0.2,England,English Premier league,Away Win,Away Win
0.6,1.0,0.2,0.4,2.0,1.2,0.2,0.2,Russia,Premier League,Draw,Home Win
0.4,2.2,0.4,1.0,1.2,0.4,0.0,0.6,China,Super League,Away Win,Away Win
2.2,1.8,1.8,2.2,0.8,1.4,0.6,0.4,Greece,Ethniki Katigoria,Away Win,Draw
1.8,0.4,1.8,0.4,0.8,1.4,0.6,0.0,Argentina,Liga Profesional,Home Win,Home Win
1.0,0.8,1.2,0.6,1.4,1.8,0.2,0.2,Spain,La Liga Santandar ,Home Win,Home Win
2.4,1.4,2.4,1.2,0.4,0.8,0.8,0.2,Austria,Bundesliga,Away Win,Home Win
2.6,2.6,2.0,2.0,0.8,0.0,0.8,0.8,Argentina,Liga Profesional,Draw,Home Win
2.4,0.6,2.6,0.6,0.6,1.2,0.8,0.0,Greece,Ethniki Katigoria,Home Win,Home Win
0.0,0.4,0.8,0.4,2.2,2.6,0.0,0.0,Argentina,Liga Profesional,Home Win,Home Win
1.4,1.2,1.4,1.8,1.4,1.6,0.4,0.4,Italy,Serie B,Home Win,Home Win
1.0,1.6,0.6,1.6,1.6,1.4,0.2,0.4,Brazil,Serie A,Home Win,Home Win
1.0,0.4,1.4,0.8,1.6,2.2,0.2,0.0,Norway,Eliteserien,Home Win,Home Win
2.2,0.4,1.8,0.0,0.8,1.0,0.6,0.0,USA,MLS,Home Win,Home Win
1.8,0.4,1.4,1.0,0.6,2.0,0.4,0.0,France,Ligue 1,Home Win,Home Win
2.4,1.0,2.0,0.6,1.0,1.0,0.8,0.2,France,Ligue 2,Home Win,Home Win
1.2,2.6,2.2,3.0,1.2,1.4,0.4,0.8,Poland,Ekstraklasa,Home Win,Away Win
0.2,0.4,1.0,0.4,2.2,1.4,0.0,0.0,Spain,La Liga Santandar ,Home Win,Home Win
1.4,2.6,1.0,1.4,1.4,0.2,0.4,0.8,Poland,Ekstraklasa,Draw,Away Win
1.0,1.8,0.6,1.4,1.0,0.4,0.2,0.4,Scotland,Scottish League two,Away Win,Draw
0.6,1.6,0.8,1.8,2.0,1.8,0.2,0.4,USA,MLS,Home Win,Home Win
1.4,1.0,2.8,1.6,1.6,1.6,0.4,0.0,Japan,J1 League,Home Win,Home Win
1.0,1.4,1.0,1.2,1.4,1.2,0.2,0.4,Spain,La Liga SmartBank,Home Win,Home Win
1.4,1.0,0.8,1.2,1.2,1.2,0.4,0.0,Poland,Ekstraklasa,Away Win,Draw
2.4,1.4,2.2,1.4,1.0,1.0,0.8,0.4,England,English Football League Two,Draw,Home Win
2.2,1.0,2.0,1.0,0.4,1.2,0.6,0.2,Brazil,Serie A,Home Win,Home Win
0.6,1.2,0.8,0.6,1.8,0.6,0.0,0.2,England,English Football League Two,Draw,Draw
3.0,0.4,2.2,0.4,0.8,1.4,1.0,0.0,Argentina,Copa De La Liga Profesional,Home Win,Home Win
0.6,1.2,0.6,2.0,2.0,2.2,0.2,0.4,Switzerland,Super League,Draw,Home Win
0.6,0.2,1.2,0.4,1.6,1.2,0.0,0.0,Argentina,Liga Profesional,Draw,Home Win
0.4,1.2,0.6,2.2,1.2,2.6,0.0,0.4,Brazil,Serie A,Away Win,Home Win
1.6,1.2,1.6,1.4,1.6,2.4,0.4,0.4,Germany,Bundesliga 2,Home Win,Home Win
1.0,1.2,0.8,1.6,1.6,2.0,0.2,0.4,Sweden,Allsvenskan,Home Win,Home Win
1.4,1.0,0.8,1.2,1.0,1.6,0.4,0.2,France,Ligue 1,Away Win,Home Win
1.0,1.6,1.0,0.8,1.2,0.2,0.2,0.4,Romania,Liga 1,Home Win,Draw
0.0,0.8,0.8,1.0,3.4,1.8,0.0,0.2,England,English Championship,Draw,Away Win
1.4,1.4,2.0,1.0,1.6,0.8,0.4,0.4,Spain,La Liga Santandar ,Home Win,Home Win
2.6,1.2,2.6,2.6,1.0,1.8,0.8,0.4,England,English Premier league,Home Win,Home Win
1.2,1.0,1.4,0.8,1.2,1.2,0.2,0.2,France,Ligue 2,Away Win,Home Win
0.6,0.2,0.4,0.4,1.6,1.8,0.2,0.0,Portugal,Liga I,Home Win,Home Win
2.0,1.8,1.8,1.0,0.8,0.4,0.6,0.4,Spain,La Liga Santandar ,Draw,Home Win
2.0,1.6,1.2,1.0,0.4,0.6,0.6,0.4,Italy,Serie A,Home Win,Home Win
2.6,0.4,2.0,1.0,1.2,1.6,0.8,0.0,China,Super League,Draw,Home Win
1.8,1.4,1.2,1.2,0.8,1.0,0.4,0.4,France,Ligue 2,Draw,Home Win
0.0,1.0,0.4,0.8,1.8,1.8,0.0,0.2,Romania,Liga 1,Away Win,Home Win
0.4,1.6,0.6,1.4,1.6,0.6,0.0,0.4,Spain,La Liga SmartBank,Home Win,Draw
1.0,2.0,0.8,1.4,1.0,0.6,0.2,0.6,England,National league,Draw,Away Win
3.0,1.0,2.4,1.2,1.4,1.6,1.0,0.2,Scotland,Scottish Championship,Draw,Home Win
0.2,1.0,0.6,0.8,1.8,1.8,0.0,0.2,France,Ligue 2,Draw,Away Win
1.6,1.4,1.4,1.8,1.2,1.2,0.4,0.4,Scotland,Scottish League two,Draw,Home Win
1.4,1.8,0.4,2.4,0.8,2.2,0.4,0.6,Norway,Eliteserien,Away Win,Home Win
0.4,1.8,0.2,1.0,1.0,0.6,0.0,0.6,Argentina,Liga Profesional,Away Win,Away Win
2.2,1.0,1.8,0.6,1.0,0.8,0.6,0.2,Spain,La Liga SmartBank,Home Win,Home Win
0.4,2.2,0.6,2.8,1.6,0.6,0.0,0.6,Poland,Ekstraklasa,Away Win,Away Win
1.6,1.4,1.6,1.0,0.2,1.2,0.4,0.4,Scotland,Scottish Championship,Home Win,Home Win
1.6,1.8,2.6,1.8,2.2,1.6,0.4,0.6,Denmark,Superliga,Away Win,Home Win
1.6,1.6,1.2,1.4,1.8,1.4,0.4,0.4,Scotland,Scottish League two,Draw,Home Win
0.4,0.8,1.0,0.8,1.6,1.2,0.0,0.2,Italy,Serie B,Draw,Home Win
1.8,1.0,1.2,1.0,0.8,1.8,0.6,0.2,England,English Championship,Home Win,Home Win
0.8,2.2,1.2,1.8,1.6,0.8,0.2,0.6,Scotland,Scottish League two,Draw,Away Win
1.0,1.0,1.6,0.8,1.6,0.8,0.0,0.0,Argentina,Liga Profesional,Draw,Draw
0.2,2.6,1.2,2.0,2.0,1.2,0.0,0.8,USA,MLS,Home Win,Away Win
2.0,1.0,2.2,0.8,1.0,1.0,0.6,0.2,Italy,Serie A,Home Win,Home Win
1.6,0.0,1.8,0.4,0.8,1.4,0.4,0.0,USA,MLS,Home Win,Home Win
2.6,1.6,2.0,1.6,0.8,1.0,0.8,0.4,Germany,Bundesliga 2,Home Win,Home Win
1.4,2.6,1.0,1.8,1.4,1.0,0.4,0.8,USA,MLS,Draw,Home Win
1.8,0.6,1.8,0.6,2.0,1.8,0.6,0.0,Sweden,Allsvenskan,Away Win,Home Win
1.2,0.2,1.2,1.2,1.6,2.4,0.4,0.0,Germany,Bundesliga 2,Draw,Home Win
2.0,3.0,1.6,1.8,0.8,0.6,0.6,1.0,France,Ligue 1,Draw,Away Win
0.8,1.8,0.8,1.8,1.0,1.2,0.0,0.6,Austria,Bundesliga,Away Win,Draw
0.8,0.4,0.6,0.0,0.8,1.4,0.0,0.0,Denmark,Superliga,Home Win,Home Win
3.0,3.0,2.0,1.0,0.8,0.0,1.0,1.0,China,Super League,Draw,Home Win
2.2,2.4,1.4,2.0,0.0,1.0,0.6,0.8,Sweden,Allsvenskan,Home Win,Home Win
2.6,1.4,1.6,1.0,0.8,1.8,0.8,0.4,Romania,Liga 1,Draw,Home Win
0.6,0.4,1.4,0.8,2.0,1.8,0.2,0.0,Mexico,Liga MX,Home Win,Home Win
0.6,0.8,0.6,0.6,1.4,1.0,0.2,0.0,Romania,Liga 1,Home Win,Home Win
1.8,0.6,0.8,0.0,0.4,0.8,0.4,0.0,Argentina,Liga Profesional,Draw,Home Win
1.2,0.0,0.8,0.6,0.8,2.0,0.4,0.0,Mexico,Liga MX,Home Win,Home Win
0.8,1.2,1.0,1.2,2.4,2.4,0.2,0.4,England,English Premier league,Away Win,Home Win
1.6,1.4,1.2,1.0,1.2,1.6,0.4,0.4,Scotland,Scottish Premiership,Home Win,Home Win
0.8,1.2,0.8,1.8,1.6,2.0,0.2,0.4,England,National league,Home Win,Home Win
2.0,1.2,2.2,1.4,1.2,1.8,0.6,0.4,Greece,Ethniki Katigoria,Home Win,Home Win
0.8,1.8,0.8,1.8,1.0,1.6,0.0,0.6,USA,MLS,Away Win,Home Win
1.2,0.6,0.8,0.8,0.8,1.6,0.2,0.2,Italy,Serie B,Draw,Home Win
2.0,1.0,2.0,1.2,1.6,1.2,0.6,0.2,France,Ligue 1,Home Win,Home Win
1.6,1.2,1.0,1.2,0.8,2.8,0.4,0.4,USA,MLS,Home Win,Home Win
1.8,2.4,0.8,1.4,1.4,0.4,0.6,0.8,Argentina,Copa De La Liga Profesional,Home Win,Home Win
2.0,1.0,1.0,1.0,0.2,1.4,0.6,0.2,Italy,Serie B,Home Win,Home Win
1.8,3.0,0.6,2.4,0.4,0.8,0.6,1.0,Russia,Premier League,Draw,Away Win
2.6,0.8,1.8,0.6,0.8,1.2,0.8,0.2,Scotland,Scottish League one,Home Win,Home Win
1.6,2.0,1.0,1.6,0.8,0.6,0.4,0.6,Scotland,Scottish League two,Home Win,Home Win
1.4,0.8,0.8,0.2,0.6,0.6,0.2,0.0,Argentina,Copa De La Liga Profesional,Home Win,Draw
1.2,0.8,1.0,0.8,2.2,1.4,0.4,0.0,Portugal,Liga I,Home Win,Home Win
1.4,2.0,0.8,3.0,0.8,1.8,0.4,0.6,Portugal,Liga I,Away Win,Away Win
1.8,1.2,2.8,1.4,1.8,1.6,0.4,0.2,Germany,Bundesliga 2,Away Win,Home Win
1.0,1.2,1.4,1.2,1.2,2.2,0.2,0.4,Brazil,Serie A,Home Win,Home Win
2.2,2.2,1.4,1.8,0.4,0.4,0.6,0.6,Brazil,Serie A,Home Win,Home Win
1.6,3.0,1.2,2.2,1.0,0.4,0.4,1.0,USA,MLS,Away Win,Home Win
1.2,1.4,1.6,1.0,1.2,0.6,0.2,0.4,Greece,Ethniki Katigoria,Away Win,Home Win
0.4,0.8,1.2,1.6,2.2,2.2,0.0,0.2,Germany,Bundesliga 2,Away Win,Home Win
2.4,2.2,2.6,1.8,1.4,1.0,0.8,0.6,Brazil,Serie A,Away Win,Home Win
1.0,1.8,0.4,1.0,0.4,0.6,0.0,0.4,Japan,J1 League,Away Win,Draw
1.6,1.4,1.2,0.8,1.0,1.6,0.4,0.4,Japan,J1 League,Away Win,Home Win
2.6,1.8,1.6,0.8,0.8,0.4,0.8,0.4,Poland,Ekstraklasa,Draw,Home Win
0.2,1.8,0.8,2.4,2.4,0.8,0.0,0.4,Norway,Eliteserien,Draw,Away Win
2.0,1.2,1.8,1.0,1.2,1.4,0.6,0.4,England,English Championship,Draw,Home Win
2.6,1.8,3.2,1.2,0.8,0.8,0.8,0.4,Denmark,Superliga,Draw,Home Win
2.6,1.8,2.4,1.4,0.8,1.0,0.8,0.6,Italy,Serie A,Away Win,Home Win
1.0,1.8,0.8,1.6,0.8,1.2,0.0,0.4,Argentina,Copa De La Liga Profesional,Draw,Draw
1.6,3.0,2.0,2.8,2.4,0.4,0.4,1.0,Turkey,Ligi 1,Away Win,Away Win
0.8,0.8,1.0,1.6,1.4,2.6,0.2,0.2,Italy,Serie A,Home Win,Home Win
0.6,1.2,1.4,0.8,2.6,2.2,0.2,0.4,Brazil,Serie A,Draw,Home Win
2.2,1.2,1.0,0.4,0.0,1.0,0.6,0.4,Argentina,Liga Profesional,Home Win,Home Win
0.6,1.2,0.8,1.0,1.6,1.4,0.2,0.4,Argentina,Liga Profesional,Home Win,Home Win
0.4,0.4,0.4,1.4,1.8,2.0,0.0,0.0,USA,MLS,Draw,Home Win
1.4,0.4,1.6,0.4,0.8,1.6,0.2,0.0,Romania,Liga 1,Home Win,Home Win
3.0,1.6,1.6,1.4,0.6,1.2,1.0,0.4,Japan,J1 League,Home Win,Home Win
2.0,1.0,2.2,2.0,2.0,2.2,0.6,0.2,Germany,Bundesliga 2,Draw,Home Win
2.2,1.6,3.0,1.8,1.0,1.8,0.6,0.4,Russia,Premier League,Home Win,Home Win
1.2,2.0,2.2,1.2,2.2,0.2,0.2,0.6,Italy,Serie B,Home Win,Draw
1.0,1.8,1.0,1.2,1.2,0.8,0.2,0.4,Italy,Serie A,Draw,Draw
1.4,0.2,0.8,0.4,0.6,1.8,0.2,0.0,England,English Football League One,Home Win,Home Win
1.2,1.6,0.8,2.0,1.2,0.8,0.4,0.4,Netherlands,KPN Eredivisie,Away Win,Away Win
0.6,2.2,1.8,2.2,2.2,0.2,0.0,0.6,Poland,Ekstraklasa,Draw,Draw
1.2,2.2,0.6,2.6,1.0,1.0,0.4,0.6,Ireland,Premier Division,Away Win,Away Win
1.8,1.8,2.6,1.6,1.4,1.2,0.6,0.4,Ireland,Premier Division,Home Win,Home Win
1.6,0.0,1.2,0.6,1.0,2.4,0.4,0.0,England,National league,Draw,Home Win
1.2,0.6,0.8,0.8,2.0,1.6,0.4,0.2,Brazil,Serie A,Away Win,Home Win
2.6,3.0,2.4,2.4,1.2,1.0,0.8,1.0,China,Super League,Away Win,Home Win
2.2,0.6,1.0,0.8,0.4,2.6,0.6,0.2,Portugal,Liga I,Home Win,Home Win
0.4,1.4,1.0,0.8,2.0,0.6,0.0,0.2,Mexico,Liga MX,Away Win,Draw
0.4,0.8,1.0,0.4,2.2,1.2,0.0,0.2,England,English Championship,Home Win,Home Win
1.8,2.4,2.2,2.0,1.6,0.6,0.6,0.8,Portugal,Liga I,Home Win,Home Win
2.0,1.0,1.4,1.6,0.8,2.0,0.6,0.2,France,Ligue 1,Away Win,Home Win
2.0,1.8,1.4,1.8,0.8,1.4,0.6,0.6,Germany,Bundesliga 2,Draw,Home Win
0.4,1.2,1.6,0.8,2.2,0.8,0.0,0.2,Germany,Bundesliga 1,Away Win,Home Win
1.8,1.6,1.2,2.2,0.6,1.2,0.6,0.4,Ireland,Premier Division,Home Win,Home Win
1.8,1.0,2.2,0.0,0.6,0.0,0.4,0.0,Romania,Liga 1,Away Win,Draw
0.4,1.6,0.4,1.4,1.4,1.4,0.0,0.4,Germany,Bundesliga 1,Home Win,Away Win
0.6,1.0,1.4,0.6,2.6,0.6,0.0,0.0,Romania,Liga 1,Draw,Draw
1.8,2.4,2.6,2.2,1.0,1.0,0.6,0.8,Switzerland,Super League,Home Win,Home Win
1.0,1.2,0.8,0.6,1.4,0.8,0.2,0.2,Italy,Serie A,Draw,Home Win
0.8,0.0,1.6,0.2,2.0,2.0,0.0,0.0,Russia,Premier League,Away Win,Home Win
1.8,1.4,1.8,2.0,1.8,2.0,0.6,0.4,Germany,Bundesliga 1,Home Win,Home Win
1.0,1.8,0.6,2.0,0.6,1.6,0.0,0.6,Sweden,Allsvenskan,Away Win,Home Win
3.0,1.6,2.2,0.8,0.4,0.2,1.0,0.4,Romania,Liga 1,Draw,Home Win
1.0,1.6,0.6,1.4,2.0,1.0,0.2,0.4,Argentina,Copa De La Liga Profesional,Home Win,Draw
2.0,3.0,2.6,3.8,1.2,1.2,0.6,1.0,Turkey,Ligi 1,Away Win,Away Win
1.2,0.2,0.8,0.6,1.0,2.6,0.4,0.0,Switzerland,Super League,Away Win,Home Win
1.2,1.2,0.8,1.2,0.8,2.4,0.2,0.4,Scotland,Scottish League one,Home Win,Home Win
1.2,2.2,0.4,1.6,1.6,0.4,0.4,0.6,Russia,Premier League,Away Win,Away Win
0.4,2.2,1.2,1.4,2.8,0.8,0.0,0.6,Argentina,Liga Profesional,Home Win,Away Win
0.4,0.4,1.2,1.4,2.6,2.0,0.0,0.0,Japan,J1 League,Home Win,Home Win
1.8,0.2,0.4,0.0,0.0,1.2,0.4,0.0,Argentina,Copa De La Liga Profesional,Draw,Home Win
2.0,2.2,1.0,1.8,0.8,1.2,0.6,0.6,Italy,Serie B,Home Win,Draw
1.4,2.6,0.6,2.4,0.4,1.0,0.2,0.8,Spain,La Liga Santandar ,Draw,Draw
1.6,1.8,1.2,1.8,0.8,1.0,0.4,0.6,England,English Premier league,Away Win,Home Win
1.8,1.4,1.6,0.4,1.2,0.8,0.4,0.4,Sweden,Allsvenskan,Draw,Home Win
1.0,1.4,1.0,1.4,1.2,1.4,0.2,0.4,England,English Championship,Draw,Home Win
1.8,1.6,1.0,2.4,1.2,0.6,0.6,0.4,Ireland,Premier Division,Home Win,Away Win
3.0,1.2,3.4,1.4,1.0,1.8,1.0,0.4,Denmark,Superliga,Home Win,Home Win
0.8,1.8,1.4,2.8,2.0,1.0,0.0,0.6,Russia,Premier League,Away Win,Draw
1.2,0.8,2.4,0.8,1.8,1.4,0.4,0.0,Turkey,Ligi 1,Home Win,Home Win
2.0,1.2,2.8,1.2,1.2,1.0,0.6,0.2,Italy,Serie B,Home Win,Home Win
2.2,0.4,2.6,0.8,1.4,2.2,0.6,0.0,Switzerland,Super League,Home Win,Home Win
1.4,1.8,3.0,3.0,2.6,1.4,0.4,0.4,Denmark,Superliga,Draw,Away Win
0.6,1.2,1.0,0.8,1.8,1.0,0.0,0.2,Germany,Bundesliga 1,Draw,Draw
3.0,1.6,2.4,0.6,1.0,0.4,1.0,0.4,Japan,J1 League,Home Win,Home Win
2.2,1.0,1.8,1.0,1.0,1.2,0.6,0.2,Japan,J1 League,Home Win,Home Win
0.2,0.2,0.2,0.6,1.0,2.2,0.0,0.0,Brazil,Serie A,Draw,Home Win
2.6,1.2,1.8,1.4,0.4,1.6,0.8,0.2,Italy,Serie A,Home Win,Home Win
1.4,1.4,0.8,1.8,0.8,0.6,0.4,0.4,Argentina,Copa De La Liga Profesional,Away Win,Home Win
0.8,2.0,0.4,1.6,2.0,0.8,0.2,0.6,England,English Championship,Draw,Away Win
1.4,1.4,1.0,1.6,1.0,2.0,0.4,0.4,Norway,Eliteserien,Away Win,Home Win
1.8,1.6,1.4,1.6,1.4,1.0,0.6,0.4,England,English Football League One,Away Win,Home Win
2.2,2.6,1.2,2.4,0.6,1.2,0.6,0.8,France,Ligue 2,Home Win,Home Win
0.2,1.4,0.6,1.4,2.2,1.4,0.0,0.4,Netherlands,KPN Eredivisie,Home Win,Away Win
2.0,1.4,1.6,1.0,1.4,1.4,0.6,0.4,Italy,Serie B,Home Win,Home Win
0.6,0.6,1.4,0.6,2.4,2.0,0.2,0.2,Poland,Ekstraklasa,Away Win,Home Win
1.4,0.6,0.8,0.8,1.2,2.0,0.4,0.0,Mexico,Liga MX,Draw,Home Win
0.0,2.2,0.4,2.2,2.2,1.2,0.0,0.6,USA,MLS,Away Win,Away Win
1.6,0.2,1.4,0.2,1.2,1.8,0.4,0.0,Japan,J1 League,Home Win,Home Win
0.8,1.2,0.6,1.4,0.8,1.4,0.2,0.2,Scotland,Scottish League two,Home Win,Draw
1.4,2.0,1.2,2.2,1.6,0.8,0.4,0.6,England,English Championship,Away Win,Away Win
1.2,0.6,1.2,0.4,1.0,2.6,0.4,0.2,China,Super League,Home Win,Home Win
1.4,2.6,1.4,2.4,1.2,0.8,0.4,0.8,Belgium,Jupiler League,Away Win,Away Win
2.2,1.0,1.2,0.8,0.6,0.6,0.6,0.2,England,English Championship,Home Win,Home Win
2.0,2.2,1.4,1.4,0.8,0.4,0.6,0.6,England,National league,Away Win,Home Win
3.0,1.2,2.4,1.8,1.4,2.0,1.0,0.4,Finland,Veikkausliiga,Home Win,Home Win
2.2,0.4,1.8,1.2,0.8,3.0,0.6,0.0,Mexico,Liga MX,Home Win,Home Win
0.6,0.8,2.0,1.2,2.6,1.8,0.2,0.2,Portugal,Liga I,Draw,Home Win
3.0,1.4,3.4,2.2,1.0,1.6,1.0,0.4,England,English Premier league,Home Win,Home Win
1.4,0.8,1.0,0.8,0.8,1.2,0.4,0.2,Spain,La Liga SmartBank,Home Win,Home Win
1.0,0.6,1.8,0.2,1.8,0.6,0.2,0.0,Germany,Bundesliga 1,Draw,Home Win
2.2,1.2,2.0,1.2,0.8,2.0,0.6,0.4,Japan,J1 League,Home Win,Home Win
1.0,0.8,1.8,1.2,2.0,2.2,0.2,0.0,Sweden,Allsvenskan,Home Win,Home Win
1.2,2.2,1.2,1.2,2.4,0.4,0.4,0.6,Mexico,Liga MX,Away Win,Away Win
0.8,2.2,1.8,1.8,2.6,1.2,0.2,0.6,Germany,Bundesliga 1,Draw,Away Win
3.0,1.6,1.6,0.8,0.2,0.8,1.0,0.4,Argentina,Copa De La Liga Profesional,Draw,Home Win
0.6,0.2,0.8,1.0,1.2,2.6,0.0,0.0,Belgium,Jupiler League,Home Win,Home Win
1.2,2.0,1.0,1.2,1.2,1.2,0.4,0.6,England,English Championship,Away Win,Away Win
1.0,1.6,1.4,1.6,1.6,2.0,0.2,0.4,Scotland,Scottish League one,Away Win,Home Win
0.4,1.8,1.0,0.8,1.6,0.4,0.0,0.4,Spain,La Liga Santandar ,Home Win,Draw
1.0,0.4,2.0,0.8,1.8,1.8,0.2,0.0,Switzerland,Super League,Home Win,Home Win
0.6,0.0,0.6,1.2,1.2,2.2,0.2,0.0,Romania,Liga 1,Home Win,Home Win
2.0,0.6,1.6,0.4,1.0,1.2,0.6,0.2,Portugal,Liga I,Home Win,Home Win
1.2,1.4,1.4,1.8,1.8,1.4,0.4,0.2,USA,MLS,Away Win,Home Win
0.8,1.4,1.2,1.2,1.6,1.2,0.2,0.4,Italy,Serie A,Away Win,Home Win
1.8,0.8,1.4,2.0,0.8,2.2,0.6,0.0,Poland,Ekstraklasa,Home Win,Home Win
1.4,1.0,1.0,1.4,1.0,1.4,0.4,0.0,Brazil,Serie A,Draw,Draw
1.4,1.4,1.4,2.6,1.4,1.8,0.4,0.4,USA,MLS,Draw,Home Win
1.6,2.0,2.8,2.0,2.2,1.2,0.4,0.6,Germany,Bundesliga 2,Away Win,Home Win
1.2,0.8,1.8,0.8,2.6,1.6,0.4,0.2,England,National league,Draw,Home Win
2.2,0.8,1.0,0.4,0.4,0.6,0.6,0.0,China,Super League,Home Win,Home Win
0.4,1.8,0.4,0.6,1.0,1.2,0.0,0.6,Switzerland,Super League,Away Win,Home Win
1.8,1.4,2.8,1.8,1.8,1.4,0.6,0.4,Russia,Premier League,Away Win,Home Win
1.6,0.4,2.0,1.2,2.0,2.6,0.4,0.0,Denmark,Superliga,Away Win,Home Win
1.2,1.6,1.2,2.0,2.2,1.2,0.4,0.4,England,English Premier league,Away Win,Away Win
1.6,2.2,1.0,2.0,0.8,1.4,0.4,0.6,Belgium,Jupiler League,Away Win,Home Win
0.2,1.0,0.8,1.8,2.2,2.4,0.0,0.2,France,Ligue 2,Draw,Away Win
0.0,1.0,1.2,0.4,2.8,0.4,0.0,0.0,Norway,Eliteserien,Home Win,Away Win
1.2,1.4,0.8,1.0,1.6,1.0,0.4,0.4,Romania,Liga 1,Home Win,Home Win
1.4,1.4,0.8,1.2,1.2,1.4,0.4,0.4,Italy,Serie B,Draw,Home Win
0.0,2.6,0.6,2.0,3.0,1.2,0.0,0.8,Denmark,Superliga,Away Win,Away Win
1.8,1.0,1.4,0.6,0.8,0.6,0.6,0.0,Brazil,Serie A,Home Win,Home Win
0.6,2.0,1.6,2.2,2.4,1.2,0.2,0.6,England,English Premier league,Draw,Away Win
1.8,1.0,2.0,1.2,1.6,1.2,0.6,0.2,Turkey,Ligi 1,Draw,Home Win
1.0,0.0,1.0,0.0,1.2,1.8,0.2,0.0,Brazil,Serie A,Home Win,Home Win
2.2,1.6,1.8,1.0,0.8,1.2,0.6,0.4,Poland,Ekstraklasa,Home Win,Home Win
1.8,1.8,1.4,1.8,1.0,1.4,0.6,0.6,England,National league,Away Win,Home Win
2.0,1.0,2.6,2.0,1.6,2.25,0.6,0.25,Germany,Bundesliga 1,Home Win,Home Win
2.6,1.8,2.0,1.2,1.2,0.6,0.8,0.4,England,English Championship,Home Win,Home Win
2.2,0.4,1.6,0.4,0.4,1.2,0.6,0.0,Ireland,Premier Division,Home Win,Home Win
2.0,0.4,1.6,0.8,1.2,1.6,0.6,0.0,Italy,Serie B,Home Win,Home Win
1.8,1.6,1.2,0.8,0.4,0.4,0.6,0.4,Brazil,Serie A,Home Win,Home Win
1.0,0.4,1.4,0.2,2.0,0.8,0.2,0.0,Spain,La Liga SmartBank,Away Win,Home Win
0.4,1.6,0.4,1.6,1.6,1.2,0.0,0.4,Turkey,Ligi 1,Draw,Away Win
0.6,1.2,1.2,1.6,1.6,2.0,0.2,0.4,Mexico,Liga MX,Home Win,Home Win
1.0,1.8,0.6,1.8,0.6,1.0,0.0,0.4,Argentina,Copa De La Liga Profesional,Draw,Draw
0.6,0.4,0.6,0.2,4.0,1.2,0.2,0.0,USA,MLS,Away Win,Home Win
0.4,2.4,0.2,2.0,1.2,1.4,0.0,0.8,Italy,Serie A,Away Win,Away Win
3.0,2.4,2.8,1.6,1.0,1.0,1.0,0.8,England,National league,Home Win,Home Win
0.8,2.0,0.8,2.6,1.4,1.4,0.2,0.6,Spain,La Liga SmartBank,Away Win,Away Win
1.4,2.0,1.6,2.4,1.0,1.6,0.2,0.6,Germany,Bundesliga 1,Home Win,Home Win
0.0,0.6,0.4,1.0,3.4,2.0,0.0,0.2,Mexico,Liga MX,Away Win,Away Win
0.8,0.6,0.8,1.2,2.6,1.8,0.2,0.2,Germany,Bundesliga 1,Draw,Home Win
1.0,2.2,2.2,1.6,2.2,1.0,0.0,0.6,Switzerland,Super League,Home Win,Draw
2.6,1.2,1.2,3.4,0.4,1.4,0.8,0.4,Sweden,Allsvenskan,Away Win,Home Win
1.4,2.2,1.0,1.0,1.2,0.2,0.4,0.6,Spain,La Liga SmartBank,Home Win,Home Win
0.6,0.0,0.4,0.6,1.8,1.6,0.2,0.0,Brazil,Serie A,Home Win,Home Win
0.0,1.8,0.8,2.8,2.4,1.2,0.0,0.6,Japan,J1 League,Away Win,Away Win
0.6,1.0,1.2,0.8,1.8,1.0,0.0,0.2,England,English Football League Two,Away Win,Draw
1.2,1.6,2.0,1.8,2.4,1.2,0.2,0.4,Netherlands,KPN Eredivisie,Away Win,Home Win
0.6,2.6,1.2,1.6,1.6,0.4,0.0,0.8,Scotland,Scottish League one,Away Win,Away Win
1.2,2.2,1.2,1.8,1.4,1.2,0.4,0.6,China,Super League,Away Win,Away Win
1.0,0.8,1.6,1.4,1.8,2.0,0.2,0.2,Italy,Serie A,Draw,Home Win
1.6,0.2,1.8,1.2,1.4,2.0,0.4,0.0,Germany,Bundesliga 2,Home Win,Home Win
2.0,2.0,1.0,3.4,0.8,1.0,0.6,0.6,Greece,Ethniki Katigoria,Away Win,Draw
1.8,1.6,1.4,1.0,1.6,0.8,0.6,0.4,Mexico,Liga MX,Home Win,Home Win
2.4,1.8,1.6,4.2,0.6,1.6,0.8,0.6,Scotland,Scottish League one,Away Win,Home Win
1.6,0.6,1.8,1.0,1.6,1.8,0.4,0.2,Brazil,Serie A,Draw,Home Win
0.6,2.0,0.4,2.0,1.8,1.0,0.2,0.6,Italy,Serie A,Draw,Away Win
1.4,2.0,1.2,1.4,1.8,0.6,0.4,0.6,England,English Football League One,Draw,Away Win
1.0,1.6,1.0,1.4,1.0,1.4,0.2,0.4,Argentina,Liga Profesional,Home Win,Home Win
2.2,1.0,3.0,2.0,1.8,2.6,0.6,0.2,Denmark,Superliga,Away Win,Home Win
0.4,0.6,0.2,0.8,1.6,2.2,0.0,0.2,Austria,Bundesliga,Away Win,Home Win
1.4,1.0,1.4,0.6,1.8,0.6,0.4,0.0,Poland,Ekstraklasa,Draw,Draw
1.8,1.6,2.6,1.2,1.2,0.6,0.6,0.4,Austria,Bundesliga,Home Win,Home Win
1.8,1.6,1.6,1.6,0.4,1.6,0.6,0.4,Mexico,Liga MX,Home Win,Home Win
0.4,0.4,0.0,0.4,0.8,1.8,0.0,0.0,Russia,Premier League,Draw,Home Win
2.2,1.8,1.6,0.8,0.8,0.4,0.6,0.4,Italy,Serie A,Home Win,Home Win
1.8,1.6,1.2,1.0,0.8,0.6,0.4,0.4,England,English Championship,Home Win,Home Win
1.2,1.8,1.2,1.6,1.2,1.2,0.4,0.6,Poland,Ekstraklasa,Away Win,Home Win
1.2,1.0,1.0,0.8,1.2,1.0,0.4,0.2,Italy,Serie B,Away Win,Home Win
1.0,1.0,1.4,0.8,1.6,2.0,0.2,0.2,Scotland,Scottish Championship,Draw,Home Win
1.2,2.2,1.2,2.0,1.6,0.4,0.4,0.6,France,Ligue 1,Draw,Away Win
2.6,1.4,2.8,1.2,1.4,1.6,0.8,0.4,England,National league,Home Win,Home Win
0.4,1.0,1.6,0.8,2.4,2.4,0.0,0.2,Poland,Ekstraklasa,Away Win,Home Win
1.8,1.2,1.4,1.2,1.2,1.4,0.6,0.4,USA,MLS,Home Win,Home Win
1.0,1.2,0.6,0.8,0.8,1.4,0.2,0.4,Argentina,Liga Profesional,Home Win,Home Win
2.0,1.6,1.6,1.2,0.8,1.0,0.6,0.4,England,National league,Draw,Home Win
2.6,1.4,2.4,1.6,0.2,1.4,0.8,0.2,Italy,Serie A,Home Win,Home Win
1.8,2.0,2.0,1.0,1.4,0.6,0.6,0.6,Italy,Serie B,Draw,Home Win
1.4,1.4,1.0,1.6,0.8,1.0,0.2,0.4,Italy,Serie A,Draw,Home Win
1.8,0.2,2.6,0.6,1.0,1.4,0.4,0.0,Switzerland,Super League,Draw,Home Win
1.8,2.2,1.6,2.0,1.2,0.6,0.4,0.6,Italy,Serie B,Away Win,Draw
2.0,1.6,1.8,2.4,1.4,1.8,0.6,0.4,England,English Premier league,Away Win,Home Win
1.8,1.8,1.4,1.8,1.0,1.6,0.4,0.6,Brazil,Serie A,Home Win,Home Win
0.6,1.4,0.4,1.2,1.6,0.8,0.0,0.4,Ireland,Premier Division,Draw,Away Win
2.6,1.4,1.6,1.4,0.4,1.2,0.8,0.4,Belgium,Jupiler League,Home Win,Home Win
2.0,1.6,1.6,1.4,0.8,1.2,0.6,0.4,Spain,La Liga Santandar ,Away Win,Home Win
3.0,1.2,1.4,1.8,0.4,1.6,1.0,0.4,Ireland,Premier Division,Away Win,Home Win
1.2,1.8,1.6,1.6,1.6,1.4,0.2,0.6,England,English Premier league,Home Win,Home Win
1.2,1.8,1.2,2.2,1.6,2.0,0.4,0.6,Netherlands,KPN Eredivisie,Draw,Home Win
0.6,1.0,1.0,0.8,2.2,1.6,0.2,0.2,Germany,Bundesliga 2,Home Win,Home Win
1.4,0.6,1.6,1.0,0.8,2.0,0.4,0.2,England,English Football League One,Away Win,Home Win
1.4,1.0,1.0,1.8,2.0,2.6,0.4,0.2,Germany,Bundesliga 1,Home Win,Home Win
1.0,0.8,1.4,0.6,2.2,1.2,0.2,0.2,Greece,Ethniki Katigoria,Draw,Home Win
1.2,0.8,1.2,1.0,1.0,1.8,0.2,0.2,Turkey,Ligi 1,Home Win,Home Win
0.4,1.4,0.8,1.8,1.8,2.0,0.0,0.4,England,English Football League Two,Draw,Away Win
0.6,0.4,0.4,0.6,2.2,1.6,0.2,0.0,Denmark,Superliga,Home Win,Home Win
0.4,2.0,0.4,2.2,1.8,1.4,0.0,0.6,Spain,La Liga SmartBank,Home Win,Away Win
0.6,0.0,0.2,0.8,1.6,1.8,0.2,0.0,Japan,J1 League,Home Win,Home Win
1.4,3.0,2.0,2.2,1.6,0.8,0.4,1.0,Spain,La Liga Santandar ,Away Win,Away Win
2.0,2.0,2.2,1.4,1.4,0.6,0.6,0.6,France,Ligue 2,Home Win,Home Win
2.2,0.0,1.4,0.0,0.8,1.8,0.6,0.0,Japan,J1 League,Home Win,Home Win
1.6,1.0,2.2,0.8,1.6,1.0,0.4,0.2,Japan,J1 League,Away Win,Home Win
1.2,2.0,0.8,1.8,0.8,1.4,0.4,0.6,England,English Football League One,Home Win,Away Win
0.4,1.8,0.6,1.6,1.2,1.6,0.0,0.6,France,Ligue 2,Draw,Away Win
1.0,1.2,0.4,0.4,1.6,0.8,0.2,0.4,Poland,Ekstraklasa,Home Win,Home Win
1.4,1.4,1.0,1.0,2.0,1.0,0.4,0.4,Germany,Bundesliga 2,Away Win,Home Win
0.4,1.8,0.0,2.4,2.8,0.8,0.0,0.6,Austria,Bundesliga,Away Win,Away Win
0.8,0.2,0.8,0.8,1.0,1.6,0.0,0.0,Argentina,Liga Profesional,Away Win,Home Win
1.2,1.8,1.2,3.4,2.0,1.8,0.4,0.6,England,English Premier league,Home Win,Away Win
2.0,1.4,3.2,1.2,1.8,1.4,0.6,0.4,Scotland,Scottish Premiership,Draw,Home Win
0.6,1.8,0.4,0.8,2.0,0.4,0.0,0.4,Romania,Liga 1,Draw,Draw
1.6,0.8,1.0,0.8,0.8,1.0,0.4,0.2,England,English Football League Two,Away Win,Home Win
2.0,0.2,2.8,0.2,1.6,2.0,0.6,0.0,England,English Premier league,Home Win,Home Win
2.6,2.6,2.0,2.4,0.8,1.2,0.8,0.8,Mexico,Liga MX,Draw,Home Win
1.0,1.6,1.4,1.4,1.4,0.8,0.2,0.4,Netherlands,KPN Eredivisie,Away Win,Home Win
1.6,2.2,1.2,2.2,0.8,0.6,0.4,0.6,Netherlands,KPN Eredivisie,Away Win,Away Win
1.4,2.6,1.2,2.8,1.0,0.4,0.4,0.8,England,English Football League One,Away Win,Away Win
1.8,1.2,1.0,2.0,0.8,1.0,0.6,0.4,Romania,Liga 1,Home Win,Home Win
1.0,0.4,0.4,0.8,1.4,1.4,0.2,0.0,Brazil,Serie A,Home Win,Home Win
0.6,0.4,1.4,0.8,3.6,1.4,0.2,0.0,Norway,Eliteserien,Home Win,Home Win
1.8,1.2,1.6,1.4,1.4,1.8,0.6,0.4,England,English Premier league,Home Win,Home Win
2.2,1.8,1.8,2.0,0.4,1.2,0.6,0.6,England,English Football League One,Draw,Home Win
2.2,2.4,0.8,2.2,0.2,0.8,0.6,0.8,China,Super League,Home Win,Home Win
2.2,0.4,2.2,0.8,1.6,1.8,0.6,0.0,Russia,Premier League,Home Win,Home Win
1.2,0.8,1.2,1.4,2.2,2.2,0.4,0.2,Spain,La Liga Santandar ,Away Win,Home Win
1.8,0.8,2.4,1.4,2.6,2.0,0.6,0.0,Poland,Ekstraklasa,Home Win,Home Win
1.4,0.6,0.6,1.4,0.4,2.6,0.2,0.2,China,Super League,Home Win,Home Win
1.4,2.6,1.0,2.4,0.6,1.0,0.2,0.8,England,English Football League Two,Home Win,Draw
1.8,2.2,1.6,1.4,0.8,0.8,0.4,0.6,France,Ligue 2,Away Win,Home Win
2.2,2.0,2.2,3.0,1.2,1.4,0.6,0.6,Turkey,Ligi 1,Away Win,Home Win
1.4,1.2,1.0,1.4,1.2,2.0,0.4,0.4,England,English Football League Two,Away Win,Home Win
1.0,0.4,1.2,1.0,1.4,1.6,0.2,0.0,Argentina,Copa De La Liga Profesional,Home Win,Home Win
2.2,1.8,1.4,2.6,0.8,1.0,0.6,0.4,Switzerland,Super League,Draw,Draw
2.0,1.6,1.8,1.2,1.0,1.0,0.6,0.4,Italy,Serie A,Home Win,Home Win
0.2,0.6,0.0,1.2,1.2,2.4,0.0,0.0,Finland,Veikkausliiga,Away Win,Home Win
1.2,2.0,1.8,1.8,1.4,1.4,0.2,0.6,Italy,Serie A,Home Win,Home Win
3.0,0.4,2.2,0.4,0.8,1.8,1.0,0.0,Brazil,Serie A,Home Win,Home Win
0.6,0.0,1.4,1.6,2.4,2.6,0.2,0.0,Finland,Veikkausliiga,Home Win,Home Win
0.0,2.4,0.2,1.8,2.4,1.0,0.0,0.8,USA,MLS,Away Win,Away Win
0.6,1.2,0.6,1.4,2.6,1.8,0.2,0.4,Argentina,Copa De La Liga Profesional,Home Win,Home Win
0.0,2.4,0.0,1.6,2.5,0.8,0.0,0.8,Italy,Serie B,Draw,Away Win
1.2,0.4,1.0,0.4,1.2,2.2,0.4,0.0,Brazil,Serie A,Home Win,Home Win
2.6,1.2,1.4,1.8,0.2,2.6,0.8,0.4,Greece,Ethniki Katigoria,Draw,Home Win
1.8,2.0,1.0,1.2,1.0,0.6,0.6,0.6,Scotland,Scottish League two,Draw,Home Win
1.0,0.4,0.8,0.6,1.6,1.6,0.2,0.0,France,Ligue 2,Home Win,Home Win
0.0,1.6,1.4,0.4,3.4,0.4,0.0,0.4,Finland,Veikkausliiga,Away Win,Away Win
1.4,1.6,1.2,1.2,1.2,1.2,0.4,0.4,England,National league,Draw,Home Win
1.8,2.4,2.4,2.0,1.6,1.6,0.6,0.8,Poland,Ekstraklasa,Home Win,Home Win
2.2,1.2,2.2,0.8,1.2,1.8,0.6,0.4,Mexico,Liga MX,Draw,Home Win
1.2,2.6,0.4,1.8,0.8,0.4,0.4,0.8,France,Ligue 2,Draw,Away Win
0.8,1.2,1.8,0.6,2.0,0.6,0.2,0.2,Scotland,Scottish Premiership,Home Win,Home Win
0.6,2.4,0.4,2.2,3.0,0.4,0.2,0.8,Brazil,Serie A,Home Win,Away Win
1.4,1.8,0.8,2.0,0.8,0.4,0.4,0.4,Japan,J1 League,Draw,Away Win
0.8,2.6,0.4,1.8,0.6,0.8,0.0,0.8,Spain,La Liga SmartBank,Draw,Draw
2.0,1.4,2.0,1.0,1.0,1.0,0.6,0.4,Italy,Serie B,Home Win,Home Win
3.0,1.6,2.4,1.0,1.0,0.8,1.0,0.4,Ireland,Premier Division,Home Win,Home Win
1.6,0.8,1.2,1.4,0.8,2.4,0.4,0.2,Scotland,Scottish Championship,Home Win,Home Win
1.4,1.8,1.8,1.4,2.2,0.8,0.4,0.4,Netherlands,KPN Eredivisie,Home Win,Home Win
1.8,3.0,1.0,3.0,0.2,0.6,0.4,1.0,France,Ligue 1,Draw,Away Win
1.8,2.0,1.2,1.4,0.8,1.0,0.4,0.6,Italy,Serie B,Home Win,Draw
1.4,1.6,1.0,1.6,1.0,1.2,0.4,0.4,England,English Championship,Away Win,Home Win
1.6,1.8,1.0,1.2,1.0,1.0,0.4,0.6,England,English Football League Two,Home Win,Home Win
1.2,0.25,0.8,1.0,1.2,2.0,0.2,0.0,Italy,Serie B,Home Win,Home Win
1.0,0.8,1.2,0.0,1.2,0.4,0.2,0.0,Argentina,Liga Profesional,Home Win,Home Win
2.4,1.0,3.2,0.6,1.6,0.6,0.8,0.2,Romania,Liga 1,Home Win,Home Win
2.0,1.0,1.8,1.4,1.0,1.6,0.6,0.2,England,English Championship,Home Win,Home Win
3.0,2.4,2.6,1.6,0.8,0.6,1.0,0.8,China,Super League,Away Win,Home Win
3.0,0.4,2.6,0.8,0.4,1.8,1.0,0.0,Russia,Premier League,Home Win,Home Win
0.8,0.6,1.6,0.6,2.2,1.6,0.2,0.0,England,English Championship,Home Win,Home Win
0.2,1.8,0.0,1.8,1.2,0.8,0.0,0.6,Argentina,Liga Profesional,Home Win,Away Win
1.8,0.0,2.0,1.0,1.8,2.0,0.6,0.0,Finland,Veikkausliiga,Home Win,Home Win
1.6,0.2,1.4,1.2,0.4,2.4,0.4,0.0,England,English Championship,Away Win,Home Win
0.8,1.6,1.2,1.4,2.2,1.0,0.2,0.4,Portugal,Liga I,Home Win,Away Win
0.6,2.6,0.8,1.6,1.6,0.0,0.0,0.8,Mexico,Liga MX,Draw,Away Win
1.2,2.4,2.0,2.0,1.0,0.6,0.4,0.8,Switzerland,Super League,Home Win,Home Win
0.4,1.8,0.8,2.4,2.4,1.2,0.0,0.6,Japan,J1 League,Away Win,Away Win
0.2,1.8,0.6,0.8,2.4,0.4,0.0,0.4,England,English Championship,Away Win,Away Win
1.8,1.2,1.8,0.8,1.8,1.0,0.6,0.4,Portugal,Liga I,Home Win,Home Win
1.6,1.8,2.4,1.4,1.4,0.8,0.4,0.6,Japan,J1 League,Away Win,Home Win
0.2,0.6,0.8,0.6,1.6,1.4,0.0,0.0,Japan,J1 League,Home Win,Away Win
2.2,0.4,2.2,0.8,0.0,2.0,0.6,0.0,Argentina,Copa De La Liga Profesional,Draw,Home Win
2.0,1.6,1.4,1.6,1.2,0.8,0.6,0.4,England,English Football League Two,Away Win,Home Win
1.8,0.8,0.8,1.0,0.0,1.6,0.4,0.2,England,English Premier league,Draw,Home Win
1.8,1.8,1.8,2.2,1.6,1.6,0.6,0.4,Turkey,Ligi 1,Away Win,Home Win
1.0,1.8,0.8,3.0,1.0,2.6,0.2,0.4,Argentina,Liga Profesional,Away Win,Draw
2.6,1.2,1.8,1.0,0.6,1.2,0.8,0.4,Mexico,Liga MX,Home Win,Home Win
1.8,1.2,2.6,2.0,2.0,1.8,0.6,0.4,Mexico,Liga MX,Home Win,Home Win
3.0,0.0,3.0,0.4,0.4,3.8,1.0,0.0,Norway,Eliteserien,Home Win,Home Win
1.8,2.0,1.4,1.4,0.8,1.0,0.4,0.6,Spain,La Liga Santandar ,Home Win,Home Win
1.2,1.8,1.0,0.8,1.6,0.4,0.4,0.4,Argentina,Copa De La Liga Profesional,Draw,Draw
2.2,0.4,1.8,1.2,0.8,2.2,0.6,0.0,Brazil,Serie A,Home Win,Home Win
1.2,1.0,0.4,1.0,1.0,1.2,0.4,0.2,USA,MLS,Away Win,Home Win
0.6,2.6,1.8,2.2,2.2,1.0,0.0,0.8,Switzerland,Super League,Draw,Away Win
1.2,1.8,0.8,1.2,1.0,0.8,0.4,0.4,Denmark,Superliga,Away Win,Away Win
1.2,2.2,1.2,1.2,1.6,0.4,0.4,0.6,Denmark,Superliga,Away Win,Away Win
1.8,1.8,1.2,1.0,1.8,0.6,0.6,0.4,Brazil,Serie A,Home Win,Home Win
0.8,2.0,1.2,1.6,1.8,1.0,0.2,0.6,Germany,Bundesliga 2,Home Win,Away Win
1.8,1.2,1.6,0.8,1.2,1.2,0.6,0.4,Denmark,Superliga,Home Win,Home Win
0.6,0.6,0.8,1.2,1.2,1.6,0.0,0.0,Argentina,Liga Profesional,Draw,Draw
1.0,0.0,1.6,0.2,1.8,2.0,0.2,0.0,Mexico,Liga MX,Home Win,Home Win
1.4,1.6,2.4,1.6,1.8,1.4,0.4,0.4,England,English Football League One,Away Win,Home Win
1.2,1.4,0.8,1.2,1.6,1.6,0.4,0.4,Sweden,Allsvenskan,Away Win,Home Win
0.0,2.2,0.8,1.8,1.8,1.2,0.0,0.6,Japan,J1 League,Away Win,Away Win
0.4,0.5,0.4,2.0,1.6,2.5,0.0,0.0,Austria,Bundesliga,Home Win,Draw
1.8,0.2,1.6,0.0,1.2,1.6,0.6,0.0,Romania,Liga 1,Away Win,Home Win
1.0,2.0,1.2,1.4,1.2,0.8,0.2,0.6,Spain,La Liga Santandar ,Away Win,Home Win
1.0,0.0,1.4,0.6,1.4,1.8,0.2,0.0,Russia,Premier League,Home Win,Home Win
3.0,2.2,1.4,1.6,0.0,0.8,1.0,0.6,Russia,Premier League,Home Win,Home Win
1.8,1.0,1.2,1.4,1.0,1.6,0.6,0.2,France,Ligue 2,Away Win,Home Win
3.0,1.2,3.0,1.2,1.0,1.2,1.0,0.4,England,English Championship,Home Win,Home Win
1.2,0.6,1.8,1.0,1.6,1.6,0.2,0.2,England,English Football League Two,Home Win,Home Win
1.0,1.6,0.4,1.2,0.8,0.4,0.2,0.4,Argentina,Liga Profesional,Home Win,Draw
0.2,1.8,0.8,2.8,2.4,0.4,0.0,0.4,Poland,Ekstraklasa,Draw,Away Win
1.4,0.8,1.2,2.0,1.2,1.8,0.4,0.2,England,English Football League Two,Away Win,Home Win
1.6,1.8,0.8,0.6,0.6,1.2,0.4,0.6,Japan,J1 League,Away Win,Home Win
1.4,0.8,1.4,1.2,1.4,2.0,0.4,0.2,Germany,Bundesliga 2,Home Win,Home Win
0.8,1.667,1.0,2.0,1.2,1.667,0.0,0.333,Japan,J1 League,Away Win,Draw
1.4,0.6,1.6,0.8,1.4,2.2,0.2,0.2,Switzerland,Super League,Home Win,Home Win
1.6,2.4,1.0,1.8,0.8,1.0,0.4,0.8,Romania,Liga 1,Home Win,Home Win
1.4,1.4,2.2,2.2,1.4,1.6,0.4,0.2,USA,MLS,Home Win,Home Win
2.4,1.6,2.4,2.4,1.4,1.0,0.8,0.4,Germany,Bundesliga 1,Home Win,Home Win
1.0,1.2,1.2,2.0,1.2,2.4,0.2,0.4,England,National league,Home Win,Home Win
1.0,1.8,0.8,1.2,1.0,1.2,0.2,0.6,Spain,La Liga Santandar ,Draw,Home Win
1.8,0.4,1.0,1.2,0.8,1.8,0.6,0.0,Mexico,Liga MX,Home Win,Home Win
0.4,3.0,0.8,2.4,2.0,0.8,0.0,1.0,Russia,Premier League,Away Win,Away Win
1.2,0.6,1.0,0.8,1.2,1.4,0.4,0.2,Mexico,Liga MX,Away Win,Home Win
1.8,1.8,0.8,1.8,0.6,1.0,0.6,0.4,USA,MLS,Away Win,Home Win
1.6,1.0,0.8,0.6,0.6,0.8,0.4,0.2,Russia,Premier League,Away Win,Home Win
1.6,0.2,1.8,0.6,1.6,2.0,0.4,0.0,Germany,Bundesliga 1,Home Win,Home Win
2.4,2.2,3.2,1.8,2.0,1.2,0.8,0.6,Romania,Liga 1,Home Win,Home Win
1.2,1.4,1.2,1.2,0.8,0.4,0.2,0.4,England,English Championship,Draw,Home Win
0.6,1.8,0.6,1.0,2.0,0.6,0.2,0.4,Romania,Liga 1,Home Win,Away Win
2.2,2.4,2.0,1.2,1.4,0.8,0.6,0.8,Russia,Premier League,Draw,Home Win
0.8,0.6,0.0,1.0,0.2,1.6,0.0,0.2,Denmark,Superliga,Away Win,Home Win
1.0,1.2,1.6,0.4,1.2,1.2,0.2,0.4,Romania,Liga 1,Home Win,Home Win
1.6,2.2,1.4,1.4,0.8,0.2,0.4,0.6,Spain,La Liga SmartBank,Home Win,Home Win
0.333,0.2,1.0,0.2,2.0,2.0,0.0,0.0,Italy,Serie B,Away Win,Home Win
2.4,1.2,2.4,0.8,1.4,0.8,0.8,0.2,Germany,Bundesliga 1,Away Win,Home Win
1.4,2.0,1.6,1.6,1.8,1.0,0.4,0.6,England,National league,Away Win,Away Win
2.6,1.8,2.4,1.2,0.4,1.0,0.8,0.6,USA,MLS,Home Win,Home Win
0.4,0.0,0.6,0.6,1.8,2.2,0.0,0.0,England,English Football League One,Draw,Home Win
2.0,1.2,2.4,1.0,0.8,1.2,0.6,0.2,Spain,La Liga Santandar ,Home Win,Home Win
1.2,2.6,1.6,2.4,1.6,1.0,0.4,0.8,England,English Championship,Draw,Away Win
0.0,1.4,0.4,1.2,2.0,1.0,0.0,0.2,Russia,Premier League,Away Win,Away Win
3.0,0.4,2.8,0.6,1.0,2.0,1.0,0.0,Japan,J1 League,Home Win,Home Win
0.4,3.0,0.6,3.2,2.8,1.0,0.0,1.0,Mexico,Liga MX,Away Win,Away Win
2.2,0.0,0.8,0.2,0.2,1.6,0.6,0.0,Finland,Veikkausliiga,Home Win,Home Win
0.6,1.2,0.4,1.2,1.0,1.2,0.0,0.2,England,English Football League One,Home Win,Draw
2.2,1.4,1.4,1.4,0.0,1.2,0.6,0.2,USA,MLS,Draw,Home Win
1.0,0.6,1.4,1.0,1.4,2.2,0.2,0.2,Spain,La Liga Santandar ,Away Win,Home Win
0.6,0.4,0.6,1.2,1.2,2.0,0.2,0.0,USA,MLS,Draw,Home Win
0.8,1.4,0.8,1.0,2.0,1.0,0.2,0.4,Turkey,Ligi 1,Away Win,Home Win
1.6,1.8,1.6,1.4,1.4,1.2,0.4,0.6,Switzerland,Super League,Away Win,Home Win
1.0,0.4,1.0,1.4,1.0,2.4,0.2,0.0,Germany,Bundesliga 2,Away Win,Home Win
2.6,2.6,1.8,1.0,1.0,0.2,0.8,0.8,China,Super League,Draw,Home Win
0.6,0.4,0.0,0.8,0.8,1.6,0.0,0.0,Poland,Ekstraklasa,Home Win,Draw
0.2,0.8,0.8,1.2,1.8,1.4,0.0,0.2,France,Ligue 2,Away Win,Away Win
1.2,1.4,1.2,2.4,2.2,2.6,0.2,0.4,England,National league,Draw,Home Win
0.6,2.6,0.6,2.6,1.0,1.0,0.0,0.8,USA,MLS,Draw,Draw
0.4,3.0,1.4,2.8,2.0,0.2,0.0,1.0,Brazil,Serie A,Away Win,Away Win
1.0,1.2,0.8,1.8,1.0,1.6,0.2,0.4,Ireland,Premier Division,Home Win,Home Win
0.6,1.0,1.0,1.6,1.6,1.6,0.2,0.2,Poland,Ekstraklasa,Home Win,Home Win
1.4,1.6,1.0,1.2,1.4,2.0,0.4,0.4,Scotland,Scottish League two,Away Win,Home Win
1.0,1.8,1.0,2.0,2.0,1.2,0.2,0.4,USA,MLS,Home Win,Draw
1.0,1.6,1.0,1.2,2.0,1.0,0.2,0.4,Argentina,Copa De La Liga Profesional,Home Win,Draw
1.0,1.2,0.8,0.4,0.4,2.0,0.2,0.4,Russia,Premier League,Home Win,Home Win
1.8,1.2,0.6,1.2,0.6,1.2,0.6,0.2,Portugal,Liga I,Draw,Home Win
3.0,1.6,2.0,1.0,0.6,0.8,1.0,0.4,USA,MLS,Home Win,Home Win
1.6,3.0,2.0,2.2,1.4,0.4,0.4,1.0,Switzerland,Super League,Home Win,Away Win
1.2,0.6,1.4,0.8,2.2,2.4,0.4,0.2,Netherlands,KPN Eredivisie,Away Win,Home Win
2.6,1.8,1.6,1.0,0.0,0.2,0.8,0.4,Argentina,Copa De La Liga Profesional,Away Win,Home Win
1.6,1.0,1.0,1.4,1.0,1.4,0.4,0.2,Japan,J1 League,Away Win,Home Win
0.0,1.5,0.0,1.0,2.5,1.0,0.0,0.5,Argentina,Copa De La Liga Profesional,Away Win,Away Win
1.4,1.4,1.2,1.2,0.4,1.2,0.4,0.4,Japan,J1 League,Draw,Home Win
1.0,0.4,0.6,0.8,1.6,1.4,0.2,0.0,Romania,Liga 1,Home Win,Home Win
2.0,1.6,1.2,1.6,0.8,1.6,0.6,0.4,Portugal,Liga I,Home Win,Home Win
1.0,1.2,0.2,0.4,1.2,1.8,0.2,0.4,Ireland,Premier Division,Home Win,Home Win
1.6,1.6,1.4,0.8,1.2,0.8,0.4,0.4,Japan,J1 League,Draw,Home Win
3.0,2.2,3.0,1.8,0.0,0.2,1.0,0.6,China,Super League,Home Win,Home Win
1.6,2.2,1.0,1.6,0.8,1.0,0.4,0.6,Romania,Liga 1,Away Win,Home Win
1.6,1.6,1.2,0.8,1.0,0.8,0.4,0.4,Italy,Serie B,Draw,Home Win
1.0,2.6,1.2,3.4,1.2,0.6,0.2,0.8,USA,MLS,Home Win,Away Win
2.2,1.0,2.2,0.6,0.8,0.6,0.6,0.2,Italy,Serie B,Away Win,Home Win
1.8,1.0,1.4,1.0,1.0,2.2,0.4,0.2,Scotland,Scottish Premiership,Home Win,Home Win
0.6,0.6,0.8,1.2,2.0,2.0,0.2,0.2,England,English Football League Two,Draw,Home Win
1.6,1.8,1.2,1.0,1.4,0.6,0.4,0.6,Portugal,Liga I,Away Win,Home Win
1.4,2.4,1.6,1.8,1.4,1.0,0.4,0.8,France,Ligue 2,Home Win,Away Win
2.4,0.6,1.0,0.8,0.4,1.8,0.8,0.2,Poland,Ekstraklasa,Away Win,Home Win
1.6,1.8,1.2,2.6,1.0,1.2,0.4,0.6,Denmark,Superliga,Away Win,Home Win
1.4,1.0,1.8,1.2,1.2,2.2,0.4,0.2,England,National league,Away Win,Home Win
0.2,1.4,1.6,0.8,3.2,0.4,0.0,0.2,Mexico,Liga MX,Away Win,Away Win
0.4,1.8,0.6,1.0,2.0,0.2,0.0,0.4,Brazil,Serie A,Draw,Away Win
0.4,1.4,0.6,1.2,1.2,1.0,0.0,0.2,Argentina,Liga Profesional,Away Win,Draw
1.8,2.6,1.6,2.2,1.2,0.4,0.6,0.8,France,Ligue 1,Home Win,Away Win
1.8,1.4,1.4,2.2,1.0,1.8,0.4,0.2,Switzerland,Super League,Away Win,Draw
1.4,0.8,1.6,0.8,1.4,1.6,0.4,0.2,England,English Football League One,Home Win,Home Win
1.4,1.2,1.6,1.4,1.2,1.2,0.4,0.4,Scotland,Scottish Championship,Away Win,Home Win
0.4,0.6,1.4,1.2,2.0,2.2,0.0,0.2,Mexico,Liga MX,Away Win,Home Win
0.8,0.6,0.4,1.2,1.0,1.6,0.2,0.0,England,English Championship,Away Win,Home Win
1.4,0.0,1.6,0.8,1.2,3.2,0.2,0.0,Argentina,Copa De La Liga Profesional,Home Win,Home Win
1.4,1.2,1.2,0.4,0.8,0.8,0.2,0.4,Ireland,Premier Division,Home Win,Home Win
2.4,0.8,2.0,1.0,0.6,1.8,0.8,0.2,Portugal,Liga I,Home Win,Home Win
1.0,1.8,1.2,2.6,1.4,2.0,0.2,0.6,Germany,Bundesliga 2,Away Win,Home Win
2.0,1.6,2.0,2.2,1.2,1.6,0.6,0.4,France,Ligue 1,Away Win,Home Win
0.2,1.4,0.0,2.0,2.0,1.2,0.0,0.4,Argentina,Liga Profesional,Draw,Away Win
2.2,1.6,1.4,2.6,0.6,2.2,0.6,0.4,Austria,Bundesliga,Home Win,Home Win
1.2,1.4,1.2,1.8,1.8,1.2,0.4,0.2,Mexico,Liga MX,Away Win,Home Win
2.4,0.6,3.0,0.8,1.6,1.6,0.8,0.2,Russia,Premier League,Home Win,Home Win
0.2,0.2,0.4,0.6,1.8,2.0,0.0,0.0,Belgium,Jupiler League,Home Win,Home Win
2.4,1.2,1.8,1.4,1.2,1.6,0.8,0.4,England,National league,Draw,Home Win
1.2,1.8,1.0,2.0,1.6,1.4,0.4,0.6,England,English Championship,Home Win,Away Win
2.6,1.8,1.6,1.4,0.4,1.6,0.8,0.6,England,English Championship,Home Win,Home Win
0.6,2.6,0.6,1.4,1.0,0.6,0.0,0.8,Argentina,Copa De La Liga Profesional,Draw,Away Win
0.6,0.6,0.6,0.6,1.4,1.4,0.0,0.0,Japan,J1 League,Draw,Draw
0.6,1.2,0.8,1.0,1.2,1.2,0.0,0.4,Romania,Liga 1,Away Win,Home Win
1.0,1.2,1.4,1.4,2.2,1.6,0.2,0.4,Spain,La Liga Santandar ,Home Win,Home Win
1.0,1.8,1.0,1.4,2.4,0.6,0.2,0.6,Russia,Premier League,Home Win,Home Win
0.4,3.0,0.2,1.8,1.0,0.2,0.0,1.0,Argentina,Copa De La Liga Profesional,Away Win,Away Win
1.0,1.8,0.4,2.0,0.4,0.4,0.0,0.4,Argentina,Liga Profesional,Draw,Draw
1.6,0.0,0.4,0.4,0.2,2.8,0.4,0.0,Ireland,Premier Division,Home Win,Home Win
1.4,1.8,1.0,1.8,1.2,1.4,0.4,0.4,England,English Football League Two,Draw,Draw
3.0,1.2,2.0,1.8,0.2,1.6,1.0,0.4,Mexico,Liga MX,Home Win,Home Win
2.2,1.2,3.0,1.8,2.0,2.4,0.6,0.4,Sweden,Allsvenskan,Home Win,Home Win
1.0,0.4,0.6,0.8,1.0,2.0,0.2,0.0,England,National league,Away Win,Home Win
0.0,2.2,0.0,1.0,1.2,0.4,0.0,0.6,Argentina,Liga Profesional,Draw,Away Win
1.8,3.0,2.0,2.4,1.6,0.0,0.4,1.0,Austria,Bundesliga,Away Win,Away Win
0.2,1.8,0.6,1.6,1.6,1.0,0.0,0.6,Italy,Serie B,Home Win,Away Win
1.0,2.0,1.0,1.4,1.2,0.8,0.2,0.6,England,English Football League One,Away Win,Away Win
1.0,1.4,1.8,1.6,1.8,1.6,0.2,0.4,Italy,Serie B,Home Win,Home Win
1.6,1.0,2.4,1.0,1.0,1.2,0.4,0.2,Japan,J1 League,Away Win,Home Win
0.6,1.8,1.0,1.2,1.8,1.6,0.2,0.6,England,English Championship,Draw,Away Win
1.2,1.8,1.6,1.4,1.4,1.8,0.2,0.6,England,English Football League One,Draw,Home Win
0.6,0.2,0.4,0.6,1.4,2.2,0.2,0.0,Spain,La Liga SmartBank,Draw,Home Win
0.8,2.6,1.0,1.4,2.2,0.6,0.2,0.8,Italy,Serie A,Away Win,Away Win
0.0,1.6,0.4,1.4,2.6,1.0,0.0,0.4,Belgium,Jupiler League,Draw,Away Win
1.6,1.4,2.4,1.2,1.8,1.0,0.4,0.4,Germany,Bundesliga 2,Draw,Home Win
1.4,0.2,1.2,0.0,1.2,1.2,0.4,0.0,Russia,Premier League,Draw,Home Win
2.6,1.2,1.6,2.0,0.6,2.6,0.8,0.2,Germany,Bundesliga 2,Away Win,Home Win
0.2,1.2,0.2,1.4,1.8,1.6,0.0,0.2,England,English Championship,Draw,Away Win
0.4,1.8,1.0,1.8,1.6,1.4,0.0,0.4,USA,MLS,Home Win,Draw
1.6,1.2,0.8,1.2,0.6,1.0,0.4,0.2,Scotland,Scottish League two,Away Win,Draw
2.2,2.4,2.2,2.0,0.8,1.8,0.6,0.8,Romania,Liga 1,Home Win,Home Win
1.2,0.4,1.0,0.4,1.6,1.2,0.4,0.0,Argentina,Liga Profesional,Home Win,Home Win
2.4,1.4,2.2,1.0,1.4,0.8,0.8,0.4,Italy,Serie B,Home Win,Home Win
0.2,0.8,0.4,1.0,1.4,1.4,0.0,0.2,Spain,La Liga Santandar ,Away Win,Home Win
0.6,2.6,1.0,2.8,1.6,1.0,0.0,0.8,England,English Football League One,Draw,Away Win
1.4,0.8,2.6,0.4,2.0,1.2,0.4,0.2,England,English Football League Two,Home Win,Home Win
0.8,1.8,0.4,0.8,0.6,0.4,0.0,0.4,Brazil,Serie A,Away Win,Draw
1.6,1.0,1.4,0.6,0.8,0.8,0.4,0.2,Romania,Liga 1,Draw,Home Win
1.0,1.4,1.4,0.8,1.4,0.4,0.2,0.2,Italy,Serie B,Away Win,Draw
2.6,1.8,2.8,2.0,0.8,1.2,0.8,0.4,Romania,Liga 1,Draw,Home Win
0.4,1.8,0.4,1.8,1.4,0.6,0.0,0.6,Austria,Bundesliga,Away Win,Away Win
1.4,0.6,1.6,1.2,1.6,2.0,0.4,0.0,Austria,Bundesliga,Draw,Home Win
1.8,1.2,1.8,0.4,0.4,1.0,0.6,0.4,USA,MLS,Home Win,Home Win
2.0,0.4,1.6,0.4,1.4,2.2,0.6,0.0,Greece,Ethniki Katigoria,Home Win,Home Win
1.0,1.4,1.8,2.0,1.8,1.2,0.2,0.2,France,Ligue 1,Draw,Draw
1.6,2.2,1.6,1.2,1.2,0.0,0.4,0.6,Brazil,Serie A,Away Win,Home Win
2.4,1.4,4.0,1.2,1.0,1.4,0.8,0.4,England,English Football League Two,Away Win,Home Win
1.6,0.8,1.0,1.0,0.8,1.2,0.4,0.2,England,English Football League Two,Home Win,Home Win
1.0,0.6,1.6,0.4,2.0,0.8,0.2,0.0,Norway,Eliteserien,Home Win,Home Win
0.6,0.8,0.4,1.4,2.2,1.6,0.2,0.0,USA,MLS,Home Win,Draw
1.6,0.8,1.4,1.2,1.4,1.8,0.4,0.2,France,Ligue 2,Home Win,Home Win
1.0,1.8,1.6,2.2,1.2,2.4,0.2,0.6,China,Super League,Away Win,Home Win
2.0,0.8,2.6,0.8,1.0,1.4,0.6,0.2,France,Ligue 1,Home Win,Home Win
0.8,1.8,1.8,2.0,2.8,1.4,0.2,0.6,Belgium,Jupiler League,Away Win,Away Win
1.8,2.4,1.8,0.8,0.8,0.2,0.6,0.8,Mexico,Liga MX,Home Win,Home Win
1.8,1.8,1.2,2.0,0.8,1.6,0.4,0.6,Japan,J1 League,Home Win,Home Win
1.0,0.0,0.4,0.2,0.4,1.2,0.0,0.0,Argentina,Copa De La Liga Profesional,Away Win,Home Win
0.0,1.8,0.6,0.8,2.4,0.6,0.0,0.6,Poland,Ekstraklasa,Away Win,Away Win
0.8,1.0,1.6,0.8,2.4,1.4,0.2,0.2,Italy,Serie A,Draw,Home Win
0.6,1.4,0.6,1.2,1.2,1.2,0.2,0.4,Finland,Veikkausliiga,Home Win,Away Win
3.0,0.4,3.0,0.4,0.4,1.2,1.0,0.0,Austria,Bundesliga,Home Win,Home Win
1.8,1.8,1.4,2.0,1.2,1.4,0.6,0.4,Spain,La Liga Santandar ,Away Win,Home Win
1.0,2.0,0.8,1.2,1.2,1.0,0.2,0.6,Italy,Serie A,Home Win,Away Win
3.0,1.2,2.6,2.4,0.8,2.2,1.0,0.4,Norway,Eliteserien,Home Win,Home Win
1.6,2.0,1.6,2.2,1.4,1.8,0.4,0.6,Italy,Serie A,Draw,Home Win
1.0,2.6,1.0,1.8,1.0,0.2,0.0,0.8,China,Super League,Draw,Draw
1.0,0.0,0.8,0.6,1.8,2.0,0.2,0.0,Switzerland,Super League,Home Win,Home Win
1.8,2.2,1.4,1.2,1.6,0.0,0.6,0.6,USA,MLS,Home Win,Home Win
3.0,3.0,3.8,2.8,1.6,0.4,1.0,1.0,Turkey,Ligi 1,Away Win,Home Win
2.2,1.8,2.2,2.0,1.0,0.4,0.6,0.4,Norway,Eliteserien,Draw,Home Win
0.8,0.4,1.2,0.4,1.6,2.4,0.2,0.0,Germany,Bundesliga 1,Home Win,Home Win
1.8,3.0,2.8,2.8,1.2,1.8,0.6,1.0,Norway,Eliteserien,Home Win,Home Win
1.8,1.4,1.0,2.4,0.8,2.6,0.6,0.4,England,English Premier league,Home Win,Home Win
1.4,2.2,0.8,1.6,1.0,0.6,0.4,0.6,Portugal,Liga I,Home Win,Away Win
1.2,0.0,0.6,0.0,1.2,1.6,0.4,0.0,Poland,Ekstraklasa,Home Win,Home Win
2.2,1.8,1.2,2.0,0.6,1.0,0.6,0.6,England,English Football League One,Home Win,Home Win
2.6,2.6,3.0,2.4,1.6,0.4,0.8,0.8,Netherlands,KPN Eredivisie,Draw,Home Win
1.0,0.0,0.8,0.4,0.8,3.0,0.2,0.0,Spain,La Liga SmartBank,Draw,Home Win
1.2,3.0,1.0,2.4,1.6,0.0,0.4,1.0,Denmark,Superliga,Away Win,Away Win
1.4,2.0,1.2,1.4,1.0,0.8,0.4,0.6,Spain,La Liga Santandar ,Away Win,Home Win
2.2,1.2,0.8,1.0,0.2,1.2,0.6,0.4,Poland,Ekstraklasa,Home Win,Home Win
1.0,0.6,1.2,1.4,1.8,3.0,0.2,0.2,Italy,Serie B,Home Win,Home Win
0.6,1.0,0.4,0.4,1.4,1.2,0.2,0.2,France,Ligue 1,Draw,Away Win
1.4,0.4,2.2,0.4,1.8,1.2,0.4,0.0,Switzerland,Super League,Home Win,Home Win
1.4,1.4,1.0,1.8,1.4,1.8,0.4,0.4,Poland,Ekstraklasa,Draw,Home Win
1.4,1.2,2.0,0.6,1.0,1.2,0.4,0.4,France,Ligue 1,Home Win,Home Win
1.4,0.6,0.8,0.6,0.4,1.0,0.2,0.0,Brazil,Serie A,Home Win,Home Win
1.0,1.0,0.6,1.2,1.2,1.2,0.2,0.2,Italy,Serie B,Home Win,Draw
1.6,1.2,1.8,1.2,0.8,1.6,0.4,0.4,Turkey,Ligi 1,Away Win,Home Win
0.6,1.6,0.6,1.6,1.4,1.2,0.2,0.4,France,Ligue 2,Home Win,Away Win
1.0,0.4,1.8,1.2,1.6,2.2,0.2,0.0,Brazil,Serie A,Home Win,Home Win
1.4,1.8,2.2,1.4,1.4,1.0,0.4,0.4,Russia,Premier League,Draw,Home Win
2.6,0.6,2.6,1.0,1.0,1.6,0.8,0.0,Germany,Bundesliga 1,Home Win,Home Win
1.4,1.4,1.0,1.2,0.4,0.8,0.2,0.4,Argentina,Copa De La Liga Profesional,Draw,Draw
2.6,0.2,2.2,0.2,1.0,1.8,0.8,0.0,Denmark,Superliga,Draw,Home Win
1.6,0.2,0.8,1.4,0.8,3.8,0.4,0.0,Denmark,Superliga,Home Win,Home Win
1.8,2.0,1.4,1.4,1.4,0.6,0.6,0.6,Greece,Ethniki Katigoria,Home Win,Home Win
2.2,1.0,2.6,1.6,1.6,1.8,0.6,0.2,USA,MLS,Home Win,Home Win
2.2,1.4,1.8,1.6,0.8,1.6,0.6,0.4,England,National league,Away Win,Home Win
2.0,2.6,1.4,3.0,0.8,0.6,0.6,0.8,Greece,Ethniki Katigoria,Home Win,Away Win
0.8,1.4,1.2,1.0,1.6,0.4,0.0,0.2,Argentina,Liga Profesional,Home Win,Draw
1.8,0.0,1.2,0.0,0.4,2.0,0.4,0.0,Romania,Liga 1,Home Win,Home Win
1.2,0.6,1.4,1.6,1.6,2.4,0.4,0.0,Scotland,Scottish Championship,Home Win,Home Win
2.6,2.6,3.4,1.2,0.6,0.0,0.8,0.8,Netherlands,KPN Eredivisie,Draw,Home Win
1.2,2.4,0.6,2.0,1.6,1.4,0.4,0.8,Germany,Bundesliga 2,Home Win,Away Win
1.2,2.0,0.8,1.4,2.0,0.8,0.4,0.6,England,English Championship,Draw,Away Win
1.2,1.4,1.0,1.4,1.0,1.2,0.2,0.2,England,English Football League Two,Away Win,Draw
1.8,1.0,1.4,1.4,0.6,1.6,0.6,0.2,England,English Football League One,Home Win,Home Win
2.6,1.2,1.4,1.4,0.2,2.2,0.8,0.4,Spain,La Liga SmartBank,Home Win,Home Win
0.2,1.4,1.0,1.0,2.6,1.4,0.0,0.4,Brazil,Serie A,Draw,Away Win
1.0,0.8,0.6,1.0,0.6,1.2,0.0,0.0,USA,MLS,Draw,Draw
1.8,1.2,1.2,2.0,0.4,1.8,0.4,0.2,Turkey,Ligi 1,Away Win,Home Win
1.0,3.0,1.0,2.2,1.0,1.2,0.0,1.0,Sweden,Allsvenskan,Draw,Away Win
0.4,1.8,0.4,1.4,1.0,0.8,0.0,0.6,Switzerland,Super League,Away Win,Away Win
0.4,1.0,1.8,0.4,2.4,0.6,0.0,0.2,Romania,Liga 1,Away Win,Home Win
0.2,1.4,0.6,1.4,1.8,1.4,0.0,0.4,Ireland,Premier Division,Draw,Away Win
1.4,1.2,1.2,1.2,1.6,1.8,0.4,0.4,USA,MLS,Away Win,Home Win
2.4,1.6,2.4,0.4,1.0,0.2,0.8,0.4,England,English Football League One,Home Win,Home Win
2.2,0.6,2.2,1.0,1.6,1.6,0.6,0.2,Mexico,Liga MX,Home Win,Home Win
1.4,1.8,0.6,1.2,0.6,1.0,0.4,0.6,Denmark,Superliga,Draw,Home Win
2.4,1.4,1.2,2.0,0.6,1.2,0.8,0.2,USA,MLS,Away Win,Home Win
1.6,1.8,2.0,1.0,0.6,1.2,0.4,0.6,Austria,Bundesliga,Away Win,Home Win
0.0,2.2,0.4,2.2,3.4,0.8,0.0,0.6,USA,MLS,Away Win,Away Win
1.6,2.2,1.0,2.2,0.6,1.4,0.4,0.6,Mexico,Liga MX,Away Win,Home Win
1.0,0.8,0.8,1.0,1.0,1.2,0.2,0.0,Switzerland,Super League,Home Win,Draw
0.4,2.2,1.2,2.6,2.2,0.4,0.0,0.6,Russia,Premier League,Away Win,Away Win
0.2,1.2,0.8,1.2,2.2,1.4,0.0,0.2,England,English Championship,Draw,Away Win
1.0,0.0,0.6,0.0,1.2,3.0,0.2,0.0,Turkey,Ligi 1,Home Win,Home Win
0.4,2.0,0.6,1.6,1.8,0.8,0.0,0.6,France,Ligue 1,Away Win,Away Win
1.2,1.4,1.0,2.0,1.6,1.4,0.4,0.4,Portugal,Liga I,Away Win,Home Win
1.0,2.2,1.6,2.4,2.0,0.8,0.2,0.6,Spain,La Liga SmartBank,Draw,Draw
0.4,2.0,1.0,3.2,3.0,1.4,0.0,0.6,Germany,Bundesliga 1,Away Win,Away Win
2.0,3.0,1.6,3.0,1.6,1.0,0.6,1.0,England,English Championship,Draw,Away Win
1.8,3.0,0.6,2.2,0.2,0.2,0.4,1.0,USA,MLS,Home Win,Draw
1.0,0.4,1.4,0.0,1.2,1.0,0.2,0.0,Argentina,Copa De La Liga Profesional,Home Win,Home Win
2.0,1.4,1.2,1.6,0.8,0.8,0.6,0.4,England,National league,Draw,Home Win
1.2,1.8,1.4,2.6,1.6,2.2,0.4,0.6,Poland,Ekstraklasa,Draw,Home Win
0.0,1.0,0.2,1.6,1.2,1.8,0.0,0.2,USA,MLS,Away Win,Home Win
0.2,1.8,0.8,1.4,1.8,1.4,0.0,0.6,Spain,La Liga SmartBank,Draw,Away Win
1.8,1.2,2.2,1.0,1.8,1.2,0.4,0.2,England,National league,Away Win,Home Win
1.0,1.6,1.6,1.2,2.0,1.6,0.2,0.4,Japan,J1 League,Home Win,Home Win
0.8,1.8,1.2,2.4,2.0,1.2,0.0,0.6,Switzerland,Super League,Away Win,Draw
0.8,0.0,1.4,1.4,1.6,2.6,0.0,0.0,Romania,Liga 1,Away Win,Home Win
2.2,1.4,1.8,0.8,0.8,0.4,0.6,0.4,Denmark,Superliga,Home Win,Home Win
0.4,1.6,0.2,1.2,1.4,1.2,0.0,0.4,Italy,Serie B,Away Win,Away Win
1.8,2.4,1.8,1.8,1.8,1.0,0.6,0.8,Argentina,Copa De La Liga Profesional,Home Win,Home Win
1.4,2.4,0.8,3.4,1.2,1.2,0.4,0.8,Mexico,Liga MX,Home Win,Away Win
2.6,1.4,2.2,2.0,0.8,1.6,0.8,0.4,England,English Championship,Home Win,Home Win
1.0,1.0,1.0,1.0,2.0,1.8,0.2,0.2,Spain,La Liga Santandar ,Draw,Home Win
1.8,1.2,2.6,0.8,1.6,1.8,0.6,0.4,Mexico,Liga MX,Home Win,Home Win
0.2,0.4,0.4,0.0,2.0,0.8,0.0,0.0,Portugal,Liga I,Home Win,Home Win
0.2,2.2,0.2,1.8,1.8,0.6,0.0,0.6,France,Ligue 2,Away Win,Away Win
2.6,1.8,1.6,1.8,0.6,1.4,0.8,0.6,England,National league,Away Win,Home Win
2.4,1.4,2.2,2.0,1.2,1.4,0.8,0.4,England,National league,Home Win,Home Win
0.4,1.8,1.2,1.2,2.2,0.8,0.0,0.4,England,National league,Away Win,Away Win
0.8,2.0,0.8,1.0,1.6,0.6,0.2,0.6,Spain,La Liga Santandar ,Draw,Away Win
0.6,0.8,0.4,0.4,1.2,1.0,0.0,0.2,Italy,Serie B,Draw,Draw
2.2,1.8,1.4,1.6,0.8,0.8,0.6,0.4,Mexico,Liga MX,Away Win,Home Win
0.4,2.0,0.4,1.2,1.6,0.8,0.0,0.6,Spain,La Liga Santandar ,Home Win,Away Win
1.0,1.8,0.8,2.0,1.0,1.4,0.2,0.6,Spain,La Liga Santandar ,Home Win,Home Win
1.4,2.0,0.4,1.6,0.8,1.2,0.4,0.6,Spain,La Liga SmartBank,Home Win,Home Win
0.4,0.4,0.6,0.4,1.8,1.6,0.0,0.0,Romania,Liga 1,Home Win,Home Win
2.2,0.2,1.2,0.6,0.6,1.8,0.6,0.0,Romania,Liga 1,Home Win,Home Win
1.6,1.6,1.0,0.4,0.6,0.2,0.4,0.4,Spain,La Liga SmartBank,Home Win,Home Win
3.0,1.4,2.4,0.8,0.6,0.8,1.0,0.4,Germany,Bundesliga 2,Home Win,Home Win
1.0,1.6,0.8,1.2,1.2,1.0,0.2,0.4,Turkey,Ligi 1,Home Win,Home Win
1.0,0.4,1.2,1.0,1.6,2.8,0.2,0.0,England,English Championship,Home Win,Home Win
2.2,0.2,3.2,1.2,0.8,3.6,0.6,0.0,Belgium,Jupiler League,Away Win,Home Win
1.2,1.8,1.2,1.4,1.6,1.4,0.4,0.6,Scotland,Scottish Championship,Home Win,Away Win
1.8,1.2,1.2,1.0,1.8,2.0,0.6,0.4,Brazil,Serie A,Home Win,Home Win
2.2,0.4,1.4,0.2,0.8,0.8,0.6,0.0,USA,MLS,Draw,Home Win
2.2,0.8,2.0,1.4,1.0,1.6,0.6,0.0,Argentina,Liga Profesional,Home Win,Home Win
2.2,1.4,1.8,2.0,0.4,1.2,0.6,0.4,Brazil,Serie A,Home Win,Home Win
1.0,0.8,1.4,1.0,1.2,1.4,0.2,0.2,England,English Football League Two,Home Win,Home Win
1.0,1.0,1.0,0.4,1.2,0.6,0.2,0.2,England,English Premier league,Draw,Home Win
1.8,1.0,1.0,1.0,0.6,1.0,0.4,0.0,USA,MLS,Draw,Draw
2.2,1.2,0.8,0.6,0.2,0.8,0.6,0.4,Argentina,Copa De La Liga Profesional,Home Win,Home Win
0.2,1.0,0.8,0.4,2.8,0.4,0.0,0.0,USA,MLS,Draw,Draw
1.6,1.8,1.4,1.4,1.0,1.2,0.4,0.6,Spain,La Liga Santandar ,Away Win,Home Win
2.0,2.0,2.0,1.6,1.8,0.6,0.6,0.6,Greece,Ethniki Katigoria,Home Win,Home Win
1.8,0.4,1.0,0.8,1.6,1.8,0.6,0.0,Brazil,Serie A,Home Win,Home Win
2.6,1.0,2.4,0.8,1.6,0.8,0.8,0.0,Romania,Liga 1,Away Win,Home Win
0.8,1.2,0.6,0.8,1.4,1.6,0.2,0.4,Turkey,Ligi 1,Home Win,Home Win
3.0,0.8,1.6,0.8,0.0,1.2,1.0,0.0,Argentina,Liga Profesional,Home Win,Home Win
1.2,0.8,1.0,0.8,1.0,1.8,0.2,0.2,Spain,La Liga Santandar ,Home Win,Home Win
0.4,1.8,1.2,1.0,2.2,0.6,0.0,0.4,France,Ligue 2,Away Win,Away Win
1.4,1.4,0.8,1.2,0.8,2.0,0.4,0.4,Poland,Ekstraklasa,Away Win,Home Win
0.0,0.6,0.2,1.2,2.8,2.8,0.0,0.2,Netherlands,KPN Eredivisie,Home Win,Home Win
2.0,2.6,1.0,2.4,0.6,0.6,0.6,0.8,Italy,Serie A,Away Win,Away Win
1.8,1.2,1.0,0.4,0.4,1.0,0.6,0.4,Mexico,Liga MX,Home Win,Home Win
3.0,1.2,2.8,0.8,0.8,1.2,1.0,0.4,Denmark,Superliga,Home Win,Home Win
1.8,1.6,2.0,1.8,1.4,1.6,0.6,0.4,Switzerland,Super League,Home Win,Home Win
1.2,1.0,1.0,2.2,1.4,2.6,0.4,0.2,Denmark,Superliga,Away Win,Home Win
0.4,2.6,0.4,2.6,2.0,0.2,0.0,0.8,USA,MLS,Draw,Away Win
0.0,2.2,0.6,1.2,2.4,0.6,0.0,0.6,Denmark,Superliga,Away Win,Away Win
2.0,0.8,1.6,0.6,1.0,1.0,0.6,0.2,Spain,La Liga SmartBank,Home Win,Home Win
0.8,0.8,0.8,0.8,2.4,1.8,0.2,0.2,Italy,Serie B,Home Win,Home Win
1.6,1.0,1.0,0.6,0.8,0.4,0.4,0.2,Argentina,Liga Profesional,Draw,Home Win
2.6,2.6,2.4,2.4,0.4,1.6,0.8,0.8,Scotland,Scottish Championship,Away Win,Home Win
1.4,0.4,2.0,1.2,1.8,2.4,0.4,0.0,Turkey,Ligi 1,Home Win,Home Win
1.2,2.2,1.0,1.8,1.4,1.2,0.2,0.6,Greece,Ethniki Katigoria,Home Win,Draw
1.6,1.4,1.4,1.4,0.6,1.4,0.4,0.4,Scotland,Scottish Championship,Away Win,Home Win
0.6,0.0,1.6,0.8,2.4,2.4,0.2,0.0,USA,MLS,Home Win,Home Win
1.4,1.6,0.8,1.0,1.2,0.6,0.4,0.4,England,English Football League One,Home Win,Home Win
0.2,1.2,0.4,1.4,2.8,2.0,0.0,0.2,Netherlands,KPN Eredivisie,Home Win,Away Win
2.6,1.4,1.8,2.0,1.0,1.6,0.8,0.4,USA,MLS,Home Win,Home Win
0.8,0.6,1.0,0.8,1.0,1.4,0.2,0.0,England,English Championship,Home Win,Home Win
1.0,1.8,1.0,1.4,1.0,0.6,0.0,0.4,Romania,Liga 1,Draw,Draw
0.6,0.6,0.6,0.6,1.0,1.0,0.0,0.0,Russia,Premier League,Draw,Home Win
1.8,1.6,2.0,1.2,1.2,1.6,0.6,0.4,USA,MLS,Home Win,Home Win
0.4,1.0,0.0,0.6,1.0,0.8,0.0,0.2,Argentina,Copa De La Liga Profesional,Away Win,Draw
1.4,1.8,1.0,1.4,1.0,1.6,0.4,0.6,Poland,Ekstraklasa,Away Win,Home Win
2.2,2.2,2.2,1.8,0.4,1.0,0.6,0.6,USA,MLS,Home Win,Home Win
2.4,1.4,1.6,0.8,0.8,1.4,0.8,0.4,Italy,Serie A,Draw,Home Win
1.6,3.0,0.8,2.2,1.0,0.4,0.4,1.0,Denmark,Superliga,Away Win,Away Win
1.8,0.8,2.2,1.2,1.2,1.4,0.6,0.0,Brazil,Serie A,Home Win,Home Win
1.8,1.8,1.8,1.0,1.4,0.6,0.4,0.4,USA,MLS,Draw,Home Win
0.0,1.0,1.4,1.2,4.0,1.4,0.0,0.2,Norway,Eliteserien,Home Win,Away Win
1.4,1.6,1.0,2.0,0.8,1.0,0.2,0.4,Argentina,Liga Profesional,Home Win,Draw
0.4,1.5,0.4,1.0,1.0,3.0,0.0,0.5,Belgium,Jupiler League,Draw,Home Win
0.0,1.0,0.8,0.6,3.8,0.8,0.0,0.2,Poland,Ekstraklasa,Draw,Away Win
2.2,1.2,1.8,1.2,0.8,2.0,0.6,0.4,Brazil,Serie A,Home Win,Home Win
1.6,1.2,1.2,1.0,0.8,1.0,0.4,0.4,Spain,La Liga SmartBank,Home Win,Home Win
0.8,0.0,1.0,0.0,1.8,3.0,0.2,0.0,Turkey,Ligi 1,Home Win,Home Win
0.8,2.0,0.6,2.2,2.2,1.2,0.2,0.6,Italy,Serie A,Draw,Away Win
1.4,2.0,1.2,1.6,1.4,0.8,0.4,0.6,England,National league,Draw,Away Win
0.8,2.0,0.8,1.8,1.4,0.8,0.2,0.6,France,Ligue 1,Home Win,Away Win
1.6,2.0,0.8,1.8,0.8,1.0,0.4,0.6,France,Ligue 1,Away Win,Away Win
0.8,0.2,0.6,0.8,1.0,2.4,0.2,0.0,Spain,La Liga Santandar ,Away Win,Home Win
1.4,1.6,1.6,1.0,1.2,0.8,0.4,0.4,England,English Football League Two,Away Win,Home Win
0.0,1.2,0.0,0.8,1.6,1.0,0.0,0.4,Romania,Liga 1,Home Win,Away Win
2.2,0.4,1.8,0.8,1.2,1.4,0.6,0.0,Brazil,Serie A,Home Win,Home Win
0.8,1.0,1.6,1.8,2.6,1.6,0.0,0.2,Romania,Liga 1,Home Win,Draw
0.4,1.0,1.4,1.4,2.2,1.8,0.0,0.2,England,English Premier league,Away Win,Home Win
0.2,0.4,0.2,0.2,2.2,0.8,0.0,0.0,Spain,La Liga SmartBank,Away Win,Home Win
0.4,1.0,0.6,1.0,1.2,1.0,0.0,0.0,Switzerland,Super League,Home Win,Draw
1.2,2.0,1.4,2.8,2.0,1.6,0.4,0.6,England,English Football League Two,Away Win,Away Win
1.0,0.0,1.0,0.4,1.2,1.4,0.2,0.0,Argentina,Copa De La Liga Profesional,Home Win,Home Win
1.4,0.4,1.2,0.4,1.2,1.6,0.4,0.0,Romania,Liga 1,Draw,Home Win
0.4,1.2,1.0,1.4,1.8,2.2,0.0,0.4,Mexico,Liga MX,Away Win,Home Win
0.8,1.2,0.8,1.4,1.6,1.4,0.2,0.2,Italy,Serie A,Home Win,Home Win
3.0,2.4,2.4,3.0,1.0,1.2,1.0,0.8,Russia,Premier League,Home Win,Home Win
1.8,0.6,1.8,0.6,1.6,1.2,0.6,0.0,England,English Championship,Draw,Home Win
0.8,1.4,1.0,1.8,2.2,1.2,0.2,0.4,England,English Football League Two,Home Win,Away Win
1.0,1.4,0.8,1.2,1.0,0.8,0.2,0.4,Scotland,Scottish Championship,Home Win,Away Win
0.8,0.6,1.4,1.0,2.2,2.8,0.2,0.2,France,Ligue 1,Home Win,Home Win
1.8,2.4,1.6,1.4,1.0,0.8,0.6,0.8,Sweden,Allsvenskan,Home Win,Home Win
1.8,2.0,1.2,1.8,0.8,0.6,0.4,0.6,Scotland,Scottish League two,Away Win,Draw
0.4,1.4,0.4,1.8,1.2,1.4,0.0,0.2,Poland,Ekstraklasa,Draw,Draw
1.2,1.4,1.6,1.8,1.2,1.2,0.4,0.4,France,Ligue 2,Away Win,Home Win
2.2,0.8,1.6,1.2,0.8,1.6,0.6,0.0,USA,MLS,Home Win,Home Win
1.2,1.4,1.4,0.8,1.8,0.6,0.4,0.4,England,National league,Home Win,Home Win
0.6,1.2,1.0,1.0,2.0,1.0,0.2,0.4,Sweden,Allsvenskan,Away Win,Away Win
1.0,1.2,1.0,1.0,1.4,1.0,0.2,0.2,England,English Championship,Home Win,Home Win
2.0,1.2,1.2,1.0,1.0,1.0,0.6,0.2,Italy,Serie A,Draw,Home Win
2.6,1.8,2.6,1.2,1.8,0.8,0.8,0.4,Austria,Bundesliga,Away Win,Home Win
1.2,0.6,0.8,0.6,4.0,1.0,0.4,0.0,Ireland,Premier Division,Away Win,Home Win
1.6,0.6,2.4,0.0,1.4,0.4,0.4,0.0,Brazil,Serie A,Away Win,Home Win
2.6,1.0,2.4,0.8,0.4,1.2,0.8,0.2,Portugal,Liga I,Draw,Home Win
0.8,2.0,1.4,1.6,1.8,0.8,0.2,0.6,Scotland,Scottish Championship,Home Win,Away Win
0.6,1.6,0.6,1.0,1.0,1.0,0.2,0.4,China,Super League,Home Win,Away Win
2.4,1.8,2.2,1.2,1.2,1.0,0.8,0.6,Romania,Liga 1,Away Win,Home Win
1.0,2.4,1.0,2.0,2.0,1.0,0.2,0.8,England,English Championship,Draw,Away Win
0.4,0.8,1.0,0.8,1.8,1.8,0.0,0.2,England,English Premier league,Home Win,Home Win
0.4,2.2,0.6,2.6,1.4,1.0,0.0,0.6,Mexico,Liga MX,Away Win,Away Win
2.6,1.4,1.2,1.6,0.0,1.2,0.8,0.4,Poland,Ekstraklasa,Draw,Home Win
0.2,0.2,0.8,1.2,2.8,3.0,0.0,0.0,Italy,Serie A,Home Win,Home Win
1.0,0.0,1.6,0.2,2.2,2.0,0.2,0.0,Norway,Eliteserien,Home Win,Home Win
1.0,3.0,1.6,2.2,1.6,0.0,0.2,1.0,Mexico,Liga MX,Draw,Away Win
0.4,1.6,0.6,1.4,2.0,1.2,0.0,0.4,Italy,Serie A,Draw,Away Win
