Probability_A,Probability_D,Probability_H
0.3293299281854918,0.1684400184380597,0.5022300533764485
0.2690055366284854,0.20897077803116113,0.5220236853403535
0.2562969637369146,0.3235145647966965,0.42018847146638905
0.30298083601833203,0.25246996200722965,0.4445492019744383
0.4852298960656177,0.32364372996954754,0.19112637396483478
0.1929069653119125,0.2091991780661208,0.5978938566219667
0.2482842294108643,0.38055377408712887,0.3711619965020069
0.17453995179147944,0.22346784338044237,0.6019922048280781
0.20835641193112256,0.24009878659221306,0.5515448014766644
0.1559718467511487,0.267487231959751,0.5765409212891003
0.17385846275113287,0.3111249447127809,0.5150165925360862
0.16074613924288342,0.49629804183694765,0.34295581892016885
0.2513671172578014,0.264711943677209,0.48392093906498956
0.5073181715344197,0.2685435409941474,0.22413828747143288
0.299930146272722,0.27775603820955275,0.4223138155177252
0.23901802499414748,0.33555919190683325,0.4254227830990192
0.13996571506707484,0.2107406249019608,0.6492936600309644
0.662611949729618,0.16512328268327925,0.17226476758710269
0.17567182292140043,0.39545396234837155,0.4288742147302279
0.4125091160847359,0.3028574666117301,0.2846334173035341
0.5055350758444839,0.33485807311176174,0.1596068510437543
0.5148029057524675,0.21436432913367737,0.2708327651138553
0.23445595608103223,0.29969523156234046,0.4658488123566273
0.23463357282039923,0.26901649193097904,0.4963499352486217
0.11781074303920457,0.2502307789717487,0.6319584779890466
0.2790104312911604,0.1938487758692825,0.5271407928395571
0.37653472378882696,0.2899806555936864,0.3334846206174865
0.3078156710783511,0.24508082900340267,0.44710349991824627
0.1486877694561945,0.18126033629827368,0.6700518942455318
0.21700402930985146,0.1549981837303768,0.6279977869597717
0.4748809241661136,0.19706211743134985,0.32805695840253657
0.3958368950980934,0.29224412692826923,0.3119189779736374
0.2584165758382773,0.25038593875078813,0.49119748541093455
0.22871764128111813,0.25190730680472523,0.5193750519141567
0.1974911788734523,0.4847594414777748,0.3177493796487729
0.21725118759219772,0.20388585814416527,0.578862954263637
0.2029324811183158,0.31192972119804174,0.48513779768364246
0.3697437682034514,0.24221041900814763,0.38804581278840095
0.09956626062993523,0.3363787440396814,0.5640549953303834
0.5374464763295125,0.2243490395128249,0.23820448415766263
0.19862651672128365,0.47896320715827057,0.32241027612044576
0.38755860543404114,0.29268540289728406,0.31975599166867485
0.41775930227758934,0.26444742484306,0.31779327287935066
0.3742902943109906,0.34090979263418736,0.28479991305482216
0.2646678661225215,0.420904152915681,0.3144279809617975
0.2334265735886999,0.2001504518820457,0.5664229745292544
0.15142028217350337,0.23199083279116797,0.6165888850353286
0.2197014613098886,0.39055630849069367,0.3897422301994178
0.15472119824122424,0.4646318098470629,0.3806469919117128
0.4084353255323277,0.27645462021548317,0.315110054252189
0.2042443935383688,0.28914362274162836,0.5066119837200028
0.21901883422188753,0.30425304218930266,0.47672812358880984
0.20728900159795216,0.1629213205188443,0.6297896778832035
0.4787387133874829,0.35284517591434306,0.16841611069817386
0.12504200399037904,0.235063358959267,0.639894637050354
0.31801580546968433,0.39745866283049186,0.28452553169982375
0.39405610971592336,0.329977850838353,0.27596603944572373
0.08773125305505303,0.1827699020987526,0.7294988448461943
0.17373510608650494,0.33503022540513383,0.49123466850836106
0.38339532233688134,0.41249256762601416,0.20411211003710447
0.17604089204449053,0.16082548549074846,0.663133622464761
0.46583135834637085,0.2275378290750263,0.3066308125786029
0.36461456005992715,0.2265663218083344,0.40881911813173855
0.23399283449951633,0.33436883475308515,0.43163833074739855
0.1488282741107895,0.29309792164604004,0.5580738042431704
0.38206752456785337,0.31529227991079656,0.3026401955213501
0.16688715713334465,0.2966592377167087,0.5364536051499467
0.19010966992304884,0.4386808089869754,0.37120952108997574
0.21921846896513175,0.23938196205531995,0.5413995689795483
0.35632133943488314,0.2906213764100698,0.35305728415504695
0.2497394363345463,0.21644868337387027,0.5338118802915834
0.14380856794275226,0.14270654779311834,0.7134848842641294
0.2416608152576643,0.2527903891046861,0.5055487956376497
0.20375127470685328,0.23348377620445426,0.5627649490886925
0.17596988906897867,0.1846789846302076,0.6393511263008137
0.29443380091705385,0.4478472056778328,0.2577189934051135
0.09649174640888993,0.31681222342366394,0.586696030167446
0.2274148814554131,0.3579454418760939,0.4146396766684929
0.1059647850077943,0.2117556450039168,0.6822795699882889
0.08787444868945755,0.1879631957406358,0.7241623555699066
0.2775390394721553,0.3611956458055751,0.36126531472226964
0.17805694872386116,0.36502041508897887,0.45692263618715995
0.3711905842688819,0.3394696088399661,0.289339806891152
0.14195914115369196,0.15353676539346026,0.7045040934528478
0.24190834565921962,0.30003631469981623,0.4580553396409641
0.2322112545786703,0.15493920027624616,0.6128495451450835
0.15460059230988557,0.18431078838109083,0.6610886193090236
0.4071829262160666,0.35189219534357546,0.240924878440358
0.23491762211981357,0.1994563588501883,0.5656260190299981
0.33456495654653634,0.23066476509750924,0.43477027835595433
0.1082328458294213,0.2273196128471839,0.6644475413233948
0.1950009397935633,0.3471893217854955,0.45780973842094114
0.3087039564819833,0.22115142432253124,0.47014461919548545
0.23865662054167536,0.2674715627721726,0.49387181668615204
0.35769454064156897,0.2380637444402167,0.4042417149182143
0.13612061936037345,0.16512344141814686,0.6987559392214796
0.3871071756908485,0.1810505134195247,0.4318423108896268
0.1627708746275619,0.3271821809971364,0.5100469443753017
0.5481345813826116,0.24187252387444802,0.2099928947429403
0.10975735042594266,0.15073284734883385,0.7395098022252234
0.3439100485083368,0.2812561559957192,0.37483379549594403
0.20429249576917982,0.18632668182115875,0.6093808224096614
0.24464495610397463,0.2875554082871686,0.4677996356088568
0.17977489964747978,0.22371545147501531,0.5965096488775049
0.24873650186816731,0.38207735445299834,0.3691861436788343
0.6416586687689435,0.18711813456377238,0.17122319666728422
0.49734590353581487,0.18136614694566575,0.32128794951851947
0.40806847314270567,0.2736910171890693,0.318240509668225
0.16344422458522057,0.23215522454030116,0.6044005508744783
0.376595835530211,0.2732465497448802,0.35015761472490886
0.28464491229667144,0.21799203131041345,0.4973630563929151
0.5226404390942506,0.20364362608908956,0.2737159348166599
0.4376434656994282,0.2871803861691746,0.27517614813139724
0.20920782392583617,0.2585929872695183,0.5321991888046455
0.33613056824954424,0.2008289350207375,0.4630404967297183
0.477957786005488,0.2786376979783884,0.24340451601612367
0.2871799011642982,0.2850406201717989,0.427779478663903
0.20004118653640465,0.19250552895121611,0.6074532845123792
0.15123571518860085,0.15751810974188066,0.6912461750695186
0.1900228530576104,0.19849719750960657,0.611479949432783
0.12751592300206593,0.19944458220067177,0.6730394947972622
0.17932343668573983,0.4599362345467167,0.3607403287675434
0.31302426829900354,0.3068374116031149,0.3801383200978816
0.18540888964483696,0.23975115216784712,0.5748399581873159
0.14564423013075714,0.25744725021915466,0.5969085196500883
0.34044228642662966,0.3383736160553162,0.3211840975180542
0.1583972777478087,0.3829060006490957,0.4586967216030956
0.14774845398014183,0.2587332234360604,0.5935183225837978
0.1330188877863739,0.18158437342972772,0.6853967387838983
0.12092173972234262,0.16549642634630185,0.7135818339313555
0.3665657469266539,0.40106589145882693,0.2323683616145191
0.21455658191955712,0.2956812603054012,0.4897621577750417
0.07796929038125698,0.21062061234771798,0.711410097271025
0.5539116359494057,0.2310803184888381,0.21500804556175604
0.24712586252893406,0.21641244846900104,0.5364616890020649
0.42501479270691594,0.2771093835833596,0.29787582370972443
0.10958699621403752,0.21411982154104903,0.6762931822449134
0.12561736917559027,0.22770257456245546,0.6466800562619541
0.5605670408482046,0.28305717360333654,0.15637578554845882
0.5134668742615056,0.20545723086716278,0.2810758948713316
0.27373932430278236,0.3069417599836235,0.41931891571359403
0.4314922409000381,0.2773986522013537,0.2911091068986081
0.15748035219589562,0.2818294566586564,0.560690191145448
0.23094816271702717,0.225151767442507,0.5439000698404658
0.2669913933763551,0.3734245233375616,0.3595840832860834
0.3817137465217869,0.3367196348676062,0.28156661861060683
0.24466717533733345,0.2579205129657567,0.49741231169690986
0.2876768214101992,0.2566966771371612,0.4556265014526397
0.44458578122538,0.28108581565377755,0.27432840312084256
0.20559715519146946,0.3976595181151121,0.39674332669341844
0.1766925613779268,0.40193467613262707,0.42137276248944616
0.3084762894892964,0.34504154628906064,0.34648216422164285
0.40502366649306243,0.4257345420945757,0.1692417914123618
0.13271009337106177,0.21683931779338908,0.6504505888355492
0.274362728328139,0.32239338040769483,0.4032438912641662
0.27891341849718315,0.29991385189030373,0.42117272961251306
0.19009338734330905,0.28021002285483204,0.529696589801859
0.5375320776366223,0.15066057992650866,0.3118073424368691
0.14259890158586544,0.18003480486597861,0.6773662935481558
0.2782643605197011,0.23311895884841022,0.4886166806318886
0.23385126943566642,0.40499754398321336,0.3611511865811202
0.654491822145939,0.22622892529140523,0.1192792525626557
0.22810569160935446,0.274817751534037,0.49707655685660845
0.10638525734844394,0.1899041085886776,0.7037106340628785
0.43017975079242476,0.30653756270341104,0.2632826865041641
0.23115322463110474,0.42374529667054844,0.3451014786983467
0.7240885700741738,0.16229084038092895,0.11362058954489722
0.5923064606960456,0.21142951951045066,0.19626401979350364
0.22433095367061587,0.18409013925236284,0.5915789070770213
0.4003228224393544,0.3465461368427752,0.25313104071787035
0.35313293791380745,0.3182548258662721,0.3286122362199205
0.2102301650313159,0.22238995859737473,0.5673798763713094
0.258770514252236,0.19537337383323297,0.5458561119145311
0.3986299974403893,0.2545007587916038,0.34686924376800693
0.14079314032668194,0.1389802035004791,0.7202266561728389
0.3241631376205072,0.3005704592709146,0.37526640310857823
0.3148504199354401,0.34254635536643113,0.3426032246981287
0.4817559735900909,0.2873627423134067,0.23088128409650246
0.3451741196086636,0.2733290181735263,0.3814968622178101
0.432832926649628,0.29147169409675655,0.27569537925361554
0.3089719614885147,0.25917595820450334,0.43185208030698197
0.4694173991485445,0.20660296449185228,0.32397963635960336
0.25710708035998026,0.33063204416538794,0.4122608754746318
0.49827897466199933,0.29217680754560277,0.20954421779239787
0.2939861558410136,0.22754079482504883,0.4784730493339375
0.367948138550837,0.29067033800196473,0.3413815234471982
0.6334682461883379,0.1788455017474306,0.18768625206423156
0.23133449762336816,0.23948455359841775,0.529180948778214
0.20840649444231418,0.32306888486011026,0.4685246206975754
0.17170693526590364,0.2826815886115744,0.545611476122522
0.5946571349104074,0.1670760304189548,0.2382668346706377
0.38563805580830685,0.2767896941582752,0.33757225003341795
0.37239147967722913,0.3063176695573589,0.3212908507654121
0.4427727978266343,0.19333960346354123,0.3638875987098244
0.2766604430683911,0.22668914756419695,0.496650409367412
0.2515795756620768,0.28977755317311793,0.4586428711648054
0.2735196250234154,0.21701204542115068,0.5094683295554339
0.18420472276198016,0.2904406163214271,0.5253546609165928
0.20240750987317982,0.2030471453967247,0.5945453447300956
0.26806965623564755,0.2601745560299227,0.4717557877344297
0.5964110642584372,0.17206071294479433,0.23152822279676843
0.26530157450080327,0.19509510213684234,0.5396033233623545
0.3742604711254733,0.3687835683922596,0.256955960482267
0.1588177642054117,0.40723162273640506,0.43395061305818333
0.18657593226810884,0.18151847454211584,0.6319055931897752
0.4941564408657485,0.29450882069342704,0.2113347384408245
0.39190843315047563,0.3044260733948003,0.3036654934547241
0.42930769452039336,0.2778017651042604,0.2928905403753462
0.41966870245099996,0.24097989973472586,0.33935139781427415
0.23645605282922644,0.2271835175029185,0.536360429667855
0.3170883193327505,0.22829248084464343,0.45461919982260607
0.09787060617292735,0.17826169443984077,0.7238676993872319
0.3619070032473004,0.3250055429089801,0.3130874538437195
0.3327667025272409,0.3003732384113312,0.366860059061428
0.29637436244604387,0.21455171574484203,0.48907392180911413
0.37846916372319434,0.32311512541003046,0.2984157108667752
0.20630138730063954,0.45725643969848684,0.33644217300087353
0.45938596624137,0.15401527783699087,0.38659875592163917
0.12368539388510227,0.25994206765783756,0.6163725384570602
0.15811640742996075,0.2732042055426482,0.5686793870273911
0.33448071402078133,0.22025808586748266,0.44526120011173603
0.14851103395846937,0.2674179275642976,0.5840710384772331
0.2650465907502087,0.32871933843767376,0.4062340708121175
0.07322939244653529,0.13213906046962995,0.7946315470838348
0.2683708233555668,0.20110619913475183,0.5305229775096814
0.5213838787802324,0.2554403081291235,0.22317581309064413
0.22543374092420668,0.24830784424860375,0.5262584148271896
0.16470400119869077,0.47292773622005907,0.3623682625812501
0.154699201172711,0.29867964040892736,0.5466211584183617
0.19509256214531773,0.2966917339295992,0.508215703925083
0.378968465492132,0.263016946784477,0.35801458772339106
0.33944814216021746,0.2066566406954548,0.45389521714432773
0.2604763162491338,0.33622635461912254,0.40329732913174354
0.3535080414409116,0.27222417270650534,0.374267785852583
0.4148896375866892,0.3613648745755814,0.2237454878377293
0.17097481641259255,0.2253151155272943,0.6037100680601131
0.28210666296666487,0.38277950573690717,0.3351138312964279
0.3328361707910028,0.3035996234129328,0.36356420579606447
0.3705150865492089,0.1928042645118386,0.43668064893895253
0.2615502573268699,0.34218142877766206,0.396268313895468
0.2979328225817375,0.2742693906062905,0.4277977868119719
0.40640339708101014,0.2630606176210388,0.33053598529795114
0.24075783164048004,0.3600812045918564,0.39916096376766363
0.5313787956734445,0.19833220504649482,0.27028899928006067
0.39360607434740197,0.3534875106953339,0.2529064149572642
0.30582415664181084,0.17159048985656178,0.5225853535016275
0.4143340410945894,0.21119309603146005,0.37447286287395054
0.18193094334854476,0.1861154580728262,0.6319535985786291
0.19779911337897504,0.4733764867102816,0.3288243999107433
0.21322044541230933,0.37984831340970404,0.4069312411779867
0.19314254201541847,0.4755020885035863,0.33135536948099525
0.15650266053673914,0.19440077774587797,0.649096561717383
0.26613923262134265,0.3147067836743509,0.41915398370430645
0.46373669293360115,0.3241622091488407,0.21210109791755816
0.18211427479271797,0.20093920459496448,0.6169465206123176
0.17456974793688654,0.22125416996357958,0.6041760820995339
0.3066248287803458,0.2618296814502327,0.4315454897694215
0.22494059163433197,0.2627934490565148,0.5122659593091532
0.4452480927283016,0.1764747847207655,0.3782771225509329
0.22782930147530647,0.26508310029425036,0.5070875982304431
0.47925740813118134,0.21475541822970154,0.3059871736391171
0.180759996531764,0.2831607361146208,0.5360792673536152
0.2288356155031695,0.371792706246896,0.3993716782499346
0.1358345637010016,0.2531943343073782,0.6109711019916202
0.09398403957507681,0.1150319994499302,0.790983960974993
0.15056338123301904,0.27424036808793156,0.5751962506790493
0.10569922732620302,0.2084708616329971,0.6858299110407999
0.3566352158859191,0.26378634701376685,0.379578437100314
0.20564791477558597,0.36056203844153356,0.43379004678288047
0.26847290001975077,0.1700435232656533,0.5614835767145959
0.2798398062957248,0.37342231201500337,0.34673788168927183
0.3636580194026603,0.3311099339747528,0.30523204662258696
0.5287573173748022,0.2193741788407054,0.25186850378449244
0.27779393066810915,0.4055015306797623,0.31670453865212855
0.17139528342022103,0.3477186652311039,0.4808860513486752
0.24584472157722942,0.5038845959953135,0.25027068242745715
0.4064886634458643,0.3203701170683953,0.27314121948574044
0.34052629601020007,0.33283735638413303,0.3266363476056669
0.17535637481760524,0.44589055481434786,0.3787530703680469
0.24288441601220043,0.21242181017364334,0.5446937738141563
0.3671767461124937,0.32701526478597615,0.30580798910153006
0.28882538454576545,0.24981840048410262,0.46135621497013185
0.328651445149202,0.29306258233866567,0.3782859725121322
0.20268754028770256,0.2151892614106844,0.582123198301613
0.3521485340506229,0.17132131089701974,0.47653015505235724
0.5022776904668933,0.2968955940185092,0.20082671551459755
0.3336586829533269,0.30730881011193956,0.3590325069347336
0.3213340203383139,0.20861637317850185,0.47004960648318433
0.20059307897152037,0.23331716784588177,0.5660897531825979
0.20976076560483967,0.2384893512147086,0.5517498831804517
0.23644590269669144,0.26836283272928274,0.49519126457402585
0.1710282160235265,0.35184206475193436,0.4771297192245392
0.18322228494773823,0.18964096207898623,0.6271367529732755
0.37075167733215353,0.17990862429208537,0.44933969837576104
0.2266502001354378,0.35037947831257893,0.42297032155198316
0.2442565852437827,0.40165494977144844,0.3540884649847689
0.2885015078564959,0.31883966328816254,0.3926588288553415
0.09918658425615066,0.10546513953018344,0.7953482762136659
0.27956967212395945,0.20356656911881574,0.5168637587572248
0.48948394421605707,0.3015263200475644,0.20898973573637863
0.4346727196132057,0.26499187661562235,0.3003354037711719
0.20290047719481716,0.4530707884884221,0.34402873431676084
0.30258058912391,0.30088843105320295,0.3965309798228871
0.1691183875681986,0.2961551777972048,0.5347264346345966
0.15084868689206749,0.265693546905757,0.5834577662021755
0.28142758886818187,0.3061531281232529,0.4124192830085653
0.20864833491174462,0.24218139832741994,0.5491702667608355
0.1340692409678878,0.12658333564488206,0.73934742338723
0.3311196715583225,0.2708437643183556,0.39803656412332183
0.3447677818202322,0.2959568400440699,0.3592753781356978
0.2520606543401646,0.2656457850270324,0.48229356063280304
0.12254199376439481,0.2948532671211058,0.5826047391144994
0.2599413247413507,0.3584625344295669,0.38159614082908244
0.44333428685798454,0.18765095287718306,0.3690147602648324
0.35916835091995025,0.2535031613580653,0.3873284877219844
0.307789004108722,0.29292613564152487,0.3992848602497531
0.3832866470922397,0.19541499331600212,0.42129835959175815
0.3048909134166091,0.474626525668643,0.22048256091474783
0.40317372533075707,0.19848564706031985,0.398340627608923
0.08944910074016862,0.2555653279679229,0.6549855712919085
0.1873371058141211,0.280779309748102,0.5318835844377768
0.05662020619461072,0.07646128492629034,0.8669185088790989
0.3250441948678934,0.327657833011585,0.3472979721205216
0.5228107618550506,0.20432722376086215,0.27286201438408725
0.19046873603645798,0.3552374458201935,0.4542938181433485
0.2407018249047339,0.43466897004552146,0.3246292050497446
0.2243160443459858,0.2305571252097828,0.5451268304442315
0.21220634217571932,0.24407217261965194,0.5437214852046287
0.3392169509316424,0.20785845068679856,0.4529245983815591
0.3853974195450424,0.2830391643810998,0.33156341607385775
0.07921922335811019,0.156128555515747,0.7646522211261427
0.21493207098388623,0.2629970536003342,0.5220708754157796
0.3627689023321216,0.3170399906777122,0.32019110699016623
0.2649646967867094,0.234778300900273,0.5002570023130175
0.20853665237128233,0.17176952918894317,0.6196938184397746
0.3567085879585451,0.22491779686243366,0.4183736151790213
0.4059740211122917,0.26649860927627517,0.32752736961143325
0.45818105129915454,0.24330449810108265,0.2985144505997629
0.20039737366491733,0.18472492298454535,0.6148777033505374
0.16843549906832603,0.14142672655015012,0.6901377743815238
0.17811037107579059,0.26109966547116276,0.5607899634530467
0.15617889770413057,0.1514684735225902,0.6923526287732792
0.12257603446013872,0.16466721853402935,0.7127567470058319
0.30776301285335095,0.19687858461037183,0.4953584025362771
0.2510521319842513,0.48024821480043894,0.2686996532153097
0.2191138417686856,0.3508256233872797,0.4300605348440348
0.311840854159276,0.2983191907032501,0.38983995513747394
0.18187850082213242,0.1741562465005213,0.6439652526773463
0.20711273471656236,0.2032726226640889,0.5896146426193487
0.4682986118601167,0.16044879903570827,0.37125258910417497
0.30053355971639173,0.23372556783059664,0.46574087245301166
0.2048832804741411,0.15883045288242875,0.6362862666434301
0.265056756255107,0.42721998186173393,0.3077232618831591
0.2854762815951258,0.19920922212974004,0.5153144962751341
0.31701356539722975,0.3115508652539824,0.3714355693487879
0.3077498875334509,0.23179104055722471,0.46045907190932434
0.138895263203304,0.11499148072949214,0.7461132560672039
0.3902641218972115,0.20973830507343674,0.39999757302935174
0.12245367384040906,0.1103145784178423,0.7672317477417487
0.151952015956611,0.2052033597543426,0.6428446242890464
0.4241175783045272,0.2586932292055691,0.3171891924899038
0.21032910721484685,0.2862468192306694,0.5034240735544837
0.3797003521863086,0.226751029191557,0.39354861862213436
0.310516862128226,0.3463728046515585,0.34311033322021545
0.20979523632386554,0.20871217827343916,0.5814925854026953
0.4233492932026042,0.22059510263555607,0.3560556041618396
0.20828651867988404,0.23655057974999924,0.5551629015701167
0.1571047804233336,0.22839027637926196,0.6145049431974045
0.25081171895031146,0.4076052019317116,0.34158307911797703
0.2491783702248264,0.23354489251890018,0.5172767372562734
0.1708368183246689,0.16992657279110304,0.6592366088842281
0.2414628961979016,0.29666367293703205,0.4618734308650664
0.281416366275644,0.41255379143397464,0.3060298422903813
0.35944153942193463,0.29054882074678495,0.35000963983128036
0.15469199470496453,0.14043712656380747,0.7048708787312279
0.15586487607610083,0.32017836990251536,0.5239567540213838
0.58582851717147,0.17800052604886157,0.23617095677966846
0.20126666261964202,0.18228418352925105,0.616449153851107
0.5442597828249278,0.20328640932494083,0.25245380785013144
0.5025874998096193,0.27017222499154764,0.22724027519883316
0.1296752461344318,0.2972605763587682,0.5730641775068002
0.34614276183141734,0.23409794504181752,0.41975929312676513
0.24053207503678303,0.2589686912379597,0.5004992337252573
0.23103806940010518,0.2361820328519468,0.532779897747948
0.20496189693081704,0.1668823125614134,0.6281557905077695
0.24532952849189144,0.33321043669062067,0.4214600348174879
0.07851109104933773,0.17136624238945009,0.7501226665612122
0.22333232337558911,0.3427925879859657,0.4338750886384453
0.19859272678506493,0.3482609182404132,0.45314635497452194
0.3909574145399953,0.25229641102845196,0.3567461744315527
0.421956442791902,0.1629953401010274,0.41504821710707057
0.2987869647905203,0.30932638467213086,0.3918866505373488
0.26267077422279056,0.4408870296926226,0.29644219608458683
0.26123761760667763,0.29604859195059297,0.44271379044272935
0.40277552546944845,0.34070953132718745,0.25651494320336415
0.3228794165182746,0.30920555303958835,0.3679150304421371
0.43487386081043805,0.29312412979029123,0.2720020093992706
0.25914769602197707,0.3768761337821496,0.36397617019587325
0.27354635775337904,0.3562808407000679,0.370172801546553
0.25482796852358,0.2808763945759159,0.46429563690050424
0.29327069890236207,0.2514018488044582,0.4553274522931797
0.06942021212958856,0.12822647903633785,0.8023533088340736
0.3779342890015084,0.2552994686953417,0.36676624230314986
0.3204383135239454,0.22733794669263468,0.4522237397834198
0.45216830832761057,0.22570472864048347,0.32212696303190586
0.3818725449099224,0.27558416132650787,0.34254329376356973
0.26687917642480485,0.37108889393408184,0.36203192964111325
0.14350895787882365,0.1970275657516376,0.6594634763695388
0.3041939657006578,0.22518350038865126,0.47062253391069103
0.5425703446399576,0.20797453171979977,0.2494551236402427
0.2043241173942303,0.19386561693487658,0.6018102656708931
0.28362536596311333,0.20333899087341284,0.5130356431634737
0.22311665703516492,0.2670841784881003,0.5097991644767348
0.20386710521667584,0.3155596633620958,0.4805732314212284
0.5096445914333595,0.21586857144785437,0.27448683711878613
0.26060449472563063,0.24937486673347153,0.49002063854089783
0.19412725558960994,0.2789074726297059,0.5269652717806842
0.3100565548778358,0.4647288749899926,0.2252145701321717
0.623826181810027,0.2156673623642825,0.16050645582569045
0.18472646406051646,0.1498762520317714,0.6653972839077122
0.17432206186327812,0.32640994495507836,0.4992679931816435
0.3326204623507973,0.30222143402763096,0.36515810362157175
0.31251275841587484,0.1495032817577841,0.537983959826341
0.2507655595162133,0.22321291452818512,0.5260215259556015
0.2809768724619301,0.30202788396967445,0.41699524356839535
0.17972296152557693,0.3215678644740236,0.49870917400039955
0.14073584842009226,0.14491649992603664,0.714347651653871
0.18143206710463214,0.17392300300878444,0.6446449298865834
0.1555648760748157,0.5846708506167271,0.25976427330845736
0.2403027795808586,0.13964311538957785,0.6200541050295636
0.28177570874565505,0.21619689102754083,0.5020274002268041
0.12807083953899845,0.09724913204335903,0.7746800284176426
0.3019396232687072,0.22590205613500158,0.4721583205962912
0.17922491237705998,0.26295006670371907,0.5578250209192209
0.3487760181349715,0.19334666195217606,0.45787731991285247
0.41945937972366193,0.2270126716187825,0.35352794865755566
0.21819655871807314,0.26714414979375845,0.5146592914881685
0.2467083502279288,0.2689422481313262,0.4843494016407449
0.10765024713744903,0.10359128043519836,0.7887584724273526
0.21331233206263375,0.27563479643905897,0.5110528714983074
0.20260552779982985,0.22582357952072749,0.5715708926794426
0.1671058564098047,0.3862880110356322,0.44660613255456305
0.2374189416946735,0.28664941629920365,0.47593164200612276
0.19565740322156794,0.2783067571176817,0.5260358396607504
0.24390939821846908,0.2742036708349066,0.4818869309466242
0.2654138473996531,0.4275049147785792,0.30708123782176777
0.18937074796008194,0.30390794827661516,0.5067213037633029
0.5328166323833917,0.2315314044946752,0.23565196312193298
0.1125913612661059,0.2212127301574411,0.6661959085764529
0.5473780249153412,0.2263087629080927,0.22631321217656608
0.25325601744976717,0.3446139545099601,0.4021300280402728
0.3848788126555535,0.2623280816162073,0.3527931057282392
0.13114230157879306,0.1984894165352136,0.6703682818859933
0.5116031859639609,0.21462247607483428,0.27377433796120476
0.2048168139900611,0.1656414299702301,0.6295417560397087
0.22943957806054535,0.17857445655197834,0.5919859653874763
0.15336829354875953,0.1890696898772303,0.6575620165740103
0.18680878613534774,0.2755505868201055,0.5376406270445467
0.3770141557681584,0.2820752875898242,0.34091055664201736
0.4964780113403817,0.28604917156490733,0.21747281709471086
0.38151201430482856,0.273545178254972,0.34494280744019956
0.30913734299435536,0.21034403290590248,0.48051862409974205
0.1579744367616265,0.4823994942681164,0.3596260689702572
0.1879272450346654,0.24039139348781782,0.5716813614775167
0.1755761019320402,0.12915165087050273,0.6952722471974571
0.15633026476564407,0.12297838986252747,0.7206913453718286
0.20146443576886847,0.23519896795610837,0.5633365962750232
0.2515497631941335,0.3005668944562775,0.44788334234958904
0.22507035005993564,0.1848294329446165,0.5901002169954479
0.4454219315401834,0.3102585374437721,0.24431953101604456
0.18151261064490154,0.23786097936864498,0.5806264099864534
0.2602600349545506,0.24283847045385,0.4969014945915994
0.08186049769448882,0.1513942607489809,0.7667452415565302
0.2848622482980058,0.24361208625945116,0.471525665442543
0.3771084360196117,0.27034727910998124,0.3525442848704071
0.3835870355919539,0.29184296565478274,0.32456999875326337
0.1503891937424324,0.3439572182246218,0.5056535880329458
0.1594921185061032,0.2254550383101233,0.6150528431837735
0.34324588188204497,0.2708329075545017,0.3859212105634533
0.37650970530510297,0.2689031778874478,0.35458711680744925
0.1614670295048298,0.12510187550626828,0.7134310949889019
0.5697083951104236,0.17461107357570693,0.2556805313138694
0.26555599610482766,0.3124334230630423,0.42201058083213017
0.3165786487366201,0.32144818154970217,0.36197316971367777
0.3775288725812932,0.23834451599300513,0.3841266114257016
0.16621828325403112,0.3317349905245625,0.5020467262214063
0.2674345998684042,0.20640622813645254,0.5261591719951433
0.2856725764524089,0.28092079936600306,0.43340662418158804
0.36856110088347394,0.23042089834720694,0.4010180007693191
0.17439395297298224,0.5262592790362614,0.2993467679907565
0.28103138810319295,0.25488107023482526,0.4640875416619819
0.2746260775515777,0.1607742300164033,0.564599692432019
0.27438044245266074,0.22127663292000407,0.5043429246273352
0.473524275930298,0.21620273993933553,0.3102729841303665
0.1628703817233353,0.14833983332795628,0.6887897849487084
0.2146911856698545,0.16107817821129713,0.6242306361188483
0.5001369792715407,0.20283741563944485,0.29702560508901443
0.2663332276431173,0.27072379032713145,0.4629429820297512
0.3332415327471067,0.258538247690632,0.4082202195622613
0.40188894318706775,0.22657728043352,0.3715337763794124
0.29716571229144045,0.2141665491578671,0.48866773855069234
0.13561104018246703,0.6107141432406229,0.25367481657691016
0.3665691290753588,0.2580428460723417,0.37538802485229955
0.21001984894751274,0.3382808958479327,0.4516992552045545
0.20494332980964022,0.16411435657381682,0.630942313616543
0.22089298113219144,0.3498176326641333,0.4292893862036752
0.4729143059134974,0.28895675712174596,0.23812893696475665
0.38175115137556415,0.20449994955355305,0.4137488990708829
0.172381677436342,0.40972637266338324,0.41789194990027484
0.3123534425359529,0.3002976482767172,0.38734890918732995
0.3671680765199824,0.1913172322104628,0.4415146912695547
0.34209717829126207,0.2861551633252561,0.3717476583834819
0.5655060116253026,0.22153333957638577,0.2129606487983116
0.24078484205412606,0.2841716587071606,0.4750434992387133
0.41792570320504835,0.26812667699615866,0.313947619798793
0.2991994835843858,0.3070122709776887,0.3937882454379254
0.5392282875715496,0.24015453812814408,0.22061717430030625
0.13444606490320488,0.2563209470996984,0.6092329879970967
0.28356786814078133,0.44381161674963837,0.27262051510958035
0.21194602477458518,0.2441149310472987,0.5439390441781161
0.3202123916418069,0.31045248103761225,0.3693351273205808
0.10504952724837345,0.1417652878883552,0.7531851848632714
0.3164976174285163,0.27522826023772634,0.40827412233375737
0.2769695329332188,0.35080169538030287,0.3722287716864784
0.243426442327577,0.2776546125589341,0.47891894511348887
0.39413536265088356,0.27783656738085366,0.32802806996826267
0.3191533226418578,0.1860182309556462,0.49482844640249607
0.3886823448972584,0.3189829836397441,0.2923346714629975
0.3481272807569055,0.2426770804093082,0.40919563883378623
0.3509801844590827,0.31123077107237124,0.3377890444685461
0.35277866559716986,0.2504022198797604,0.3968191145230697
0.1636015472382923,0.20725220633896843,0.6291462464227392
0.2753634910781302,0.2101734086147604,0.5144631003071095
0.1463842657056413,0.2040416289512755,0.6495741053430831
0.28108462233544185,0.4070518768772632,0.311863500787295
0.21267412663785162,0.23379100472886719,0.5535348686332813
0.7402076969676266,0.1429022310696526,0.11689007196272083
0.5420272185632858,0.19225247104239185,0.26572031039432237
0.6897405231530486,0.1666632944687217,0.14359618237822966
0.12652463859157692,0.2176210839429637,0.6558542774654593
0.16038362635781778,0.5486659118123497,0.29095046182983253
0.21760701767662938,0.20342846457053196,0.5789645177528386
0.13123681127507297,0.3046254928296493,0.5641376958952777
0.2923341420384667,0.30726305017578276,0.40040280778575055
0.31926883598719674,0.44994643000187823,0.2307847340109251
0.16624087953513952,0.26762101201554095,0.5661381084493194
0.21045361632421822,0.15914358292981926,0.6304028007459626
0.29252428522995083,0.44985155986220077,0.25762415490784846
0.4950655436167771,0.2633783825472279,0.24155607383599503
0.5143014498034109,0.2838966836897976,0.2018018665067916
0.28477606379725473,0.31563592606252133,0.39958801014022405
0.3037036767868121,0.3618315760733834,0.3344647471398044
0.2858760282944631,0.3126269189632538,0.401497052742283
0.3747311547093522,0.33533581169837373,0.2899330335922741
0.1112802234420631,0.14234728775497718,0.7463724888029596
0.2699103924858592,0.3336016450344347,0.3964879624797061
0.43662813687116614,0.2639162754879071,0.29945558764092667
0.36666066894839355,0.2925374378613303,0.34080189319027615
0.32895341010382306,0.26593714886635034,0.4051094410298266
0.5799447818976748,0.21495239917967005,0.20510281892265506
0.2324714720284554,0.3324310957673854,0.4350974322041592
0.14201986301678246,0.273725407914567,0.5842547290686506
0.24031944017678236,0.21646481190498876,0.5432157479182289
0.2333247869322554,0.2585949700144961,0.5080802430532485
0.4287490815840295,0.14744772250728436,0.42380319590868615
0.14077408631724755,0.2013307103993912,0.6578952032833612
0.15685536568134376,0.19597804463433763,0.6471665896843186
0.5259249559875605,0.2744922482526828,0.19958279575975674
0.3973803767780144,0.2517059301881359,0.3509136930338497
0.44927891339484843,0.27308927911620545,0.27763180748894606
0.16948545883148164,0.13986260228576045,0.6906519388827579
0.13246693313658983,0.21707419568308478,0.6504588711803254
0.2990559883365737,0.22574420446204352,0.47519980720138283
0.132624617787791,0.5854483019826733,0.2819270802295357
0.17435847176726835,0.4281383276655825,0.3975032005671492
0.11197155287959325,0.3478052990017768,0.5402231481186299
0.4847311202594497,0.2728248803940122,0.242443999346538
0.3717707839225694,0.3079851804233974,0.32024403565403325
0.26977580467334183,0.2660007599008228,0.4642234354258354
0.3375574509015028,0.1915402309859082,0.470902318112589
0.7499908100984544,0.13831408284892535,0.11169510705262031
0.24017934952619724,0.41818293129174827,0.3416377191820546
0.2786843681988811,0.2649996405069471,0.4563159912941719
0.19668208705904697,0.48580087206797834,0.31751704087297467
0.19014787149576615,0.293566574074251,0.5162855544299828
0.20504866509339728,0.18784384611133662,0.6071074887952662
0.1541730140179692,0.20244203759606708,0.6433849483859637
0.23614285176510244,0.2368339036840669,0.5270232445508306
0.37543393241492484,0.3053925397513204,0.31917352783375486
0.3721836587215748,0.21956527600761763,0.4082510652708075
0.22095338671653625,0.2576059305972332,0.5214406826862306
0.49875364363835584,0.22447331796113607,0.276773038400508
0.2454471090748882,0.2703241303847675,0.48422876054034436
0.45956226084183144,0.22297567059146794,0.3174620685667007
0.16316845321936735,0.3999709512321444,0.4368605955484883
0.23188210875076135,0.23477794548186123,0.5333399457673774
0.24500636245190321,0.16349714732027576,0.591496490227821
0.26306068456894893,0.16583280629370623,0.5711065091373448
0.13945698400268206,0.1516785630923887,0.7088644529049293
0.2713900772694463,0.22554019427470717,0.5030697284558465
0.4301293403784445,0.31485670456318554,0.25501395505837005
0.06437530334809526,0.08150956541427457,0.8541151312376302
0.2992867049339832,0.20598034971116866,0.4947329453548482
0.13736860670602244,0.22000059630291438,0.6426307969910632
0.41358676303175096,0.25193284061690724,0.3344803963513418
0.34471903259829967,0.26719072424868723,0.388090243153013
0.32212265693100955,0.21739098351201475,0.4604863595569756
0.39581803255065334,0.2750049444832235,0.32917702296612306
0.3035930902270317,0.2284433954367105,0.46796351433625777
0.26021448439030614,0.3090149901326674,0.4307705254770264
0.5567162795160022,0.22704513697789952,0.2162385835060982
0.1919157239005654,0.2486448023348684,0.5594394737645662
0.37327346466267664,0.24485072676831102,0.38187580856901243
0.4603969839188156,0.229365403692609,0.3102376123885754
0.3440886301501476,0.4014167858779756,0.2544945839718768
0.25172645459179954,0.27472734322031633,0.4735462021878841
0.3181384526036603,0.2794516769553491,0.40240987044099064
0.19743597124069756,0.1973847154731541,0.6051793132861483
0.2228533068645129,0.32858090726181105,0.448565785873676
0.17669005045149475,0.33679197367397407,0.4865179758745312
0.32299292498315546,0.23609927392865157,0.44090780108819294
0.26518253387843305,0.2916917354751054,0.44312573064646155
0.4670608155361917,0.2321413032417404,0.30079788122206785
0.5108383800280705,0.2800959119826303,0.2090657079892992
0.17083605406763586,0.2621416641343266,0.5670222817980376
0.3238774595499332,0.28387227979968216,0.39225026065038465
0.3955464315783334,0.16647024535314803,0.43798332306851867
0.1628171138895862,0.39355530344310463,0.4436275826673093
0.2705105005085346,0.20158846083366636,0.5279010386577991
0.21400032204418784,0.35694064437615036,0.42905903357966174
0.2722472154733916,0.30980873545549553,0.41794404907111277
0.26236162189117757,0.15805700244203608,0.5795813756667864
0.2716118437359472,0.3310796042468111,0.39730855201724175
0.3847150346627516,0.2582866850460355,0.35699828029121283
0.18974227957775278,0.246904019357109,0.5633537010651382
0.3020324307069231,0.23723997309132164,0.46072759620175513
0.21600188771424134,0.2659039287728309,0.5180941835129278
0.4118726779443586,0.283690767511051,0.3044365545445904
0.4286643401292915,0.3021722851816313,0.2691633746890771
0.25560611668592204,0.29699024927574125,0.44740363403833666
0.39162667765318626,0.2809946560932039,0.32737866625360984
0.3072938562691808,0.21548747075991842,0.47721867297090076
0.20846602211675722,0.24424347278501785,0.547290505098225
0.44420855876439397,0.23920504352080327,0.3165863977148027
0.20644025270094632,0.1663637485880431,0.6271959987110106
0.3371280456354733,0.17167472021167626,0.4911972341528503
0.061110550821742445,0.14984512976651135,0.7890443194117462
0.1899696481237693,0.41560067201745376,0.39442967985877686
0.23151324363330889,0.4073389313769114,0.36114782498977976
0.17330105708412824,0.21209408884183736,0.6146048540740344
0.12952523175253103,0.2893896318314017,0.5810851364160673
0.4660057236750043,0.2984467665960168,0.23554750972897892
0.36599726265895893,0.25220137336188553,0.38180136397915554
0.21699451032954337,0.4082721970026627,0.37473329266779387
0.6357724242912203,0.23825813358789938,0.12596944212088027
0.12034097177791898,0.25064514877065935,0.6290138794514216
0.3043992336805154,0.4171037366947278,0.27849702962475664
0.15601433154311106,0.23854238569393021,0.6054432827629587
0.3678794390573248,0.31303499119277634,0.3190855697498989
0.6163632633925454,0.20585445876236425,0.17778227784509024
0.1798510989750284,0.2783571104487484,0.5417917905762232
0.5643190061418004,0.15499811622226695,0.2806828776359326
0.5014031880987742,0.2732948773755241,0.22530193452570174
0.27774770042616403,0.40630999113579774,0.3159423084380382
0.2486053943191959,0.28101386439901055,0.4703807412817934
0.14744649367353702,0.14521823173825416,0.7073352745882089
0.3254623808265342,0.26507617451661564,0.40946144465685014
0.3495014669752828,0.3587603497055349,0.29173818331918244
0.20464458003652825,0.2774340841933864,0.5179213357700854
0.3183576244478869,0.3480737281594655,0.3335686473926476
0.19557409316554877,0.4278438182109414,0.37658208862350995
0.33125020998628424,0.2292436331681015,0.4395061568456142
0.09397700600612849,0.1290824429808959,0.7769405510129757
0.2166129074755131,0.24704920307715028,0.5363378894473366
0.3142947437551184,0.3028144982212354,0.3828907580236463
0.08880522923651245,0.1133706790817708,0.7978240916817168
0.28217266099810473,0.27453796162663885,0.44328937737525653
0.27956057837732623,0.2575721287267146,0.46286729289595924
0.13052724122553147,0.22907185184092105,0.6404009069335475
0.4081593526072518,0.2224623670911603,0.3693782803015878
0.5278287209794958,0.2280057577129366,0.24416552130756758
0.19227773952794208,0.21462348783324947,0.5930987726388084
0.3308551253719942,0.32148624631365025,0.34765862831435546
0.2277326156614337,0.4600512292591817,0.3122161550793845
0.33593816430720064,0.25585818571087404,0.40820364998192527
0.3454438746699728,0.22233903335030228,0.4322170919797249
0.4621882251950734,0.21440196712982443,0.3234098076751022
0.35539100603931534,0.22002614572448123,0.42458284823620335
0.37756036692550093,0.252510764405624,0.36992886866887514
0.4905875133121299,0.25570527804242693,0.2537072086454432
0.3442382974498927,0.3163325063145464,0.339429196235561
0.22560310606732348,0.28089677298445004,0.4935001209482265
0.47704146915980933,0.3287223590596757,0.19423617178051483
0.6174386651531649,0.21420218192909968,0.16835915291773532
0.2228413333968617,0.1910062895219805,0.5861523770811577
0.2776324027252219,0.22270467184646386,0.4996629254283142
0.27497532919873185,0.22687450360109201,0.498150167200176
0.17816910625530705,0.3769552357207248,0.44487565802396806
0.15352891665976495,0.1152194007558509,0.7312516825843842
0.13606849793101594,0.17855823250754038,0.6853732695614436
0.29317025335737856,0.43480279079217143,0.27202695585045
0.286540951667026,0.34411523545723005,0.3693438128757439
0.3814950894033984,0.3171030900926691,0.30140182050393244
0.49893573653282397,0.24096863344450709,0.26009563002266894
0.26932513994157037,0.2748412362122727,0.45583362384615705
0.6027342737871996,0.24010584531190754,0.15715988090089292
0.11061002056554523,0.08602796847123223,0.8033620109632226
0.3349473451134968,0.16231205320304837,0.5027406016834549
0.217180327456662,0.12816115297636776,0.6546585195669702
0.18868965315556105,0.29202966176111417,0.5192806850833247
0.1743905051704123,0.2986175253839266,0.5269919694456611
0.2897646537804255,0.37495954746275406,0.3352757987568205
0.3550932098993392,0.3418924266207456,0.30301436347991517
0.09872248742640286,0.14063415065953,0.7606433619140671
0.047028942850854495,0.05847256491411352,0.8944984922350321
0.2928064356631758,0.38328376650848023,0.32390979782834406
0.23283425332640625,0.17840823809255307,0.5887575085810406
0.3103718599961565,0.2815029380965783,0.4081252019072653
0.42027647009010455,0.20921161244311515,0.3705119174667802
0.35001752480024506,0.3449857499901415,0.30499672520961346
0.247464821768763,0.29546200986480514,0.45707316836643186
0.21928153375893963,0.3288868430118664,0.4518316232291941
0.33450062660229385,0.1696189336999591,0.4958804396977471
0.33053057941955993,0.28773375319475575,0.3817356673856843
0.24109787286681125,0.44022212745470074,0.318679999678488
0.31577472145914487,0.32270250747773277,0.3615227710631223
0.18972805989886146,0.4105807315655215,0.39969120853561696
0.15998974424421886,0.14949717086843167,0.6905130848873495
0.38246467017119906,0.25868873121435987,0.358846598614441
0.1709128294439943,0.20858021949508548,0.6205069510609202
0.31712987634584544,0.20022337782070287,0.4826467458334518
0.611826671859912,0.18974752810427897,0.19842580003580912
0.3222816315428429,0.22676549099764512,0.4509528774595119
0.21874088679817902,0.17270674103489658,0.6085523721669244
0.5369254265660676,0.2395448386942938,0.2235297347396386
0.21146665131192777,0.3603138464742691,0.4282195022138031
0.5130579582529159,0.20185342675785525,0.2850886149892289
0.1261424098337609,0.1655657806456624,0.7082918095205767
0.2099221241075285,0.20865353714074567,0.5814243387517258
0.09373382980203715,0.11686620687038175,0.789399963327581
0.11299864395640008,0.1364245577768638,0.7505767982667362
0.18148425985942268,0.18158589615004406,0.6369298439905332
0.22650468048907052,0.19483306092460334,0.5786622585863261
0.4236817465421229,0.28829154515925964,0.28802670829861743
0.3960121353877236,0.3069183949606737,0.29706946965160264
0.4415003328149259,0.267835229707805,0.2906644374772692
0.47685055302714907,0.2580865788979444,0.26506286807490664
0.21287813392700924,0.2518766293439074,0.5352452367290833
0.10789701908973333,0.15769906479584778,0.7344039161144189
0.17177613849559376,0.2669282717434259,0.5612955897609804
0.325403358962885,0.25997955161419245,0.4146170894229226
0.19542547930380608,0.25669887195708857,0.5478756487391054
0.22928709506399655,0.4153960796694332,0.3553168252665702
0.6043929502217193,0.23634481552146558,0.15926223425681504
0.25918536608009635,0.21668834083836983,0.5241262930815339
0.17044066247146553,0.4196298344008767,0.4099295031276578
0.34010052847270905,0.25961176543074427,0.40028770609654674
0.2125894172334395,0.23578866592815143,0.5516219168384091
0.3968912139539025,0.30271767255133225,0.30039111349476527
0.23247257023407858,0.2830482325408504,0.484479197225071
0.4408143437345107,0.2394444724741724,0.31974118379131683
0.4611593388105228,0.3498130592014807,0.18902760198799645
0.177261711751761,0.1121300447868704,0.7106082434613685
0.18159761749989545,0.253610508740687,0.5647918737594175
0.4980636582141136,0.22302094297966,0.27891539880622646
0.08619866025178688,0.13547805112469416,0.778323288623519
0.10167501786694379,0.15546819184674837,0.7428567902863079
0.44772322042864793,0.27969864145127205,0.2725781381200801
0.35875451331604136,0.38014416530614353,0.26110132137781517
0.20501047616698187,0.2299900929935017,0.5649994308395164
0.09604642970185061,0.16895816566158295,0.7349954046365665
0.1431368314798967,0.2519494493663428,0.6049137191537605
0.2756040746872112,0.44074337550198034,0.2836525498108084
0.16355745861461318,0.20549235215581035,0.6309501892295765
0.4887753768976938,0.22498105483020714,0.28624356827209907
0.4578224803053711,0.3072730701869114,0.23490444950771736
0.2582005387646715,0.21136703716655278,0.5304324240687758
0.3681587369816504,0.27527019453812585,0.35657106848022374
0.4879092144685218,0.18744092302925497,0.32464986250222333
0.3063106846713983,0.2572147574576488,0.4364745578709529
0.3091151845649027,0.34047207215916075,0.3504127432759366
0.28921429606321275,0.27999835708824394,0.43078734684854336
0.31328500827061345,0.2831639126379392,0.40355107909144733
0.29700938426729734,0.3320841491300083,0.37090646660269444
0.33665140251253856,0.2944194370206271,0.3689291604668342
0.40892810791884837,0.2740406384999437,0.3170312535812079
0.18983664498850714,0.22713859937054007,0.5830247556409529
0.26589889115671805,0.3582927634636125,0.3758083453796694
0.3371999763030458,0.21723887176002377,0.4455611519369304
0.47400750418430737,0.2971527071768582,0.2288397886388344
0.23371016558434882,0.19932966283575115,0.5669601715799001
0.294420017223811,0.2927490871615207,0.4128308956146683
0.1853836397762341,0.2519252431272974,0.5626911170964685
0.4315783963617199,0.3368235316670032,0.23159807197127696
0.10583718890460667,0.14235775906548395,0.7518050520299094
0.15020119045975405,0.14224472826905363,0.7075540812711922
0.23772076979723122,0.1611937608165214,0.6010854693862474
0.23894892044431645,0.2664603350793991,0.49459074447628437
0.30173206382514217,0.31925100388104277,0.3790169322938151
0.2838867239210444,0.280803906800352,0.43530936927860353
0.329171482117586,0.25821423834768364,0.41261427953473045
0.2239924161411034,0.24215041877233306,0.5338571650865636
0.2102985141153894,0.244848682735625,0.5448528031489857
0.2511256451894823,0.3027690033323014,0.4461053514782162
0.20654914044020875,0.32497753790231093,0.4684733216574804
0.3133869991694822,0.21566118841609624,0.47095181241442147
0.1114386092463173,0.39661803098714565,0.49194335976653714
0.11481572850945405,0.15766290044137618,0.7275213710491698
0.317114662281692,0.2825725940690187,0.4003127436492892
0.23701466980943867,0.2842460856620855,0.4787392445284758
0.17026480125671842,0.34474199778854175,0.48499320095473997
0.31126424181404433,0.2243410264104923,0.46439473177546337
0.23339493191853866,0.1789789081350702,0.5876261599463911
0.3820456819949206,0.14956303851723324,0.46839127948784615
0.4006802707892289,0.23168421418719423,0.3676355150235768
0.2245824405090077,0.309200706100725,0.46621685339026736
0.4671702751349112,0.3038482367283657,0.22898148813672314
0.2992516418941868,0.2916442340951733,0.40910412401063995
0.1729937018168527,0.20421382197981428,0.622792476203333
0.14818918992092686,0.4016044100774161,0.4502064000016572
0.48400700150569725,0.19640018650724894,0.3195928119870537
0.15309418616167925,0.15466948168952563,0.6922363321487951
0.2434032690052843,0.182484669881027,0.5741120611136887
0.25744974695486744,0.31296227890923556,0.42958797413589705
0.20314548384935935,0.3957067602355517,0.40114775591508905
0.41297776449864876,0.18882250412852986,0.39819973137282133
0.336617702628568,0.21721533801974569,0.44616695935168627
0.3436161318898004,0.280290733552174,0.3760931345580257
0.32512840253942965,0.16505710219932795,0.5098144952612423
0.39403006587092687,0.2768745887243081,0.3290953454047651
0.3767368934305686,0.183362866401512,0.4399002401679194
0.10752275468036251,0.4161740553832104,0.476303189936427
0.3114895632073782,0.24852744277624184,0.43998299401637997
0.254349938471554,0.24873391070611028,0.4969161508223357
0.4703949387455421,0.2792186305313378,0.25038643072311995
0.5003017001692646,0.2290331128057321,0.27066518702500336
0.6271731112387797,0.22116663190560384,0.15166025685561635
0.3748320723858347,0.30756568022314784,0.31760224739101744
0.19316175233565785,0.31190858719652087,0.4949296604678213
0.21363321612105005,0.457304062526061,0.3290627213528891
0.35208201847849,0.23802502276541102,0.4098929587560989
0.5376538585682507,0.2773760488480401,0.18497009258370914
0.19419250384178446,0.3058307319057884,0.4999767642524272
0.24705740651750738,0.22527927765692643,0.5276633158255662
0.3524426457401055,0.2126399678702617,0.43491738638963284
0.3536997303361098,0.36878762010822225,0.27751264955566785
0.2764848386740351,0.2035512603825052,0.5199639009434597
0.34764540279232936,0.22806796779327568,0.4242866294143951
0.1578316439875962,0.35187516864243745,0.49029318736996624
0.29231104442431655,0.25154838836846716,0.4561405672072163
0.36922431344463064,0.2538935676961149,0.3768821188592544
0.4922288775235228,0.27851683264047766,0.22925428983599955
0.07948454929625694,0.1280872295225185,0.7924282211812246
0.19505796935680705,0.32155982861337334,0.48338220202981963
0.26535982916677,0.2596682455276302,0.47497192530559984
0.4702305915248586,0.2418853417200463,0.28788406675509515
0.2847217034031172,0.19859737050250909,0.5166809260943737
0.15430280032570046,0.22023710171052274,0.6254600979637769
0.2760426506915833,0.3567858431539975,0.3671715061544192
0.3040561871101959,0.3568241171651453,0.3391196957246589
0.42429109756376737,0.24606178121960096,0.32964712121663153
0.2275134002712141,0.2377340979159239,0.534752501812862
0.35710405135071366,0.3058360785397369,0.3370598701095495
0.33188502957012805,0.3485987382637744,0.31951623216609754
0.267986520072498,0.24553718777175537,0.4864762921557466
0.32119073162277306,0.16843013970184395,0.510379128675383
0.16637209502174571,0.24449661580315307,0.5891312891751012
0.12385734673978954,0.17811106855952502,0.6980315847006854
0.17827450005898812,0.21649387395012645,0.6052316259908854
0.49717113161092163,0.2619182356898427,0.2409106326992357
0.28915738308885847,0.2621212665616153,0.4487213503495262
0.277901557400941,0.22630954354439278,0.4957888990546663
0.5725422080578728,0.15524363266274496,0.2722141592793822
0.272625914522939,0.2238545220099674,0.5035195634670936
0.22743315995923918,0.33506389281701815,0.43750294722374267
0.14981254524153814,0.33386604328601366,0.5163214114724483
0.18143308855188445,0.20259986285447956,0.615967048593636
0.17000972724450614,0.29754670947408746,0.5324435632814065
0.20717763194712455,0.2760301250754427,0.5167922429774326
0.3122326324311365,0.3562709456763924,0.33149642189247097
0.13952208330314678,0.17402852367924695,0.6864493930176062
0.21292401314915738,0.35616598786474296,0.43090999898609955
0.18659993664538532,0.291189711023845,0.5222103523307697
0.2947653332014022,0.37607874812396247,0.32915591867463534
0.32745906068461067,0.3066645187068756,0.3658764206085138
0.19659567706435332,0.1867160336422717,0.6166882892933749
0.36473558902884223,0.34199729649859145,0.2932671144725663
0.2681845367631693,0.37096806226498974,0.360847400971841
0.2485907323354932,0.3149328710084119,0.43647639665609483
0.16285593135372559,0.20928528533062016,0.6278587833156543
0.3231126990764581,0.17359547439619485,0.5032918265273469
0.5191536101922112,0.21251737707315613,0.2683290127346327
0.2601126170090247,0.2608510654593845,0.47903631753159065
0.43215578762888346,0.42739888780985574,0.14044532456126074
0.2532792792720494,0.3454716890565727,0.4012490316713779
0.40485012339686255,0.23780152515312863,0.35734835145000876
0.2160659847165852,0.28706768898604507,0.49686632629736965
0.5093244409597127,0.24657002755566151,0.2441055314846257
0.4241844236536385,0.2188513028435477,0.35696427350281373
0.35105179984478607,0.20069716488632705,0.4482510352688868
0.11731771694882433,0.4270033616776827,0.455678921373493
0.12250230705758597,0.25472732647992075,0.6227703664624933
0.20856901826856317,0.2584022814943512,0.5330287002370856
0.35844557487410417,0.2778832776363836,0.3636711474895123
0.24993922921326292,0.456049601890428,0.294011168896309
0.3269398941903966,0.33339864773811784,0.33966145807148546
0.3405471279861096,0.3658584535412683,0.2935944184726221
0.4257015007503827,0.23985998615720341,0.33443851309241385
0.28306940574044753,0.25805148925056565,0.45887910500898677
0.14485416146066218,0.4145856026208003,0.4405602359185374
0.18119219311870233,0.19252990035632517,0.6262779065249725
0.27501879637695476,0.34492822087169633,0.3800529827513488
0.3480322921407059,0.3726769441311775,0.2792907637281165
0.30401403983586156,0.20376481545053318,0.4922211447136053
0.1842971005781801,0.2602319067587282,0.5554709926630916
0.29308357248914557,0.20981772551827682,0.49709870199257766
0.5353469821891025,0.32836300713130706,0.13629001067959048
0.39357407304888564,0.24264352607812326,0.3637824008729911
0.4006283903263333,0.2534617594986929,0.3459098501749739
0.15669235283272626,0.5001496770572857,0.343157970109988
0.5574074163455531,0.21947707124329913,0.22311551241114788
0.3896648723954985,0.2478973950319434,0.3624377325725581
0.37723712584889996,0.3453229989288678,0.27743987522223224
0.35646775963059035,0.21686866798555504,0.42666357238385455
0.18665490307923405,0.19011932940731202,0.6232257675134539
0.07230509984662334,0.11259180719466824,0.8151030929587083
0.26382839618856596,0.22770437969115234,0.5084672241202817
0.15789797946985973,0.18692909749660372,0.6551729230335366
0.386650546875518,0.23966801571209523,0.3736814374123868
0.1498748910526002,0.20205008940311425,0.6480750195442856
0.34415321666849885,0.18958748835942946,0.46625929497207164
0.29839405275220177,0.3739397457758969,0.32766620147190134
0.2705655616389992,0.17663975388253816,0.5527946844784626
0.18967893912991862,0.35736815996393406,0.4529529009061473
0.1467251093359602,0.18800385948374398,0.6652710311802957
0.2712945184941708,0.24089684474553152,0.4878086367602976
0.5775357918373997,0.14639129973725482,0.27607290842534554
0.2009171862867373,0.3040446245228015,0.4950381891904612
0.20211357974285654,0.19263038779867478,0.6052560324584687
0.3240438433891017,0.2758819487519179,0.40007420785898046
0.14190284574746598,0.1802165860378001,0.677880568214734
0.1425310320162715,0.2829136403922835,0.574555327591445
0.1472082165079616,0.2291536730659672,0.6236381104260711
0.2615952053633623,0.24510954727839313,0.4932952473582446
0.27893932649984443,0.4341465305395615,0.2869141429605941
0.13105441283472047,0.2587801099459834,0.6101654772192961
0.4291339156520469,0.31883397571971006,0.2520321086282431
0.3653176983089712,0.20226542666147887,0.43241687502954995
0.21448343391673316,0.34822121554518237,0.4372953505380845
0.4056423129390731,0.28377038064123083,0.310587306419696
0.15912835822983767,0.22592325403385816,0.6149483877363041
0.3554471745372435,0.2536930969035531,0.3908597285592034
0.17483003126187546,0.19549217643275604,0.6296777923053686
0.460491858185828,0.24035695428296958,0.29915118753120257
0.4014589706982191,0.22156508152992707,0.3769759477718538
0.1214213348181976,0.13500431918156042,0.7435743460002421
0.443865720242941,0.2584224623420272,0.29771181741503167
0.27481161771797663,0.3139325326970841,0.4112558495849392
0.4431547799923578,0.22640566918327593,0.3304395508243664
0.2547252885753628,0.3677526881836884,0.3775220232409488
0.37710757933717703,0.26198727689718865,0.3609051437656344
0.16982061751005617,0.2935454194201559,0.536633963069788
0.38060534076111263,0.34619153858887647,0.27320312065001096
0.12438356660115593,0.17614370511790559,0.6994727282809384
0.2847025869275684,0.2642798029797724,0.45101761009265917
0.20929911746383892,0.29410204056079836,0.4965988419753628
0.28813954473730324,0.26473469853963466,0.44712575672306204
0.36032662367530444,0.28925018410671494,0.35042319221798046
0.39814160387110625,0.15999906181137186,0.44185933431752183
0.30536892273517285,0.20794476961797778,0.48668630764684934
0.31873658501755786,0.2570010810227851,0.42426233395965696
0.14014995135907832,0.29978379331885197,0.5600662553220697
0.2560400584407572,0.24402396478022048,0.49993597677902224
0.29253803674028905,0.2614671387206924,0.4459948245390185
0.22750505514420818,0.2419215564593149,0.5305733883964769
0.4162542880704049,0.23191927977472865,0.3518264321548664
0.2288001791467105,0.20375601194793672,0.5674438089053527
0.338221271141084,0.16290280266779544,0.4988759261911206
0.4385906326221743,0.19707268657809945,0.36433668079972625
0.28249195850421593,0.303384438323058,0.414123603172726
0.14047422384215208,0.23065360528039022,0.6288721708774577
0.1367003950317609,0.18272758054565155,0.6805720244225875
0.11785208564003054,0.4010312696332433,0.4811166447267261
0.2079386292915314,0.31804107277419785,0.47402029793427075
0.19539960936600342,0.20936719777443583,0.5952331928595608
0.4962082332949066,0.2943904478652484,0.209401318839845
0.18761591719452492,0.21714811618693836,0.5952359666185367
0.5138184388120031,0.19046557705845957,0.2957159841295374
0.289890658110166,0.31239546269415963,0.39771387919567436
0.4128997889727477,0.3323138166022744,0.2547863944249779
0.14675320578400883,0.4120016008797122,0.44124519333627893
0.4992439019628396,0.2835705888452159,0.21718550919194451
0.3015034248165094,0.25196082945417336,0.4465357457293172
0.14382870951688395,0.21810617322297338,0.6380651172601427
0.0777226463553743,0.1283925665666067,0.793884787078019
0.46964617270755654,0.2678245924311032,0.26252923486134033
0.2604341213155414,0.2897773468600379,0.44978853182442075
0.05938391697398089,0.12627470622215925,0.8143413768038598
0.30267096051969977,0.28468093531466204,0.4126481041656382
0.2179933399375574,0.22736603473436812,0.5546406253280746
0.15400761460004464,0.17838911896047305,0.6676032664394824
0.46870574203262455,0.25656234416968127,0.27473191379769407
0.6393001531157416,0.15530475610260597,0.20539509078165233
0.4803446365614489,0.2547948005312603,0.26486056290729093
0.4549044433830953,0.20181000018722037,0.34328555642968434
0.07470064657516987,0.18078375597702717,0.7445155974478029
0.2825988074234308,0.2891729511344472,0.428228241442122
0.15337870303836168,0.44934683594795044,0.39727446101368796
0.3383619701330113,0.19636537630792703,0.46527265355906167
0.36170923129328103,0.24201605788051103,0.3962747108262079
0.06209429440714041,0.136478769909089,0.8014269356837707
0.27924407492449743,0.40696727374346353,0.3137886513320391
0.15815725024760538,0.21541243274395044,0.6264303170084442
0.29472964595780604,0.22418923789235615,0.48108111614983773
0.13571786256815316,0.13470360292754555,0.7295785345043012
0.3263305998768143,0.2991781667087324,0.3744912334144534
0.20596377590910525,0.1505815637833446,0.6434546603075502
0.4268313063699784,0.2660034491415011,0.3071652444885205
0.3818614709605763,0.36913228481533333,0.2490062442240903
0.19360698482878144,0.4575399558849304,0.348853059286288
0.1745142357959057,0.3348144220998818,0.49067134210421265
0.4030359126252019,0.31026177027438073,0.28670231710041744
0.24774769627023,0.29691328462238964,0.4553390191073804
0.19559894371891048,0.37342805359310133,0.43097300268798816
0.3450762295285806,0.2101716377197518,0.44475213275166764
0.42198552938057177,0.225777809295713,0.3522366613237153
0.5470526922836596,0.23117667528001923,0.22177063243632114
0.35298666147020735,0.26593404256845016,0.38107929596134243
0.45512960108040945,0.31646782578106203,0.2284025731385285
0.22186627124570438,0.22074457380228296,0.5573891549520127
0.30697983348250457,0.2528163178267661,0.44020384869072937
0.2852814931890413,0.3048674532857813,0.40985105352517737
0.3058725894447032,0.21086556274934437,0.48326184780595244
0.24446526667090876,0.20930255709995807,0.5462321762291331
0.38652944155504587,0.22881632857254625,0.3846542298724079
0.25667657521448856,0.2754572471883467,0.46786617759716465
0.4433102898361192,0.2097129805137863,0.34697672965009446
0.5107448129510133,0.26000661505652173,0.2292485719924649
0.39722368424315163,0.2022748115420868,0.40050150421476155
0.4997267558391019,0.2121459862497225,0.2881272579111756
0.15596397230629117,0.24839312178695774,0.5956429059067511
0.13169182217697487,0.10974340051625747,0.7585647773067675
0.39120990181325915,0.25991568851945285,0.34887440966728794
0.3410361656932413,0.2643991009993118,0.394564733307447
0.17724965075846924,0.3137265627623057,0.509023786479225
0.6989401316338677,0.14455141596277674,0.1565084524033555
0.14356035909067277,0.2661281835800082,0.590311457329319
0.5641980703790627,0.23560394138332977,0.20019798823760748
0.2872537085207666,0.4680144228312757,0.24473186864795773
0.1752152515213372,0.4573273963795167,0.3674573520991461
0.36921420848252184,0.1403624499870611,0.490423341530417
0.27588177877490727,0.2617363028528771,0.4623819183722156
0.185124989646962,0.40747909105167546,0.40739591930136254
0.2827885344454486,0.3267049307758535,0.390506534778698
0.2056143684385004,0.2368331383422193,0.5575524932192804
0.28513701123953866,0.35647890745086225,0.35838408130959903
0.21964614634171442,0.26507550318819006,0.5152783504700955
0.36617582117234504,0.3324801813393743,0.3013439974882806
0.26123100348452105,0.4088171451726323,0.32995185134284677
0.3322144762309536,0.27322831645525447,0.394557207313792
0.19170789884842315,0.3216354056148875,0.48665669553668944
0.4896970344938063,0.2607432948091354,0.2495596706970583
0.502449592552611,0.306656014804849,0.19089439264253985
0.1405319503784062,0.3601698769968246,0.4992981726247692
0.11847769669313045,0.3926098708346793,0.48891243247219024
0.14842821227228228,0.24572589527564895,0.6058458924520688
0.2844339109203016,0.3893850004984409,0.32618108858125755
0.16651518365340048,0.4160973270014294,0.41738748934517017
0.17904062822306008,0.5789249334787769,0.24203443829816293
0.5555078710189483,0.22428928805210072,0.220202840928951
0.20053856074236664,0.28546240730445,0.5139990319531834
0.20122844150282454,0.4361494239752267,0.36262213452194875
0.4603768548970223,0.2488937645736773,0.2907293805293005
0.16157694859123364,0.2585074660906988,0.5799155853180675
0.2963049895633589,0.20712068923319785,0.49657432120344325
0.3594392248425014,0.33894899272124573,0.301611782436253
0.20344038307341408,0.2784013748736992,0.5181582420528867
0.23797622459440246,0.20455202785562207,0.5574717475499754
0.2781074145925554,0.39047080055934874,0.33142178484809587
0.27655246981354925,0.2743971544570401,0.4490503757294107
0.17257177831179712,0.28798778542949854,0.5394404362587043
0.24984706261250975,0.20533583873501413,0.5448170986524761
0.11177293227037126,0.24018161016599993,0.6480454575636287
0.1898863812636228,0.2987986763867925,0.5113149423495846
0.2053237255270963,0.35748340128743417,0.4371928731854696
0.5503987457319763,0.25427701164653144,0.19532424262149226
0.30432249278934703,0.25957442423956434,0.43610308297108863
0.39961472783245583,0.21551259955243807,0.38487267261510605
0.4045545383387927,0.23518579082294178,0.36025967083826554
0.30824701244242003,0.33000271121557523,0.36175027634200474
0.3281750585507408,0.3164448835135873,0.3553800579356719
0.33861302407703403,0.20241636699042545,0.4589706089325406
0.17660679739450938,0.2832809827772111,0.5401122198282795
0.1558380945936088,0.23140966767013557,0.6127522377362555
0.17931917644335735,0.22290374606404179,0.5977770774926009
0.2650443443422423,0.22563329482810582,0.5093223608296519
0.2380669899007852,0.3760770347444334,0.38585597535478144
0.22893042675636976,0.23899038444754317,0.5320791887960871
0.36721113560417445,0.2440104997885144,0.38877836460731113
0.20120128366682502,0.32224049242620356,0.47655822390697145
0.18686823109523767,0.2356469033447907,0.5774848655599717
0.21469142589552698,0.256755412744443,0.5285531613600299
0.19805648858174457,0.3339474363831581,0.4679960750350974
0.19657556209159668,0.20140609310096222,0.6020183448074411
0.13773271317834726,0.3807371211548975,0.4815301656667552
0.18009804361459017,0.20342895006764547,0.6164730063177644
0.35537183299916875,0.2994562862722598,0.34517188072857147
0.21229422367637701,0.17128435227792474,0.6164214240456982
0.22135073769814356,0.18910211419570272,0.5895471481061537
0.18301293848593977,0.23240865174721986,0.5845784097668404
0.22367486233733244,0.41722779016097516,0.35909734750169237
0.19438440964022782,0.22769186547286627,0.5779237248869059
0.11539560621060847,0.2065259654557034,0.678078428333688
0.5556972601598714,0.23629643769333425,0.20800630214679425
0.22412192671413872,0.26879970600779907,0.5070783672780622
0.3177494958228297,0.17379874684709087,0.5084517573300794
0.3129851450659908,0.3639335816111212,0.32308127332288805
0.09583024715974581,0.22418997901938909,0.6799797738208652
0.40257821666449267,0.23745593452194172,0.35996584881356564
0.2651332054167869,0.41336086631965685,0.3215059282635563
0.3099539545539208,0.27979255551999316,0.41025348992608607
0.3158420556556033,0.1926548563077526,0.49150308803664416
0.41238302406528493,0.16705334311142386,0.4205636328232911
0.2903150070862979,0.3240380775870052,0.3856469153266968
0.46021955231319495,0.2828543361427348,0.25692611154407036
0.19677441082403688,0.4020202752128457,0.4012053139631173
0.2581724526575198,0.24476011212782925,0.4970674352146511
0.20359598919676722,0.16012499833212834,0.6362790124711045
0.32183738889626284,0.2771820127908356,0.4009805983129015
0.14793320764937803,0.19697906331290674,0.6550877290377153
0.33889574244590404,0.24546620910430691,0.41563804844978913
0.2808634602409197,0.2918794284196535,0.42725711133942684
0.08184344302288862,0.12935606958664203,0.7888004873904693
0.05480833107962838,0.11428702769691823,0.8309046412234534
0.2276378426520325,0.4242383822562724,0.34812377509169506
0.34574922158548227,0.2429448694447348,0.41130590896978286
0.5972786474890577,0.17167650837468731,0.23104484413625506
0.37676461683815377,0.1991451902514636,0.42409019291038275
0.13397904934820945,0.17803564467063568,0.6879853059811548
0.12770854654040031,0.3712883180336228,0.5010031354259769
0.2276856473181462,0.18944347232176295,0.5828708803600908
0.42433387916048254,0.3303409992663517,0.2453251215731658
0.20464217714955826,0.3615402608204884,0.43381756202995336
0.3236647865366159,0.4061722769926925,0.2701629364706917
0.29590684491616276,0.21383075778210514,0.49026239730173204
0.37888503288589537,0.27075126916493925,0.3503636979491653
0.28825853947518665,0.24454692380112175,0.4671945367236915
0.2447534057623401,0.32841021914156115,0.42683637509609873
0.18913649250692122,0.2365501591709231,0.5743133483221557
0.30004098320531236,0.41734634040774754,0.28261267638694004
0.177118826510165,0.2426794040006209,0.5802017694892141
0.5562785373907913,0.32443304598886413,0.11928841662034459
0.17268026210711307,0.21313742560861423,0.6141823122842728
0.14184014103664538,0.23314324476237844,0.6250166142009762
0.15277970957018627,0.1637978811098911,0.6834224093199225
0.4497002766276965,0.3151325268247282,0.23516719654757529
0.10966341357148282,0.18387249961680008,0.706464086811717
0.16726084089546883,0.22147753957802974,0.6112616195265014
0.3238159541242699,0.30258669158088264,0.3735973542948474
0.28885866636544977,0.2476487554699136,0.4634925781646367
0.13290002842774626,0.1657353096367799,0.7013646619354738
0.21381674659862532,0.19593942873677592,0.5902438246645987
0.2842247406261848,0.36362417636681266,0.3521510830070026
0.21744829965768456,0.18917398522629766,0.5933777151160178
0.30600372932779474,0.20319233821566252,0.4908039324565426
0.4315915781633855,0.30934951146899425,0.2590589103676203
0.3889188476423114,0.24126922741594778,0.36981192494174076
0.30659954259778605,0.2534520570273539,0.4399484003748601
0.3012000727636801,0.3182545992432641,0.3805453279930558
0.25575548661292885,0.3499985407728566,0.39424597261421457
0.2584985165672729,0.23957167402411775,0.5019298094086094
0.2417933276506457,0.15456084903174702,0.6036458233176073
0.4282437581473792,0.19918212152901302,0.37257412032360776
0.28781512435300155,0.36309999943278637,0.3490848762142121
0.16403188513070602,0.2594719620141813,0.5764961528551127
0.24912349093936656,0.3273485185337529,0.42352799052688056
0.535202596821808,0.24755473688321275,0.21724266629497924
0.29222238454502564,0.21425814008757413,0.4935194753674002
0.33535852861336635,0.30262248137025083,0.36201899001638277
0.0668470194971978,0.18678259948702264,0.7463703810157796
0.11428191809652047,0.1938324257291241,0.6918856561743554
0.19684735563231634,0.26610090997120156,0.537051734396482
0.35134191739911785,0.23883986117699352,0.4098182214238886
0.11454829726541842,0.43558827156284446,0.4498634311717372
0.4791101292257245,0.22156504267645022,0.2993248280978253
0.5357550786086379,0.2918221395827762,0.17242278180858592
0.3151717258013982,0.3519143428686696,0.33291393132993213
0.3884069741336805,0.2303640524917222,0.3812289733745972
0.3996585343628698,0.30206536510075577,0.29827610053637443
0.22649541644408022,0.1878094866879262,0.5856950968679935
0.12934704610334558,0.12700451304646837,0.743648440850186
0.4522421847529566,0.28507235853272117,0.26268545671432236
0.25220111600169426,0.3269880291657063,0.42081085483259945
0.10986318613906158,0.17917138082807146,0.710965433032867
0.15317462505457113,0.2713992154953734,0.5754261594500555
0.27292666533442894,0.35691399381578587,0.3701593408497852
0.18581883537354857,0.36407009450053585,0.45011107012591556
0.16757174595612429,0.17977574249746348,0.6526525115464121
0.19585042511546863,0.2808367438496616,0.5233128310348698
0.426701913392524,0.28628679205161156,0.2870112945558643
0.13647535306157021,0.18029033327108934,0.6832343136673404
0.3293952150084082,0.258959267651534,0.41164551734005783
0.23117117576496357,0.24331265217813147,0.5255161720569049
0.31829162073116274,0.21484089233931325,0.46686748692952396
0.3294831649119105,0.20548431070911785,0.46503252437897163
0.30742247662642197,0.28123850204367884,0.41133902132989925
0.30028749078850614,0.3077168690914762,0.3919956401200176
0.14364758386680496,0.41856707630505363,0.43778533982814144
0.3186284973783725,0.364558855338015,0.3168126472836124
0.5415716841281035,0.24598523223494564,0.21244308363695083
0.3557667015165642,0.21266598571644826,0.43156731276698757
0.3589955962832776,0.2554359864737893,0.38556841724293306
0.2565166166762617,0.3145464398211826,0.4289369435025557
0.3185089557730871,0.23876076690223566,0.4427302773246773
0.2725568414631199,0.23758484295512428,0.48985831558175574
0.28845245185112406,0.47921490582870907,0.23233264232016668
0.3405282601588525,0.20082214444881008,0.45864959539233746
0.2976057701773638,0.19031139753361126,0.512082832289025
0.3454562027752723,0.34105129310910176,0.31349250411562596
0.26305197901085386,0.29308658519704256,0.4438614357921035
0.23403001721677835,0.18068258692063122,0.5852873958625905
0.05681559673190625,0.11369311287437839,0.8294912903937153
0.27106779699326716,0.3851460004967475,0.34378620250998543
0.23505701166758738,0.40851576756664826,0.3564272207657643
0.18814589243477722,0.3435600023895368,0.46829410517568604
0.16392410129686844,0.26180580552159755,0.574270093181534
0.14916454337269905,0.2912121673062958,0.5596232893210051
0.2644445326213247,0.2324905335045192,0.5030649338741561
0.551049545783672,0.2273006010012681,0.22164985321505992
0.2733304653887899,0.25059200746823235,0.47607752714297785
0.3011966032864498,0.33695643599029446,0.36184696072325573
0.15310218795854202,0.21624515829413413,0.6306526537473239
0.2425193461858845,0.25425679995915573,0.5032238538549597
0.3332069200577096,0.17360476601896563,0.49318831392332474
0.3381200818380682,0.1638553164722268,0.49802460168970497
0.13122720962462311,0.11811354776057392,0.7506592426148029
0.25980317413041537,0.36394556144781215,0.3762512644217724
0.4805830750430116,0.240425429052804,0.2789914959041843
0.2783930664775446,0.2411557329256779,0.48045120059677743
0.3436728577859483,0.2661382644129872,0.3901888778010644
0.3619003331788411,0.2529723728053837,0.38512729401577517
0.38870378995583676,0.3928977784692441,0.21839843157491912
0.4545225249910982,0.23023742413298837,0.3152400508759134
0.13763714375329988,0.22417062995815035,0.6381922262885498
0.26538677765023133,0.2657790814440868,0.4688341409056819
0.2898379335201597,0.3551612721573635,0.35500079432247694
0.11792148036926206,0.0907144712715124,0.7913640483592255
0.21074632132683369,0.22810168569569805,0.5611519929774682
0.27118003629222104,0.37160916640698016,0.3572107973007987
0.2541827543445184,0.3409697236818949,0.4048475219735867
0.34498145309046335,0.3304970247388932,0.3245215221706434
0.3874050102751451,0.3730394892102647,0.23955550051459026
0.14103243016560932,0.2379981412433643,0.6209694285910263
0.31140136606919505,0.2812770543790506,0.40732157955175424
0.20284795528200525,0.24171459362271236,0.5554374510952824
0.4120307082497958,0.22800282432128308,0.359966467428921
0.4245410683859776,0.25946821728299263,0.31599071433102977
0.2969994231573163,0.3007250725963062,0.4022755042463774
0.21672261047600933,0.23987092744549393,0.5434064620784966
0.11885920949471376,0.17333291748812293,0.7078078730171633
0.2322207461782032,0.34912076806789655,0.4186584857539002
0.1627834956245898,0.1597834732946234,0.6774330310807868
0.18666165195958148,0.248998357534511,0.5643399905059076
0.15030396607730315,0.34569424665014803,0.5040017872725487
0.35507759048674636,0.3108424276140107,0.33407998189924293
0.22561640003690378,0.18793232350555225,0.5864512764575439
0.2832449320164825,0.2518156437152713,0.46493942426824614
0.42660007344837664,0.3292900722426235,0.24410985430899992
0.27648314108798877,0.22192869643636956,0.5015881624756416
0.35761558936688115,0.3939407057642005,0.2484437048689183
0.4095678553085353,0.21956600266304754,0.3708661420284172
0.23094269201179898,0.2790852322306057,0.4899720757575954
0.39501195758965607,0.2876110877444573,0.3173769546658866
0.5369809492354392,0.2645180413273715,0.19850100943718926
0.28653225563626566,0.2581425044231632,0.45532523994057117
0.25568655415931735,0.164132283749654,0.5801811620910287
0.09457066773589326,0.26244224072607586,0.6429870915380309
0.3335640872091544,0.3335993268177155,0.3328365859731301
0.351126235690388,0.18580542320038607,0.46306834110922596
0.20806456894780626,0.2681083650837772,0.5238270659684167
0.2606409537440383,0.28699920607165136,0.45235984018431036
0.06958695224005532,0.18125933998512184,0.7491537077748228
0.0998660926991877,0.1738589783836596,0.7262749289171526
0.3594294923107349,0.1833255185542208,0.4572449891350442
0.35056876571252604,0.22351748817361775,0.4259137461138562
0.18704750076011042,0.28288809490375155,0.530064404336138
0.5855723616369253,0.19159963153319606,0.22282800682987866
0.19977950245193266,0.571491975616959,0.22872852193110835
0.5497949093741118,0.1593249124940292,0.2908801781318591
0.1882319363253574,0.27125865248101844,0.5405094111936242
0.07451663636911322,0.12446882161963271,0.8010145420112541
0.5711384924817631,0.19162968815327047,0.2372318193649665
0.2680302601098087,0.3550514819302729,0.37691825795991835
0.24204823328654546,0.13656059670587428,0.6213911700075803
0.1499297607145527,0.2415660945520742,0.608504144733373
0.3442663554749095,0.3426587275143653,0.31307491701072526
0.1942605113114236,0.4360927621934863,0.36964672649508995
0.11858219313508014,0.3950513286529185,0.4863664782120015
0.1000638004144168,0.2379986774169171,0.6619375221686661
0.2939272829098259,0.20535892253906957,0.5007137945511045
0.3040032002906815,0.29562744706165667,0.4003693526476619
0.10820639740092254,0.179105178046611,0.7126884245524665
0.11571293914562496,0.1856477208623338,0.6986393399920412
0.1549686684289265,0.34816161381900324,0.49686971775207023
0.2918191651186358,0.32072696107020054,0.38745387381116375
0.08989562923116921,0.2513619634589023,0.6587424073099285
0.39589667998599537,0.3234015205023311,0.2807017995116736
0.14140391745640157,0.16282609269591908,0.6957699898476793
0.14914443081424858,0.22753848087341416,0.6233170883123372
0.3718971118962681,0.30967509045848357,0.31842779764524826
0.33498241507008136,0.1308302785747836,0.5341873063551351
0.27918049505100007,0.28292538650918436,0.43789411843981546
0.17530442745297128,0.3333792075730452,0.49131636497398357
0.23303304759931912,0.36125164709170515,0.40571530530897565
0.5164761380750889,0.2484688284438438,0.2350550334810674
0.28660537601974234,0.3703671981483482,0.3430274258319094
0.1305303206616055,0.2513957262402691,0.6180739530981253
0.29926555281202144,0.2601760777929196,0.44055836939505894
0.28186695943347406,0.2839168076319221,0.4342162329346038
0.08383804494507113,0.16507630937789275,0.7510856456770362
0.24813876549799854,0.30696159477525736,0.444899639726744
0.343853345880029,0.1911927252702413,0.46495392884972975
0.19854092628507944,0.392819035274973,0.4086400384399475
0.2063552340351471,0.20858032233606622,0.5850644436287866
0.2665344597104089,0.3460542034248815,0.3874113368647096
0.30824914252949076,0.2441087619681812,0.4476420955023281
0.22106677689372853,0.3189667597217556,0.4599664633845159
0.20834982129046972,0.25629757172668766,0.5353526069828427
0.5238626290075644,0.2514124907360736,0.224724880256362
0.26485626033286186,0.3635300284316607,0.37161371123547743
0.35133609486590894,0.4181103357586739,0.23055356937541727
0.21799958119995183,0.20446220293409317,0.577538215865955
0.2371151555225361,0.255624367247657,0.5072604772298069
0.3920963876149711,0.26481761149986227,0.3430860008851666
0.26159968701326874,0.2481514567101106,0.4902488562766205
0.4300312795684492,0.2824336468299629,0.287535073601588
0.17217627729947357,0.2627109408546233,0.5651127818459031
0.1866338269899792,0.41293457023481717,0.4004316027752037
0.3040190123552881,0.4799486846839118,0.21603230296079998
0.10814975227084911,0.18484018579351538,0.7070100619356355
0.5129711662299963,0.28255573813050444,0.20447309563949925
0.31114297346551356,0.331770633213618,0.3570863933208684
0.541840764862934,0.2061713050315253,0.25198793010554077
0.271200325227923,0.40224153630856097,0.326558138463516
0.33408872811922863,0.3607179044745121,0.30519336740625924
0.20977261497027772,0.17111502586620644,0.6191123591635158
0.24171592706442913,0.4256708178516803,0.33261325508389056
0.2102400375034525,0.24196862240186415,0.5477913400946833
0.24216349225505,0.2748824122180571,0.4829540955268929
0.2286362635899165,0.30444877573216655,0.46691496067791705
0.2860561256962918,0.3466396643704571,0.36730420993325114
0.16256542731394216,0.3103123386466145,0.5271222340394434
0.40231954945014614,0.32261160913934395,0.2750688414105098
0.5071731420794643,0.24755305537119499,0.24527380254934064
0.31639752231663376,0.313166188597203,0.37043628908616316
0.28676646102471776,0.30323365806513275,0.40999988091014955
0.35112210242769865,0.21789087518123879,0.43098702239106257
0.3994848223483555,0.2575065522139923,0.3430086254376522
0.35478428120075206,0.28614316216823016,0.3590725566310177
0.13265432863599816,0.12763036307904307,0.7397153082849588
0.17875106961597592,0.22280612060042118,0.5984428097836029
0.09883786528472759,0.2386933827674294,0.662468751947843
0.25727886771061426,0.41100999443619135,0.3317111378531945
0.4162887975322631,0.17881751663427836,0.40489368583345864
0.466291403943862,0.23419004806473914,0.29951854799139893
0.5087539251227314,0.18037927612431978,0.31086679875294887
0.4594695400402473,0.27277784585417053,0.26775261410558215
0.2452620631141204,0.28252979456532096,0.4722081423205587
0.18013250981554996,0.3650616985924079,0.45480579159204226
0.32431690165049193,0.25723909963351294,0.4184439987159951
0.4210328974351437,0.20023458122573276,0.37873252133912344
0.1394785491257433,0.19945640837069764,0.661065042503559
0.270618937113047,0.26987570780732884,0.4595053550796241
0.3523878249681005,0.2863891278468862,0.36122304718501336
0.3159383807441881,0.19131723280312157,0.49274438645269025
0.19650191101307976,0.5306233854106459,0.27287470357627436
0.2051626464164025,0.4066336702329291,0.3882036833506684
0.27386597475574803,0.342424704802235,0.383709320442017
0.4313113370773437,0.3112192510171822,0.25746941190547407
0.447263256751361,0.3359860444501102,0.21675069879852873
0.5689204052298651,0.24703899617284247,0.18404059859729244
0.15912203894957302,0.2773736457741284,0.5635043152762985
0.15200875966725524,0.3960881597984671,0.4519030805342776
0.1615563261370133,0.24923436869870635,0.5892093051642803
0.3440897578399554,0.24893620051425167,0.406974041645793
0.1614688474729699,0.19685221525288313,0.641678937274147
0.18486749533251445,0.5254825190284957,0.28964998563898975
0.3779759841536603,0.24738745363159956,0.3746365622147401
0.5045551023492033,0.18459575051019916,0.3108491471405975
0.2255337297946458,0.3323899651197222,0.4420763050856321
0.36981587740201777,0.42679441789648215,0.20338970470150008
0.3703713879572422,0.244187881057851,0.38544073098490683
0.2671958005367609,0.246783626786216,0.48602057267702314
0.24233906336181593,0.2559586173179452,0.5017023193202389
0.6053667957125836,0.2370127553044261,0.15762044898299038
0.5693121978925245,0.16442316931205214,0.26626463279542334
0.3808196099331321,0.31705459343406883,0.30212579663279915
0.43473758092827647,0.2985973179057385,0.26666510116598513
0.40138911617569534,0.3049283899409913,0.29368249388331347
0.35227579326808106,0.28420949442950677,0.3635147123024122
0.17684870786731705,0.18595610060206763,0.6371951915306153
0.1991923052703253,0.15391419630250908,0.6468934984271657
0.37088932549010795,0.3218891828561578,0.3072214916537341
0.19808345399259178,0.20661679103017588,0.5952997549772324
0.3304688740652077,0.35116078510693116,0.31837034082786114
0.25134682230020156,0.30599041993258075,0.44266275776721775
0.2655906544857619,0.24727504584206517,0.4871342996721729
0.470908452077367,0.2603455415587365,0.2687460063638966
0.175891876440573,0.22449405057746613,0.5996140729819609
0.28084063284575644,0.3751612335821871,0.34399813357205644
0.16010144504270946,0.21258123211616745,0.6273173228411232
0.3273012908160028,0.19794070235485411,0.47475800682914304
0.15233494996364685,0.28098252213879454,0.5666825278975586
0.4523640388205208,0.27706325671845555,0.27057270446102377
0.24024075527791852,0.3748606370380443,0.38489860768403716
0.1926934838881226,0.27666191976931276,0.5306445963425647
0.363290687041031,0.2893808626377094,0.34732845032125953
0.373756143636092,0.23708571254803046,0.38915814381587743
0.3002578990444908,0.1948899828592627,0.5048521180962465
0.3158970268863546,0.4099957704647022,0.2741072026489432
0.3683545911285682,0.292795868338976,0.3388495405324558
0.22328723837641976,0.31010086592059355,0.4666118957029866
0.36606265097191565,0.24749275079948088,0.3864445982286035
0.4307477809013035,0.2945026237440768,0.2747495953546197
0.2872105378852377,0.24557242898313805,0.46721703313162427
0.4820840873792884,0.20606599565584743,0.3118499169648642
0.1761387133614343,0.34793751990275695,0.4759237667358087
0.27692106841385045,0.3349596381746933,0.38811929341145623
0.12268935365988169,0.2175677473349883,0.65974289900513
0.2322447986409292,0.22481570962683284,0.542939491732238
0.23486054518808533,0.2567425240385442,0.5083969307733704
0.2584707480166719,0.17311741411802148,0.5684118378653066
0.6462797318125306,0.17907835876878303,0.17464190941868635
0.36633531680573944,0.27639989238574214,0.3572647908085185
0.4120050162021037,0.22820168493944729,0.35979329885844896
0.45289970906733146,0.3268451344563559,0.2202551564763127
0.1842553333575475,0.2685906105926742,0.5471540560497783
0.28082398831057825,0.25363091909941005,0.4655450925900118
0.27385952169119804,0.33083026947785105,0.3953102088309509
0.3749075268618309,0.17027458978468002,0.45481788335348905
0.31564442721849223,0.22852637809592038,0.45582919468558747
0.4922531342809732,0.22934702644970573,0.27839983926932116
0.06507926439783936,0.09850425288690512,0.8364164827152554
0.21803684642729423,0.28977508232182636,0.49218807125087943
0.28207571325176445,0.28982961759489867,0.4280946691533368
0.27560196244907764,0.46399429371947204,0.2604037438314504
0.29366365437445147,0.4618110898555172,0.24452525577003112
0.11847928015035479,0.1524865028099692,0.729034217039676
0.5481576281566928,0.14812990639356943,0.3037124654497377
0.11530735015357695,0.16882907849148918,0.7158635713549338
0.15855532897382849,0.29808184121975534,0.5433628298064161
0.4174281631737388,0.2550353497962814,0.32753648702997984
0.15189324652451347,0.30228661818987257,0.545820135285614
0.23978841233711642,0.27615671101351896,0.4840548766493646
0.40337097469256283,0.3448914217077088,0.2517376035997284
0.2988998377145529,0.36037502135869126,0.34072514092675577
0.4146453874991589,0.2158363549912217,0.3695182575096193
0.19213454962111276,0.39967320981471166,0.40819224056417563
0.40839815356406794,0.2431914624977133,0.34841038393821866
0.07652441343806918,0.19596923252618945,0.7275063540357413
0.2029908297522506,0.5499391855556436,0.2470699846921058
0.22309309303539418,0.3368057479090079,0.440101159055598
0.08427952631480234,0.16231382761371266,0.753406646071485
0.3853299195170569,0.2361258130126774,0.3785442674702657
0.18462211292916125,0.24338640525975563,0.5719914818110832
0.38374211371146544,0.2985447322718894,0.3177131540166451
0.20978751783835883,0.2455046327391559,0.5447078494224853
0.2524353354993209,0.39551411751676246,0.3520505469839166
0.34579074963515816,0.29220646749786416,0.3620027828669776
0.31751664555071957,0.2773076003609601,0.4051757540883204
0.1623375611032188,0.4542086281578696,0.38345381073891155
0.4079055420112241,0.31973014597254357,0.27236431201623246
0.4782152667168183,0.2664313647294158,0.2553533685537659
0.32332516580127246,0.3642895686135812,0.3123852655851463
0.21957771086981,0.3142839180718019,0.4661383710583881
0.26604891643676637,0.2079688882046133,0.5259821953586203
0.4376390400678193,0.3178247514898139,0.24453620844236684
0.15434699430377122,0.22127200122510912,0.6243810044711197
0.268295283267126,0.14611997653512313,0.5855847401977509
0.6534041309043132,0.15504870283791805,0.19154716625776877
0.20280531885054962,0.3830985095289987,0.41409617162045176
0.3515429368724314,0.2805851592548347,0.3678719038727339
0.2217717905910564,0.3247255145421502,0.4535026948667934
0.5947291397660174,0.22486306408580858,0.18040779614817407
0.12603305366096865,0.4487952325241413,0.42517171381489016
0.13749397323792242,0.27837710920126746,0.5841289175608102
0.5834722493769863,0.2548268225851084,0.16170092803790542
0.3203115421924099,0.24629257494044055,0.4333958828671496
0.24492252499850364,0.17549150469532535,0.579585970306171
0.19698218309332047,0.3292398798100618,0.47377793709661775
0.1183786035521216,0.18251254047786625,0.699108855970012
0.24266742987236564,0.28647126841460896,0.4708613017130255
0.37157144993992436,0.196177018879083,0.43225153118099263
0.47064816929470293,0.2786169395594836,0.25073489114581343
0.19766388896554488,0.3107794333184069,0.49155667771604833
0.22477495632289615,0.24177397413637716,0.5334510695407267
0.24842153608388975,0.36061137949295846,0.3909670844231518
0.4136501067729099,0.3462223602463657,0.2401275329807243
0.16039154839039854,0.3046040015910901,0.5350044500185114
0.17656582076702163,0.45001028413267635,0.37342389510030216
0.24434704441969973,0.4409474790003159,0.3147054765799844
0.5134279984715721,0.25548019789976756,0.23109180362866047
0.3866779783166409,0.30551348481280083,0.3078085368705582
0.4286492807562429,0.23330681129008868,0.33804390795366834
0.36657717112795646,0.16694270148343546,0.46648012738860817
0.10214169854556625,0.1898835162846615,0.7079747851697723
0.41336482542366515,0.2716448915841386,0.31499028299219617
0.5750260714300169,0.23885796059985595,0.18611596797012708
0.3829630941180269,0.19922296545370435,0.4178139404282686
0.20958854137781346,0.11303596515265144,0.6773754934695351
0.20278309437689412,0.20043197338906169,0.5967849322340443
0.16511198633455537,0.25345575965746525,0.5814322540079794
0.4096600511735431,0.2799572787053478,0.31038267012110926
0.37560423606812643,0.35955221693013556,0.2648435470017379
0.13912759545764286,0.3066883169317013,0.5541840876106557
0.18819602302617094,0.3533814981313397,0.4584224788424894
0.3510779309638075,0.2549004004127056,0.3940216686234868
0.29359229839842554,0.28531717898416087,0.42109052261741353
0.3191984961712839,0.38561834237011205,0.2951831614586041
0.2802453434351567,0.23156676046603236,0.4881878960988109
0.22985915448871105,0.3458343022939251,0.42430654321736383
0.3526302729827341,0.3754057710377738,0.2719639559794921
0.3906888690109983,0.3284547302343076,0.2808564007546941
0.1649498610950019,0.30214997056621745,0.5329001683387806
0.290707853858731,0.35519510045943276,0.35409704568183625
0.38361973122243703,0.3922508396203502,0.22412942915721282
0.21845796188809677,0.2353479152708314,0.5461941228410718
0.13459839218282016,0.19454545625872308,0.6708561515584568
0.4329117415851597,0.27350475243458766,0.2935835059802527
0.4624644142784568,0.21166704461842617,0.3258685411031171
0.33143010351533114,0.24859548918893762,0.41997440729573116
0.20073775671664737,0.29813888129345106,0.5011233619899015
0.2691824113456702,0.3659852334212334,0.36483235523309643
0.4498100910488355,0.21719648898271743,0.332993419968447
0.1816557089125774,0.4484609977547766,0.3698832933326459
0.2618004932907067,0.3007223080500178,0.4374771986592755
0.3359347152834281,0.367981146784014,0.29608413793255794
0.18288263065660396,0.2960476019901692,0.5210697673532267
0.24196075297137792,0.1857307558762512,0.5723084911523708
0.12074109722492819,0.2338966652592305,0.6453622375158413
0.28313662986267957,0.28810876610077685,0.42875460403654353
0.4226567062619127,0.19698123554874097,0.3803620581893463
0.34737046929254145,0.19271580602734448,0.4599137246801141
0.256188610384391,0.4243365645581151,0.31947482505749397
0.18324461040237494,0.19226224136949976,0.6244931482281252
0.24334292240340105,0.5205879697238819,0.23606910787271718
0.24381859305487727,0.1580551097231615,0.5981262972219612
0.22354579253941867,0.26122176236700445,0.5152324450935769
0.27244921196358224,0.2432958585727408,0.484254929463677
0.18201389112829033,0.3426815134645119,0.4753045954071977
0.23194005471246842,0.24527097683799878,0.5227889684495327
0.4332027282424311,0.2520559958074381,0.31474127595013074
0.11562058160604559,0.42083326296590934,0.46354615542804517
0.10841861409008768,0.23577315766701523,0.6558082282428972
0.411302850505262,0.21507506225128262,0.3736220872434553
0.15678447932631107,0.24833487882355787,0.5948806418501311
0.3779066356266676,0.3130728597590904,0.3090205046142421
0.28470857254219684,0.20857164583211668,0.5067197816256865
0.08409332001088513,0.25026041781063413,0.6656462621784808
0.2161010240450286,0.2333690903881991,0.5505298855667723
0.1846188910691543,0.2589785257006516,0.5564025832301941
0.15538325379461645,0.2953466047144537,0.5492701414909298
0.34276647893864887,0.2587851056635824,0.3984484153977688
0.3372155926431379,0.39433435194459915,0.268450055412263
0.30632537154437517,0.28521924418921124,0.40845538426641365
0.3291087778989841,0.24753577704519267,0.4233554450558233
0.5500044294146421,0.22983817521955563,0.22015739536580228
0.38981543630889176,0.33034380426528626,0.27984075942582204
0.4993727378441102,0.2567956284690353,0.24383163368685437
0.22629321616219683,0.24079325498864343,0.5329135288491598
0.31933070178985135,0.23238042750198976,0.4482888707081588
0.32150568729844564,0.2401789638657497,0.43831534883580464
0.3478478673792709,0.16799534526488777,0.4841567873558413
0.31640977249937424,0.23894399230686034,0.4446462351937654
0.09847967053867106,0.22310705922970778,0.6784132702316211
0.1920273132249403,0.2875351300307135,0.5204375567443461
0.20618340259804602,0.2925164361277486,0.5013001612742054
0.22057918729355028,0.29685297044927195,0.48256784225717775
0.2764379725807411,0.29688688966373916,0.42667513775551963
0.3104622611448474,0.27342140369134604,0.4161163351638066
0.5197343513934106,0.19552283386809594,0.2847428147384934
0.3489294285733848,0.39240979674139514,0.2586607746852199
0.36821460985822796,0.27094670786106106,0.3608386822807111
0.14835509576024897,0.24934346434831253,0.6023014398914384
0.2337619176165731,0.37514289634142356,0.3910951860420033
0.38949981990315563,0.2777271041593995,0.33277307593744493
0.06632590287275678,0.09359069141651934,0.8400834057107239
0.28872664917888297,0.22783854909807422,0.48343480172304293
0.08890777958047673,0.22651951732472192,0.6845727030948014
0.3177677530767343,0.24501120997641412,0.4372210369468515
0.3796685448043496,0.35105082985892305,0.2692806253367274
0.33427462372428357,0.2699298451841744,0.395795531091542
0.22572449232460792,0.21269554233531177,0.5615799653400803
0.46587841377077627,0.20144250561847865,0.33267908061074497
0.3388100956240196,0.21989972819584816,0.44129017618013233
0.2828172773742518,0.39046217467262795,0.3267205479531202
0.4257899625583174,0.27149151858031484,0.3027185188613679
0.21573919296356742,0.3993904328138034,0.38487037422262926
0.26072211128418044,0.2360860416996154,0.5031918470162042
0.2213350042953689,0.3904552854989178,0.3882097102057134
0.5381086999978182,0.2263571475718284,0.23553415243035336
0.24969365881767738,0.24537536483614078,0.5049309763461818
0.27384741632215803,0.2686403623319532,0.45751222134588876
0.2297695802706462,0.4128542055266398,0.35737621420271387
0.40589003358093234,0.28278246384265693,0.3113275025764107
0.3548569554783036,0.24417618403268776,0.4009668604890086
0.22089381806235336,0.2738741128424527,0.5052320690951939
0.16141470556681148,0.3172535217998763,0.5213317726333122
0.08252307131499229,0.1667197860338338,0.7507571426511739
0.21995228853370977,0.3253136961417455,0.4547340153245448
0.25823266472447276,0.38022503306904887,0.3615423022064785
0.3764564646721866,0.24370352194200157,0.37984001338581186
0.21697006510544856,0.2931308748904929,0.4898990600040586
0.48469060675412634,0.19502588195001772,0.320283511295856
0.23613515996810783,0.2507630108789183,0.513101829152974
0.17393791300586145,0.18019643243406258,0.645865654560076
0.353276032609714,0.32103731403266367,0.32568665335762226
0.3291357728026895,0.39775375372717914,0.27311047347013145
0.3428033078339369,0.30348646894923226,0.3537102232168309
0.20891667640683798,0.359500661860218,0.4315826617329441
0.37908189019257055,0.13794575004178414,0.48297235976564534
0.18743961424372008,0.1907653242723091,0.6217950614839709
0.43034980182066807,0.19135408643159155,0.3782961117477404
0.44476097058756664,0.1799311521942123,0.3753078772182211
0.4486668342322877,0.18815827823363687,0.36317488753407534
0.12291614834584773,0.11916787830602231,0.75791597334813
0.5051713595118854,0.22609799359997035,0.2687306468881443
0.5017739079538075,0.28526669006916927,0.21295940197702337
0.5501432972866686,0.25053929713054324,0.1993174055827882
0.15094787464425669,0.29378102958306646,0.5552710957726769
0.4442586912485576,0.21911908756720616,0.33662222118423624
0.14291151737500535,0.38305742366676915,0.47403105895822556
0.22835527073849987,0.22561671446804213,0.546028014793458
0.4439664824899355,0.22214435538185023,0.33388916212821435
0.3698116728181186,0.2973631699781373,0.33282515720374417
0.2800269517400125,0.3024152344442666,0.4175578138157208
0.16325733270650955,0.34923088340408487,0.48751178388940575
0.19523187728413352,0.3103275234985248,0.49444059921734157
0.13981358582331535,0.23936865062057325,0.6208177635561114
0.29591557948874275,0.2843981634675096,0.4196862570437476
0.2713020105632726,0.3571937175688334,0.37150427186789403
0.2931517028318797,0.278190143029218,0.4286581541389024
0.26868229221168444,0.199767352839561,0.5315503549487546
0.3197810006088005,0.2981276237588699,0.38209137563232953
0.5422404573748499,0.262515043959839,0.1952444986653111
0.32741037755697255,0.25203664629335887,0.42055297614966863
0.15487809753102408,0.15791262267004405,0.6872092797989319
0.09037790411008206,0.11117027751930074,0.7984518183706173
0.1570410489060107,0.31271455524332903,0.5302443958506603
0.2896889726552845,0.337853455058159,0.37245757228655646
0.16299986253923415,0.28917569625366013,0.5478244412071057
0.6118772130968937,0.20395398308333026,0.184168803819776
0.16911593913562029,0.19236857723287698,0.6385154836315027
0.5808594453207251,0.15987476211477264,0.25926579256450233
0.509147942637434,0.24244606834153556,0.2484059890210304
0.35282240057371106,0.3180311603946683,0.32914643903162066
0.23263861384100265,0.23262707539799635,0.5347343107610011
0.05350812693473974,0.10324011467203204,0.8432517583932282
0.2756505573640214,0.3586125271099761,0.36573691552600246
0.22449373518546215,0.2285276982217443,0.5469785665927935
0.1595978007421238,0.1569667109113385,0.6834354883465378
0.22113253575016364,0.16590183047389961,0.6129656337759368
0.15791118255990003,0.27003815874029075,0.5720506586998092
0.20882539775243528,0.33277055861571214,0.45840404363185255
0.4328653592797224,0.22126200389478426,0.34587263682549335
0.3877087368521059,0.2844779001795617,0.3278133629683324
0.3158166581688757,0.22776221855455558,0.45642112327656875
0.23907901136183726,0.22475352181796907,0.5361674668201937
0.5182165176985633,0.2873877577658801,0.19439572453555667
0.5560962445307699,0.18330762353049831,0.2605961319387318
0.2046498091384563,0.2802635446146468,0.5150866462468969
0.2071701513788926,0.2806882733961485,0.5121415752249588
0.12434198351356243,0.11619595541938528,0.7594620610670523
0.3485369583021118,0.25811481600616354,0.3933482256917247
0.22132919374644827,0.21319706558328877,0.5654737406702629
0.24488571688724345,0.3079749526500103,0.4471393304627461
0.32806801904464544,0.2289972795951064,0.4429347013602481
0.28824078219597327,0.22458189449819577,0.4871773233058309
0.228615435886375,0.2406125376592103,0.5307720264544147
0.20262215151706994,0.2153886700306626,0.5819891784522675
0.12747304167022114,0.4407333402368665,0.43179361809291233
0.5146890638817998,0.27605385144350475,0.20925708467469545
0.14272484757995688,0.24890535070627792,0.6083698017137651
0.25672347459648687,0.19132755999752793,0.5519489654059853
0.21368059189229538,0.22374204885847543,0.5625773592492291
0.3515283371102928,0.25702475835590555,0.3914469045338017
0.23377486659162686,0.1898640597718479,0.5763610736365252
0.3253462156453141,0.2851691492267853,0.38948463512790055
0.4693864889786581,0.19864660714945598,0.3319669038718858
0.10093252672823178,0.36407191651271836,0.5349955567590499
0.25147935715574,0.2051508571380448,0.5433697857062151
0.2900661371977378,0.2896314128523829,0.42030244994987925
0.12691519688927605,0.4734611615716758,0.39962364153904806
0.39434288342214124,0.2048197414302616,0.40083737514759726
0.13616605488585778,0.22251921042904635,0.6413147346850959
0.11577640002024743,0.11940879234973789,0.7648148076300147
0.15149160021741365,0.18067342083638133,0.667834978946205
0.31430268276799134,0.30564982174910094,0.3800474954829078
0.1882115874812259,0.32290759824643595,0.48888081427233815
0.25182865480525074,0.15613270096731882,0.5920386442274304
0.3528080185104034,0.2961369024618886,0.35105507902770794
0.1516872966006114,0.28480109280231986,0.5635116105970687
0.32454096591719617,0.25079067815565886,0.4246683559271449
0.4780908930134641,0.260421042232753,0.2614880647537828
0.3384268046842815,0.2702392332821973,0.39133396203352117
0.5142477126885724,0.24517864250519075,0.24057364480623683
0.3136894877427863,0.21751584198557292,0.4687946702716407
0.16413868952393695,0.29825858864928384,0.5376027218267793
0.2667218341962352,0.3067748986736276,0.4265032671301371
0.17527202684461501,0.27775708794125786,0.5469708852141271
0.35823361552277566,0.1737183472650558,0.46804803721216853
0.4141954482850755,0.25483956782619,0.3309649838887345
0.42102300103428986,0.2300448332563727,0.3489321657093374
0.2984195260431917,0.4534865144035943,0.24809395955321406
0.19792050894408772,0.2165197112055036,0.5855597798504086
0.16445678726933832,0.24064795691785454,0.5948952558128072
0.46294499621032037,0.27300869606975714,0.2640463077199225
0.44069423458379775,0.2904748605508475,0.26883090486535477
0.17169736892979667,0.26903634266498144,0.5592662884052219
0.2538679960575424,0.3064233651996468,0.4397086387428108
0.48871166117711884,0.24742735787222078,0.2638609809506604
0.2972687615923213,0.16484904422341112,0.5378821941842676
0.26087342755388615,0.2965639913567488,0.442562581089365
0.14429775776343906,0.17022471373526263,0.6854775285012982
0.4815333712252773,0.23386837516494374,0.28459825360977886
0.23016316830807468,0.3239405847902839,0.44589624690164137
0.4984219705663515,0.2989153819302542,0.2026626475033943
0.17292521607299202,0.2450749553328071,0.5819998285942009
0.38383632856420424,0.30898867376276873,0.3071749976730269
0.1840390061154149,0.35452428282788584,0.46143671105669926
0.24701140290384507,0.30467260644397365,0.44831599065218125
0.27457187788803256,0.21474294859290827,0.5106851735190592
0.2808140122954812,0.33367102122509656,0.3855149664794223
0.3334169038770937,0.2551406942610714,0.4114424018618349
0.19308811924363267,0.13472366763556753,0.6721882131207997
0.6369196756370333,0.2565090743851644,0.10657124997780229
0.37311201413434153,0.3571730778343229,0.2697149080313356
0.4421713064081026,0.2885046315562157,0.2693240620356818
0.2528093750541364,0.30827161016079413,0.43891901478506934
0.09028685826973615,0.27917693471810173,0.6305362070121622
0.1824073854674267,0.26016603011107103,0.5574265844215023
0.3994923899635463,0.2213960302702283,0.37911157976622534
0.1765490015473866,0.24748787187410282,0.5759631265785106
0.3833364496461373,0.30490277623309603,0.31176077412076664
0.32382582239110885,0.2444771172318136,0.43169706037707756
0.3689460855646147,0.24248498196862783,0.3885689324667575
0.48979946717585926,0.22756186455645316,0.2826386682676877
0.5897281182293713,0.23250297771431103,0.17776890405631768
0.16478206518116564,0.2071792654850135,0.6280386693338208
0.23306904012259022,0.4326728929868189,0.33425806689059095
0.5141735052284844,0.2872117792062649,0.19861471556525076
0.3074531235121659,0.2574213397495793,0.4351255367382547
0.0880281883296244,0.2486511424594563,0.6633206692109194
0.1933983000680451,0.27184457805990125,0.5347571218720536
0.27357634682840154,0.2458912917708481,0.4805323614007503
0.39063215672967816,0.3358616261069749,0.27350621716334683
0.5242987508352079,0.24079953353966987,0.23490171562512224
0.2976090502552967,0.25782040910461546,0.44457054064008783
0.19016695632381725,0.21775610213539845,0.5920769415407844
0.2964607690029748,0.4540096008498588,0.2495296301471664
0.28783688325535794,0.2796330376861482,0.4325300790584939
0.3640963316615828,0.2676437342847413,0.36825993405367585
0.1841679738849745,0.473199281114561,0.3426327450004644
0.33921487293336927,0.32917857686563157,0.3316065502009991
0.3071260069976734,0.3739854202531123,0.3188885727492143
0.4909524332401763,0.26013751774877913,0.24891004901104458
0.34195774621696334,0.2197351863401054,0.4383070674429312
0.26697543728999934,0.22831344779748686,0.5047111149125137
0.28442294096458165,0.47585492473711716,0.23972213429830125
0.10613701604333815,0.15890626300664953,0.7349567209500123
0.2779022671786081,0.16046525156474584,0.5616324812566461
0.43429024482473905,0.259650007029752,0.306059748145509
0.23507672551255085,0.28777421813705023,0.47714905635039895
0.43653790364333805,0.3583661368009206,0.20509595955574125
0.1498513792131159,0.26109590660109705,0.5890527141857871
0.304445831829375,0.20632387702165425,0.4892302911489706
0.11285258581794672,0.18154110754138578,0.7056063066406675
0.14909190010110565,0.20568143106711878,0.6452266688317755
0.12060962438866861,0.2210496880773578,0.6583406875339736
0.33817893083797795,0.24590767699167285,0.41591339217034917
0.5533267164793639,0.23544972048332843,0.21122356303730763
0.09675300612067923,0.27045968074974835,0.6327873131295725
0.23942711992704716,0.2900496972918902,0.47052318278106264
0.15585515647059864,0.3290948655148805,0.5150499780145209
0.3334620900309544,0.21694689592201458,0.44959101404703117
0.25023211965939335,0.46582698571465037,0.2839408946259563
0.33369537421718953,0.19258899268774737,0.47371563309506315
0.20070718962456724,0.27990730405355563,0.5193855063218772
0.31252673997917835,0.3533560352338543,0.3341172247869673
0.16268746363980569,0.20077463580612429,0.6365379005540701
0.24139478383347274,0.2820829858562561,0.4765222303102712
0.26119364692985997,0.2941683998953166,0.44463795317482346
0.16315851781915183,0.3379440893802111,0.49889739280063705
0.12211620468940758,0.5874116554294048,0.29047213988118764
0.11264791695230304,0.2013383613779148,0.6860137216697821
0.321805243872369,0.24273817929172872,0.4354565768359024
0.3344650044188063,0.4062467805505753,0.25928821503061855
0.444085174991696,0.29046545265911083,0.2654493723491932
0.4053503803756579,0.27707189439104946,0.3175777252332926
0.16701430863505998,0.17119943406204205,0.661786257302898
0.4335693672297401,0.27030695795088866,0.2961236748193713
0.08098180058908555,0.17288792898005897,0.7461302704308556
0.4039676941988727,0.31685491267500165,0.2791773931261258
0.14180068597234086,0.18716114885670676,0.6710381651709524
0.29652182390687265,0.35106810424410956,0.35241007184901774
0.24302524663170857,0.23066487471193317,0.5263098786563583
0.7165891273870297,0.15386919295994322,0.12954167965302696
0.2803131389264708,0.31276516444061003,0.40692169663291916
0.5188764928434336,0.19479375368617335,0.28632975347039297
0.22029477471975456,0.3898955291883914,0.3898096960918541
0.2797887940746651,0.15650932828759917,0.5637018776377356
0.4607638476840096,0.22229615221140525,0.31694000010458523
0.1345423681493431,0.21864975177998933,0.6468078800706676
0.41513039783749756,0.1775967589004402,0.4072728432620623
0.32213302192795884,0.2637449691865628,0.41412200888547834
0.19670460423402725,0.22507673422817093,0.5782186615378019
0.24714142260877034,0.3350624561999788,0.4177961211912509
0.0830876731557985,0.17384110932650423,0.7430712175176972
0.3696619465560623,0.20120354517504477,0.4291345082688928
0.4134922058940868,0.21742496723577004,0.3690828268701433
0.16335702399116575,0.18781617421940938,0.6488268017894248
0.38322075386552656,0.2402973225872211,0.3764819235472523
0.39052992523783486,0.22629489846537834,0.38317517629678677
0.24004856356093124,0.2844628091707719,0.47548862726829677
0.2364112074716618,0.2404723318322524,0.5231164606960857
0.3227317692845702,0.35384695942738453,0.32342127128804526
0.4065266222598237,0.300194264149869,0.2932791135903073
0.35589830591538446,0.22681977927009747,0.417281914814518
0.16051779289985674,0.24551036326575584,0.5939718438343875
0.22313603325944129,0.4165128314253502,0.36035113531520857
0.22927728087719212,0.23147368606706928,0.5392490330557387
0.11644200954138159,0.19477341544130322,0.6887845750173153
0.4271102614593037,0.23376431471158932,0.339125423829107
0.2319511461879115,0.2550559865107326,0.5129928673013558
0.22032132739351848,0.3127885780711953,0.4668900945352863
0.29670146999715435,0.35832202578154404,0.3449765042213016
0.10855033130593716,0.1924830732858042,0.6989665954082587
0.1939956308117144,0.1491945078826133,0.6568098613056723
0.09622645979835552,0.2563169772810711,0.6474565629205734
0.33160041985574423,0.2872123816024407,0.38118719854181504
0.27244046718118753,0.3366362941764672,0.3909232386423454
0.2514126093145017,0.42907023311590126,0.3195171575695971
0.31183193709990265,0.32212384644932984,0.3660442164507674
0.5169482085432209,0.3050950760518271,0.17795671540495192
0.2317652939337218,0.29648947795145586,0.47174522811482245
0.2525757183867692,0.29717548909279645,0.4502487925204343
0.6200832604889324,0.17407258638800702,0.20584415312306056
0.23302569300964351,0.23094469351413058,0.5360296134762259
0.3243312495520687,0.3504146849364626,0.3252540655114688
0.34289466976633015,0.31820729983096735,0.3388980304027024
0.4351242074886737,0.25274661674540555,0.31212917576592086
0.47347286955364926,0.22177684326740343,0.30475028717894737
0.4475246673073322,0.30649665525156516,0.2459786774411027
0.20883487585504046,0.2622916864246126,0.528873437720347
0.3736470059661172,0.23871630649118125,0.3876366875427014
0.2826096136433775,0.3614481029087334,0.35594228344788914
0.2778117654265295,0.3398805037268042,0.38230773084666625
0.3804850296952354,0.20038182109103722,0.41913314921372735
0.3693050223575062,0.306182337448799,0.3245126401936947
0.20557842575913626,0.23351339893560355,0.5609081753052603
0.263039253041303,0.36159883979435864,0.37536190716433826
0.2853735900484346,0.24515446223236217,0.46947194771920325
0.16058988271834423,0.2601638732736261,0.5792462440080297
0.16829365499774687,0.20882773799745807,0.6228786070047951
0.07147791976074688,0.18292853299107295,0.7455935472481802
0.4064999967701346,0.18246748691505993,0.4110325163148056
0.19822483950090158,0.405377870344773,0.39639729015432545
0.3282185537559784,0.3372637434349602,0.3345177028090614
0.16613993171753197,0.19397847239244048,0.6398815958900276
0.2791153971556243,0.42131626056479393,0.2995683422795816
0.22647103402713567,0.2302527176022448,0.5432762483706195
0.242467186181275,0.28776136315744366,0.4697714506612814
0.22168071699855496,0.22731769725287232,0.5510015857485728
0.31550015723799685,0.27659933666946807,0.4079005060925352
0.2243447866711313,0.29954772769286453,0.4761074856360043
0.20571157355162492,0.24002758050623368,0.5542608459421414
0.2723006084290537,0.20440560334041882,0.5232937882305275
0.6276156682096139,0.1644239782168804,0.20796035357350565
0.2417052024119041,0.3158823040993855,0.4424124934887104
0.09841182568169463,0.3099629282379733,0.5916252460803321
0.1901150409477795,0.38065126098175983,0.4292336980704606
0.43317014140628957,0.29683593061124036,0.26999392798247007
0.22608603160028742,0.18529297174592282,0.5886209966537899
0.07624255355484039,0.20856356472575288,0.7151938817194067
0.18068010051614783,0.29915171023778875,0.5201681892460633
0.21813040546796608,0.2653607308397155,0.5165088636923184
0.19690261236777679,0.24789929458771187,0.5551980930445114
0.31953779242291747,0.21821745941458515,0.4622447481624974
0.2721712247452445,0.22863504756306777,0.4991937276916876
0.17159794594222005,0.3044757555918863,0.5239262984658937
0.2848919831832957,0.1781040985382532,0.5370039182784511
0.11655557221117983,0.4012633671471088,0.48218106064171135
0.3939410366524558,0.3240207101844598,0.28203825316308445
0.23200053442721474,0.2523227125099582,0.515676753062827
0.3676004378028377,0.3929704024406243,0.23942915975653792
0.25830244659129453,0.37041541533265543,0.37128213807605004
0.24658087157354835,0.21255788139470652,0.5408612470317451
0.30724998547608745,0.13052651149880617,0.5622235030251063
0.36176571213517505,0.28817524588505855,0.3500590419797663
0.2356819692799487,0.33645370814809,0.4278643225719612
0.289528997520115,0.31598870046885613,0.3944823020110288
0.16799614455056353,0.30930489435096914,0.5226989610984674
0.29152694473388274,0.2562712523899278,0.45220180287618944
0.24359755647422895,0.3351399002340725,0.4212625432916986
0.39566493807610187,0.1580973780797615,0.4462376838441366
0.5014595700638925,0.22950920356717144,0.26903122636893595
0.3717591547414051,0.3479546728162601,0.28028617244233484
0.5940287350986243,0.20310069663999916,0.2028705682613765
0.2546292679724402,0.2389969155767422,0.5063738164508177
0.2953809286353236,0.4174319683404171,0.28718710302425926
0.22986061072731126,0.21075823191853174,0.5593811573541569
0.2917413437352704,0.29855809892218427,0.4097005573425453
0.6228124709452523,0.17406808479580632,0.20311944425894146
0.16150692515544585,0.20980135149867604,0.6286917233458782
0.1658805273224219,0.30809007740284194,0.5260293952747361
0.2657631918149882,0.2111946977735813,0.5230421104114306
0.16207439398661333,0.23689066359447977,0.6010349424189069
0.31754573189951013,0.2728577923878166,0.4095964757126732
0.21428710957426597,0.2352394655466806,0.5504734248790534
0.24770639052338578,0.27358890434725747,0.4787047051293568
0.16680260217510606,0.23421517696719646,0.5989822208576975
0.14827736495956617,0.26155859129843856,0.5901640437419953
0.18966902121558082,0.15966054462837573,0.6506704341560435
0.34492815413955574,0.26699453359092984,0.3880773122695144
0.3213795911239969,0.22127837833406272,0.45734203054194045
0.10725974651354805,0.32348521523880625,0.5692550382476457
0.1727118278110086,0.30768877232513087,0.5195993998638605
0.22551463927903953,0.2673115961707027,0.5071737645502578
0.2247257942918453,0.3464464966708987,0.428827709037256
0.5389709596508024,0.2143372951356224,0.24669174521357515
0.2092858719953534,0.39587353045916185,0.39484059754548473
0.3129558526070328,0.27003474814744227,0.41700939924552494
0.1918323586719757,0.2371479028806324,0.5710197384473918
0.24812744505574041,0.23313469862444514,0.5187378563198145
0.4814858939847244,0.28469597643285843,0.23381812958241732
0.3536488353317067,0.23650679901246,0.4098443656558334
0.6364027188301586,0.19296005303752053,0.17063722813232085
0.17208699091111918,0.2894355500850923,0.5384774590037885
0.381213014364985,0.23436687040366733,0.3844201152313477
0.12709969591802267,0.28260445249130955,0.5902958515906677
0.30059829556976014,0.22413958251226967,0.47526212191797035
0.22881234806069445,0.2751153149984378,0.4960723369408679
0.3694697552677716,0.30233315249918985,0.3281970922330386
0.3857265670704169,0.31914507491101074,0.29512835801857235
0.1436447912930741,0.2442447002986671,0.6121105084082589
0.29845829033311844,0.29791932438776547,0.40362238527911615
0.0755634631709628,0.18559955983944723,0.7388369769895899
0.2572850175400308,0.24271045119633725,0.500004531263632
0.1213641712951239,0.15007970133389317,0.728556127370983
0.31808993178048534,0.18956070831825464,0.49234935990126005
0.3047413283037782,0.275744695695915,0.4195139760003069
0.24627318362531572,0.21281412619997922,0.5409126901747051
0.3516997996751252,0.26149940134893923,0.3868007989759356
0.29141924301097133,0.2584667628222477,0.45011399416678105
0.671586954204138,0.15020387648467184,0.17820916931119024
0.17193520848837254,0.34586433800154753,0.4822004535100799
0.4150741609347114,0.27863772264981307,0.30628811641547543
0.23427521393505485,0.3755198467230486,0.3902049393418965
0.2881787839959712,0.37350163418403903,0.3383195818199897
0.37890541403616135,0.4000348473290266,0.22105973863481193
0.14253602852360517,0.35546853682062407,0.5019954346557707
0.13996094516213345,0.179181598528541,0.6808574563093256
0.5736620684476466,0.1998568036081055,0.22648112794424802
0.21911628424506222,0.21705355679318744,0.5638301589617503
0.271385786216734,0.36682542722016875,0.3617887865630974
0.07151422825158837,0.0944506506204623,0.8340351211279493
0.4865263661538004,0.23362437581327702,0.27984925803292265
0.2626532514290284,0.31681148235255085,0.42053526621842074
0.5649111369663504,0.26920820748203084,0.16588065555161874
0.2346879868922423,0.40044897242710886,0.3648630406806488
0.4338858650505193,0.30285560963235064,0.26325852531713
0.23214011649726907,0.15334009984855207,0.6145197836541789
0.1008596709783355,0.16337750702282247,0.7357628219988421
0.24959487747550954,0.27352777426968383,0.4768773482548066
0.07691018847979414,0.16485350199544838,0.7582363095247575
0.3311379773004289,0.2935196784276853,0.37534234427188584
0.28334943946644,0.37660415043566536,0.3400464100978946
0.19381829975680162,0.26345995945205836,0.54272174079114
0.1092727684389257,0.2158281090937409,0.6748991224673334
0.32990371206857366,0.30050869678012043,0.3695875911513058
0.1247838174069511,0.13906341991578533,0.7361527626772636
0.40999142916743114,0.24684665657736357,0.3431619142552053
0.3992295417768736,0.26471450782743056,0.3360559503956959
0.12860297049503255,0.30366581790988406,0.5677312115950833
0.26801752183609023,0.2719120390571688,0.4600704391067409
0.3440764296657862,0.20441535867206104,0.4515082116621527
0.29916870495364306,0.2531987394367672,0.4476325556095898
0.18586246687771954,0.46843940956885377,0.3456981235534267
0.5656330461560237,0.21487876197123448,0.21948819187274182
0.7130685087069922,0.15112163201069484,0.13580985928231287
0.3628103527993392,0.2679004063307797,0.36928924086988113
0.18685100422971224,0.1760335657288506,0.6371154300414372
0.24698390933413641,0.31490325577355166,0.4381128348923119
0.19047830379895678,0.19177707004011363,0.6177446261609295
0.51699899906637,0.22022077586689098,0.26278022506673904
0.28020543706582995,0.37752775906809327,0.3422668038660767
0.21910415550128864,0.32195642587508694,0.45893941862362453
0.11689293566709441,0.14495365962655243,0.7381534047063532
0.3792100999428021,0.21154974214000088,0.409240157917197
0.4933990143823579,0.23088828357273533,0.27571270204490667
0.3533752355827571,0.29132692964088763,0.3552978347763553
0.47466784330242257,0.22602057764528805,0.29931157905228933
0.07449601870680617,0.15048006692658641,0.7750239143666074
0.17185425211879354,0.13899685808174198,0.6891488897994644
0.08437695221492397,0.11458239149670414,0.8010406562883718
0.623132932116202,0.1708138340687705,0.20605323381502738
0.2638431592010535,0.16980419245729625,0.5663526483416503
0.33974498913574247,0.21318693663882532,0.4470680742254324
0.31280157529354247,0.19544851727806442,0.491749907428393
0.16990970006203462,0.18348450903301725,0.6466057909049481
0.249946717810994,0.2854964554083395,0.46455682678066657
0.20954936250092762,0.3043029158114983,0.48614772168757403
0.27594136125140756,0.2693496183907326,0.4547090203578598
0.43119695127947866,0.367388691768688,0.20141435695183338
0.17634232625270396,0.3577454253121057,0.4659122484351903
0.2873929698421144,0.42018041325514693,0.29242661690273863
0.2754416434104985,0.40456285135639775,0.31999550523310366
0.2560863263862652,0.2806614184171926,0.46325225519654223
0.3443538525298243,0.3337879012997516,0.32185824617042413
0.3580013013811693,0.42235249611742387,0.21964620250140687
0.43336759299291594,0.2570957606064594,0.3095366464006247
0.17010198332096566,0.2767452823903213,0.553152734288713
0.26518888770087234,0.35510975414720913,0.37970135815191847
0.3244954048165085,0.21715905977092212,0.4583455354125693
0.29755057773354765,0.3406340704928967,0.3618153517735556
0.20407439026860769,0.5741275717205674,0.2217980380108249
0.4398084885580282,0.3179504772182067,0.242241034223765
0.30566719172110085,0.28762222355400147,0.4067105847248977
0.4187993828112669,0.16457350700573065,0.41662711018300247
0.16559660594592343,0.23009006916602467,0.604313324888052
0.482486014122716,0.29307332104542055,0.2244406648318635
0.11682013253023729,0.19195386577153664,0.691226001698226
0.20216256307030522,0.19848310546958237,0.5993543314601124
0.19203594157715806,0.45102362859081346,0.3569404298320285
0.25349430171816756,0.16160302470424437,0.5849026735775881
0.22611691508456272,0.2241897946157562,0.5496932902996812
0.371244956806354,0.272190763982457,0.3565642792111891
0.2767031131979041,0.20737630100289461,0.5159205857992013
0.3181032864698737,0.43742034614190783,0.2444763673882184
0.2774275315262257,0.262225250287962,0.46034721818581237
0.1786625350798265,0.19724469351463997,0.6240927714055335
0.3257854327172489,0.20253713222494893,0.4716774350578022
0.2506979122438436,0.4019519703459981,0.34735011741015825
0.4012563928766388,0.2759815585238785,0.32276204859948265
0.2843885291911389,0.3844161625788903,0.3311953082299708
0.24991415012031004,0.19053540286682397,0.559550447012866
0.3974798462890198,0.2771054390590316,0.32541471465194866
0.45185127161425975,0.2546655580613921,0.2934831703243482
0.3763132447456323,0.27426520152827133,0.34942155372609623
0.24081700574161743,0.4172476929255171,0.3419353013328654
0.16540438598324478,0.15741651788803943,0.6771790961287159
0.2460007368158061,0.26726286484004297,0.4867363983441509
0.28449820503919915,0.3006052839432892,0.4148965110175116
0.4907903107460727,0.2574869105597041,0.2517227786942232
0.4911912114380556,0.3430916043253842,0.16571718423656004
0.29366433317825974,0.22898683173676848,0.4773488350849718
0.4519945369453962,0.2364651937731007,0.311540269281503
0.18574538829766823,0.26224277408856195,0.5520118376137698
0.46089675516296974,0.22069015527745356,0.31841308955957665
0.4064062401154744,0.20449451305352292,0.3890992468310028
0.20007074896800986,0.22795249245158708,0.5719767585804031
0.43272932125222713,0.20088692231853378,0.36638375642923904
0.12261087349436735,0.17011068661235176,0.707278439893281
0.42458693846597234,0.21051360994511503,0.3648994515889126
0.18798941045697737,0.3126919673994645,0.4993186221435581
0.10803694899808326,0.37118188832837795,0.5207811626735389
0.2535045927308306,0.24189762575824625,0.5045977815109232
0.14456608880596145,0.24210013993984425,0.6133337712541943
0.3357731245381234,0.3637237646649187,0.30050311079695785
0.26634841226832007,0.2902633489368944,0.44338823879478556
0.18851526696782464,0.2815644506967946,0.5299202823353808
0.2683986868748721,0.3310306863389366,0.4005706267861913
0.24626507562373592,0.21430280112578567,0.5394321232504785
0.4239770921106105,0.2527989026154901,0.3232240052738994
0.09898083017625073,0.30015904925241355,0.6008601205713356
0.19198428949678295,0.22761669586143593,0.5803990146417811
0.29094400992120933,0.2804209608360959,0.4286350292426947
0.35136448639336704,0.25814959905473667,0.3904859145518963
0.3097925160525584,0.20398752231477058,0.486219961632671
0.5577325711890982,0.24693247639322904,0.19533495241767268
0.1878545082930641,0.18170620655272426,0.6304392851542117
0.35024828021313975,0.3054139942922202,0.34433772549464
0.33378270441037067,0.2198905627410143,0.44632673284861496
0.15767157873622825,0.21887069219322644,0.6234577290705453
0.3366951659599848,0.34931969118099365,0.3139851428590215
0.10401075046998647,0.19417024406990122,0.7018190054601122
0.34447055064018267,0.28062488339523955,0.3749045659645777
0.2450858626814912,0.5375068519613877,0.21740728535712106
0.2722816377851728,0.15726486936135933,0.5704534928534678
0.18270644037641942,0.4486402019622397,0.36865335766134083
0.14355258309567975,0.4318633107843595,0.4245841061199607
0.2788726588004209,0.3279606874202685,0.39316665377931065
0.20520861035869692,0.2373472692907304,0.5574441203505727
0.24140938052714048,0.2021533869077211,0.5564372325651384
0.5067160728034805,0.25637730915301105,0.23690661804350843
0.40356975991110006,0.35669566258840774,0.23973457750049218
0.2204062314154548,0.23595968454778096,0.5436340840367643
0.24701801078410687,0.234341829339325,0.5186401598765681
0.33192407620641423,0.255239951157511,0.41283597263607463
0.22272636604932,0.37186128564152116,0.4054123483091588
0.16710421338331424,0.13696430836342574,0.69593147825326
0.2605814521532938,0.29218923775590633,0.4472293100907998
0.2680400025195136,0.1714788443293746,0.5604811531511118
0.20567523188576606,0.34793950813703867,0.44638525997719525
0.5441042444808072,0.219757708810192,0.23613804670900074
0.6013372291638739,0.1861356590469412,0.21252711178918474
0.28585854352311774,0.2530832391682588,0.46105821730862345
0.5136672339636125,0.21799606249376421,0.26833670354262323
0.16585867691513537,0.2963651007939969,0.5377762222908677
0.5012666909448737,0.2799600262462071,0.2187732828089191
0.23114382552363627,0.19390793637440498,0.5749482381019588
0.2883358794320544,0.26855917634906223,0.4431049442188834
0.22333739882047968,0.266849319718959,0.5098132814605614
0.2806123709297059,0.21334816561428252,0.5060394634560115
0.4673681150720397,0.29466365455192733,0.2379682303760329
0.2684102611094843,0.24292578168999399,0.48866395720052175
0.3903857114700066,0.20329609144111158,0.4063181970888819
0.3109024649827843,0.31910429959111675,0.3699932354260989
0.2879787524708422,0.36621695230037427,0.34580429522878353
0.3020036966172306,0.30976371189658175,0.3882325914861878
0.24135234447329815,0.1970476857255199,0.561599969801182
0.6569412222714363,0.16931541458053243,0.17374336314803138
0.2198905417647027,0.29133820167056657,0.48877125656473075
0.4555112956540131,0.28685300927026636,0.2576356950757204
0.20578209994288427,0.4428002520785613,0.3514176479785545
0.20947048845566835,0.32630518631472494,0.46422432522960677
0.31853762324543833,0.2180782329411553,0.4633841438134062
0.2731347085581286,0.2991029189461258,0.42776237249574556
0.23114885645680558,0.33492370748476386,0.4339274360584304
0.313545604406027,0.3281339161114441,0.3583204794825289
0.1998442271721675,0.24092213355222383,0.5592336392756087
0.5170567858701104,0.2620674496168452,0.22087576451304441
0.15941358809955353,0.49359310453682165,0.34699330736362494
0.15805545792728684,0.3377536691328571,0.5041908729398561
0.15516172871298387,0.30259382564072695,0.5422444456462892
0.33041388632837654,0.2528120053999346,0.41677410827168887
0.16887448929150384,0.14148227112081374,0.6896432395876825
0.4356098260979847,0.1792766506335311,0.38511352326848425
0.35225566093022725,0.29401659323472407,0.3537277458350487
0.295527329157701,0.3729429583403704,0.33152971250192853
0.2030019105333895,0.33450868572932574,0.4624894037372847
0.2821644826707688,0.2689367517849466,0.4488987655442847
0.3203088851448772,0.1863651150503769,0.49332599980474595
0.25881838170168414,0.2912537841901381,0.4499278341081778
0.23188152407089205,0.26535364164901937,0.5027648342800887
0.2793705027071344,0.44188332639611644,0.2787461708967493
0.3268678482676282,0.2915205260660099,0.381611625666362
0.34892259766947537,0.26714472492656155,0.3839326774039631
0.26004218539190876,0.24918390079834368,0.4907739138097476
0.12034793628755297,0.2100347959702989,0.669617267742148
0.552817263068452,0.22275632678935625,0.22442641014219178
0.4062789597169354,0.2617479806299858,0.33197305965307883
0.22387907115054526,0.34067459869890937,0.4354463301505453
0.29298976576692565,0.27429160444878375,0.4327186297842907
0.2590056968884644,0.3167439920532208,0.4242503110583148
0.32947389756867257,0.21851975486507727,0.45200634756625
0.09549545346243112,0.09261327014277408,0.8118912763947947
0.16117805537819416,0.16720463881550152,0.6716173058063044
0.35535653014957597,0.2300409512237961,0.414602518626628
0.25373675384966926,0.25036427322334015,0.49589897292699053
0.14388100219755093,0.1307065636494018,0.7254124341530472
0.5598483946624969,0.21569687236154753,0.22445473297595553
0.21199773938621055,0.27529147870191445,0.512710781911875
0.24830707642028782,0.3034570130682487,0.4482359105114635
0.1500351613720533,0.2004009358382314,0.6495639027897153
0.14471287963903745,0.24277086358062272,0.6125162567803397
0.20975245164493508,0.3417823258007659,0.44846522255429894
0.26489820425529254,0.1607663499473493,0.5743354457973582
0.28846987674078844,0.2120080958787225,0.49952202738048906
0.2975722777628912,0.4287555032851495,0.27367221895195926
0.4914065676112485,0.23451466360592335,0.27407876878282816
0.35017939291305644,0.36651334796116103,0.2833072591257826
0.1759567199519774,0.322197862705906,0.5018454173421166
0.33849834192964307,0.28618335507086495,0.3753183029994919
0.49524255709424625,0.2098952142349755,0.2948622286707784
0.2797154621249403,0.29520273253038426,0.4250818053446754
0.4485456852856316,0.3130674118235169,0.23838690289085165
0.38160976537868974,0.2773460837835356,0.3410441508377746
0.18144485557491544,0.259960861113406,0.5585942833116785
0.42471155126223614,0.23894529498827768,0.3363431537494862
0.36892097215545355,0.3741535999517598,0.25692542789278666
0.2711780046785603,0.32458105038909163,0.40424094493234813
0.18188987430400072,0.1864933053889551,0.6316168203070442
0.2169019476097103,0.245893360334049,0.5372046920562407
0.26214757949542467,0.2967799604148235,0.44107246008975187
0.2569312394730148,0.3089047027060637,0.43416405782092155
0.3536986927565174,0.36286554093389506,0.28343576630958756
0.5462786681287097,0.1981492748464266,0.2555720570248637
0.28028107158415466,0.3665758321891385,0.3531430962267069
0.16710126448152915,0.17700979724716084,0.6558889382713099
0.14655118045943105,0.24781217455508045,0.6056366449854884
0.17352656453148776,0.4421250974462403,0.384348338022272
0.24187741612437363,0.24266998910844556,0.5154525947671807
0.08261662280842896,0.13258097860569049,0.7848023985858806
0.41060204093013847,0.3243842702802207,0.2650136887896409
0.1280150611874179,0.4786873979016167,0.39329754091096536
0.3810656644218164,0.38087804933111613,0.23805628624706757
0.3526937789120672,0.28857793161586937,0.3587282894720634
0.0754862319451421,0.17269483133608235,0.7518189367187755
0.32416027409549464,0.2797662440254391,0.39607348187906627
0.260222399132269,0.24652173920666384,0.49325586166106716
0.2276329323909615,0.2728009085446309,0.4995661590644077
0.14231534325698494,0.26219629205394285,0.5954883646890722
0.39544415680444484,0.1630661880524724,0.44148965514308275
0.44640761053548694,0.30447166799504566,0.24912072146946732
0.3012942226491054,0.2356822517106957,0.463023525640199
0.2711580446532406,0.45088814965943397,0.2779538056873255
0.323126671217057,0.2294005795322487,0.4474727492506943
0.4679381427419308,0.24628523343743308,0.28577662382063623
0.24699428830121728,0.3634549572795149,0.3895507544192679
0.24683967611453717,0.22257894497371522,0.5305813789117476
0.3023479321684508,0.2788058672572275,0.41884620057432176
0.17607862504122973,0.3200218196848331,0.5038995552739371
0.2770502235186686,0.2024809047263314,0.520468871755
0.1777867168655814,0.39578439752353956,0.42642888561087916
0.23520221556833473,0.25216953825851685,0.5126282461731484
0.6053009791841027,0.2650701380117574,0.1296288828041399
0.26127520500913576,0.25720000503080037,0.48152478996006387
0.3252387262407954,0.3259005346829924,0.34886073907621223
0.32164242229227874,0.3350684175840304,0.34328916012369076
0.11620046213996421,0.2227316670893212,0.6610678707707146
0.06480976675359319,0.09350617588632898,0.8416840573600778
0.1361775257444528,0.21357564683016433,0.6502468274253829
0.6176183083178975,0.20787090289434423,0.1745107887877583
0.40983825420411624,0.24108029367897835,0.3490814521169055
0.3835330951667366,0.30160206009513335,0.31486484473813003
0.3508085219022487,0.2934703293600963,0.355721148737655
0.11874478500434896,0.4360368555962869,0.4452183593993641
0.39742414339636634,0.23004270547558972,0.37253315112804386
0.15813524327063047,0.3108695330066471,0.5309952237227225
0.0406606427934912,0.0776080927216372,0.8817312644848716
0.16094647240586515,0.47327387331586174,0.3657796542782732
0.26330923393384303,0.41267946501906727,0.3240113010470897
0.319723429667127,0.39249491318577745,0.28778165714709547
0.10720537023148882,0.1328162109859847,0.7599784187825265
0.17218510992482902,0.23905104109599615,0.5887638489791749
0.21078515585387886,0.3769877169334861,0.412227127212635
0.2905462425770123,0.2913151935644729,0.41813856385851483
0.6155061365250242,0.20956745609217528,0.17492640738280057
0.38217748999738965,0.24851240411743739,0.369310105885173
0.2880733108150208,0.187274248157742,0.5246524410272372
0.3242632030951469,0.4650969091483266,0.21063988775652656
0.13643202058987716,0.24263689738241226,0.6209310820277105
0.10805692363857539,0.17968009995985784,0.7122629764015669
0.2953551536275019,0.4544991400894734,0.25014570628302457
0.5513650636839877,0.21366205069522007,0.23497288562079216
0.09185458463397374,0.19900171492427576,0.7091437004417505
0.21304524582714301,0.3102370458666974,0.4767177083061595
0.071863163123889,0.07300563195899247,0.8551312049171185
0.10487420029319396,0.18047809629867512,0.714647703408131
0.1867140777346553,0.2356785095497256,0.5776074127156191
0.1961203177234645,0.24288631396898927,0.5609933683075461
0.32524388136103277,0.2118273973433382,0.4629287212956291
0.1822713061010051,0.2696494932660627,0.5480792006329321
0.3590234592247394,0.23236609958218263,0.40861044119307793
0.19424600761335425,0.14431353225227575,0.66144046013437
0.2555235284346217,0.16979358401766942,0.5746828875477089
0.4790319051441388,0.2704335221392639,0.25053457271659724
0.12231635595132907,0.41517491514841287,0.4625087289002581
0.4264999720327078,0.2575663576513998,0.3159336703158924
0.3766190009062288,0.17502602787987692,0.4483549712138942
0.414919669207327,0.327293893709797,0.2577864370828761
0.31200850017650317,0.22867994481328627,0.45931155501021065
0.12039661963883894,0.24661004066885017,0.6329933396923109
0.2637667527892867,0.21244730712146942,0.523785940089244
0.3912801406002311,0.2838350538963223,0.32488480550344656
0.3865955731005149,0.29644639830288594,0.31695802859659916
0.2535902761990987,0.2567688506564695,0.48964087314443183
0.21796829707629337,0.3742639413821533,0.4077677615415533
0.10172155388113992,0.201760986965749,0.696517459153111
0.2161034799475812,0.48186300601985294,0.30203351403256584
0.1120287970144528,0.442836101036054,0.44513510194949313
0.28192726044589744,0.24645334113951659,0.47161939841458606
0.5519623411899819,0.22914904010525214,0.218888618704766
0.1862783840627611,0.3898704720408112,0.42385114389642775
0.18657769671505126,0.37764325214517785,0.4357790511397708
0.43985345643490326,0.3265902928282785,0.2335562507368182
0.3027510861424808,0.34192208884851616,0.3553268250090031
0.3556024287080987,0.23781717098624652,0.4065804003056547
0.2912660038326561,0.24587089875808116,0.46286309740926285
0.21693668337050348,0.3319028328717392,0.45116048375775725
0.27866082995539443,0.23040938190528468,0.490929788139321
0.24585004367337304,0.2329598119520278,0.5211901443745992
0.14643090629400435,0.1434206390719369,0.7101484546340587
0.26970814116233155,0.46949463722850027,0.2607972216091683
0.35131159740512713,0.19308473238333515,0.45560367021153786
0.36258517968467696,0.3040605860966707,0.33335423421865246
0.22652895184675492,0.3885425143937005,0.38492853375954456
0.2664817524531832,0.38989729195694345,0.3436209555898734
0.281915651673612,0.4026326647199088,0.31545168360647924
0.48051049666660356,0.21384774161531392,0.30564176171808255
0.2324212853576204,0.32856457341171663,0.43901414123066307
0.3377570423001725,0.19803116310573243,0.4642117945940951
0.3176605414830254,0.2703398270241864,0.4119996314927881
0.32438188826064596,0.23856383572717738,0.4370542760121767
0.48432172956431707,0.2614098420383289,0.2542684283973541
0.35701345817516567,0.30476801084020405,0.3382185309846304
0.5936232364636722,0.15374773906178066,0.2526290244745472
0.3798041173771665,0.23059984544350107,0.38959603717933233
0.29943782483135456,0.2871649524168284,0.4133972227518172
0.5650648563595907,0.24782338234879284,0.18711176129161644
0.25271927634061125,0.29592103346820886,0.45135969019117994
0.32573330924252764,0.2927376645908223,0.38152902616665013
0.2917889132934969,0.4912562083603733,0.21695487834612978
0.35436450982229806,0.23854449963546906,0.4070909905422329
0.1922482579385053,0.4756556907355302,0.3320960513259645
0.12022226934226299,0.3308572805521962,0.5489204501055408
0.17108330491776613,0.3257148953615219,0.5032017997207119
0.22989835781093948,0.23517113826590355,0.534930503923157
0.32177023752224837,0.32366985254551994,0.35455990993223163
0.48448791482078674,0.19397668935013274,0.32153539582908064
0.37118545826583743,0.29743062251592184,0.3313839192182407
0.1303795470499099,0.3104018820920967,0.5592185708579934
0.16725053173141913,0.3519756630113677,0.48077380525721314
0.12523251737498492,0.21123215690708666,0.6635353257179285
0.2745296698492498,0.28683070056993676,0.43863962958081354
0.40871174557285755,0.24131527176693487,0.34997298266020765
0.6131837528283762,0.20374084803737888,0.18307539913424495
0.2637344223629516,0.23607182202655988,0.5001937556104885
0.4872250350597151,0.27566508397940137,0.2371098809608835
0.20405411392733852,0.2535373063849648,0.5424085796876966
0.35103968065624974,0.22460096493343878,0.4243593544103115
0.3043121743480111,0.21435268931109974,0.48133513634088915
0.23105962862127033,0.2708044299605572,0.4981359414181724
0.1275344831036569,0.31948674081846323,0.5529787760778799
0.12102733957185528,0.3897320792719949,0.48924058115614993
0.15375019292835204,0.22066703637285254,0.6255827706987955
0.23460704261018553,0.16248393414030518,0.6029090232495092
0.1191947740759572,0.13818941506267834,0.7426158108613644
0.33867604784954225,0.30463367340965847,0.35669027874079934
0.45844218223171357,0.2783254667867539,0.2632323509815325
0.15414671153270512,0.24613586085889785,0.5997174276083971
0.28761071774334873,0.2568635560846222,0.45552572617202897
0.2509261224495404,0.24548695299299245,0.5035869245574672
0.44099146060180044,0.20822215217969994,0.3507863872184997
0.11847928015035479,0.1524865028099692,0.729034217039676
0.1326276666377578,0.3604639744858499,0.5069083588763923
0.48101270374355526,0.24509298693333698,0.2738943093231078
0.25899302984514383,0.21087121998605227,0.5301357501688039
0.4186503794020309,0.18336197199789034,0.3979876486000786
0.18072146699041935,0.14879415199676674,0.6704843810128139
0.13241440243338715,0.29604938534808417,0.5715362122185286
0.35294791233011025,0.3679326211877713,0.27911946648211844
0.27524309959065485,0.27878282581204344,0.44597407459730165
0.3067443296985281,0.23996459380186086,0.453291076499611
0.10054939395220551,0.28466592194791757,0.6147846840998769
0.5370335095894148,0.2222952432610736,0.2406712471495115
0.1896020676021612,0.3903864067018498,0.42001152569598893
0.769239077594106,0.15608296573901553,0.07467795666687843
0.30248277133040985,0.19036895835342893,0.5071482703161613
0.24560459273355612,0.19592354591345876,0.5584718613529852
0.5403697392417511,0.29264779503619015,0.16698246572205874
0.2504952619633243,0.24917852012031508,0.5003262179163607
0.19354135128860242,0.44904754782854417,0.35741110088285344
0.3214367521188585,0.3160483871284334,0.362514860752708
0.4659905420656146,0.2560412702052928,0.2779681877290925
0.09398133694086941,0.24506083691430305,0.6609578261448276
0.19262256567671646,0.32753737817314904,0.47984005615013453
0.07800169711765165,0.18530993803680426,0.7366883648455441
0.17803845871138058,0.22180587260598253,0.6001556686826368
0.45491382975734385,0.17368711851935015,0.3713990517233059
0.37227186233523446,0.3105416513439649,0.3171864863208007
0.2863011966668036,0.45512929213856823,0.2585695111946282
0.39025497482495125,0.28047569376188264,0.3292693314131661
0.28024646890329485,0.27172233444909816,0.44803119664760693
0.2604753891383817,0.24179518661021782,0.4977294242514005
0.46934707570264084,0.27452024998022484,0.25613267431713443
0.1465274324085009,0.18809698761552496,0.6653755799759741
0.23340481418227907,0.2684706285804652,0.4981245572372557
0.23583014965696636,0.26108102268726474,0.5030888276557689
0.3721190117893561,0.26478809590745433,0.36309289230318953
0.3824798236189628,0.27193087875995453,0.3455892976210827
0.37168310532224336,0.2612244857814596,0.36709240889629696
0.27281477273996324,0.4373084118683813,0.28987681539165533
0.4216159749317682,0.3903126406156409,0.188071384452591
0.6383561691900029,0.19721487965752485,0.16442895115247222
0.09975274734914713,0.2862453400185995,0.6140019126322533
0.20233028123010202,0.24942930158200127,0.5482404171878967
0.3000174634066179,0.2634242665630287,0.43655827003035336
0.17067209308370895,0.28273760500087153,0.5465903019154196
0.18104212610307202,0.1767676893203899,0.6421901845765382
0.2100294801558436,0.2668244857009732,0.5231460341431833
0.2896267117011989,0.359913883177857,0.3504594051209441
0.20366898814217882,0.2264961149981935,0.5698348968596277
0.41110598908358775,0.23517848518877285,0.35371552572763937
0.4408771571638466,0.24096483128272053,0.31815801155343293
0.1937466725611983,0.2502529683994501,0.5560003590393516
0.3181402361813976,0.3350963393047803,0.3467634245138222
0.33191745282230795,0.30038554903227954,0.36769699814541246
0.18626192023771784,0.4187258895246176,0.39501219023766454
0.2568565151861379,0.34485605237895134,0.3982874324349107
0.44261892658505303,0.2162791798606117,0.3411018935543352
0.40514375032988315,0.2898873303624108,0.3049689193077061
0.10594103397030155,0.22745123472536868,0.6666077313043298
0.2143658856713808,0.24189050605496418,0.5437436082736551
0.31072402036860475,0.2078999534620816,0.48137602616931363
0.16873739698159546,0.33719441477027434,0.49406818824813015
0.29261551142382786,0.29561457173784095,0.4117699168383312
0.33664652738134665,0.2506590984767106,0.41269437414194277
0.3525566636046021,0.3227141264193285,0.32472920997606936
0.25262814249177734,0.21493356867237354,0.5324382888358491
0.308398558507847,0.2317825918346857,0.45981884965746733
0.15628049913711609,0.20341237832090314,0.6403071225419809
0.19450124276278563,0.24300191860016784,0.5624968386370466
0.2766204867685282,0.17559763228999117,0.5477818809414807
0.4523810733154015,0.3322451795926495,0.21537374709194917
0.2695577165444192,0.3999901749312147,0.3304521085243662
0.28325028418111853,0.2755342966399508,0.4412154191789307
0.14603420962569472,0.16215931768988234,0.691806472684423
0.38516608301282557,0.34831348708843457,0.26652042989873975
0.22852466142992958,0.2268360069712809,0.5446393315987895
0.6740084333129077,0.22145958827515677,0.10453197841193548
0.30913663740269115,0.3607313528216166,0.33013200977569235
0.3028455944939882,0.23198811821148516,0.4651662872945267
0.36623988411729486,0.31825004834293424,0.31551006753977096
0.5186146992327232,0.2131432219846682,0.2682420787826086
0.2904972144884595,0.21389039234628052,0.4956123931652599
0.526171711388806,0.22401542206562136,0.24981286654557255
0.28017327337560116,0.44703481769553927,0.2727919089288595
0.5088299780728457,0.304050201452023,0.18711982047513123
0.18085272878662745,0.2035637607104987,0.6155835105028739
0.4572754389251069,0.2460571279433716,0.2966674331315214
0.3902014636027229,0.22937798297297482,0.3804205534243022
0.6205419028007321,0.1835239913441663,0.1959341058551017
0.20673487353021328,0.16457781700740287,0.6286873094623839
0.26856961053762407,0.3379507346092581,0.39347965485311787
0.24010618140581533,0.35854304272753074,0.40135077586665396
0.20975612494879653,0.17737062317307267,0.6128732518781308
0.14978903675814367,0.14878972051657552,0.7014212427252808
0.36573644087281143,0.24776408248811255,0.386499476639076
0.5506370551831526,0.2548722358675503,0.19449070894929701
0.2159934693804176,0.23698594500208803,0.5470205856174943
0.34137584361178214,0.17964981184,0.4789743445482179
0.3942177960282948,0.22052024343347904,0.38526196053822614
0.4464402427187838,0.2361578388986365,0.3174019183825798
0.3226205038071922,0.2002271145376077,0.47715238165520013
0.22230964130454556,0.1805139182174792,0.5971764404779752
0.3406448951609966,0.39858455454120867,0.2607705502977947
0.2806937172810237,0.2837623194302108,0.43554396328876555
0.23224633975165085,0.414278539183409,0.35347512106494017
0.11062083448341453,0.15016837179283823,0.7392107937237472
0.14870185040502265,0.2368471204369556,0.6144510291580217
0.3632661444992812,0.18882390245140127,0.4479099530493176
0.17256360794681447,0.2833906594649733,0.5440457325882122
0.46201880324517325,0.26442291511677385,0.2735582816380529
0.20232345337152124,0.16108177950239314,0.6365947671260855
0.4194987418885935,0.2300754148011437,0.3504258433102627
0.29585423731912414,0.4774775340384468,0.22666822864242914
0.1945507446280454,0.30717164141829223,0.4982776139536624
0.15261825589372366,0.4209563879446538,0.4264253561616226
0.3255751278062998,0.2691855995447968,0.40523927264890336
0.20488455894134863,0.1509661901027718,0.6441492509558795
0.11117855694283772,0.18152179395475485,0.7072996491024075
0.1606625056763573,0.3521292422026883,0.48720825212095437
0.43230346160030947,0.25713519930755724,0.3105613390921333
0.2816312851544207,0.26236703525056254,0.45600167959501675
0.10307272852014594,0.22649063406555156,0.6704366374143025
0.19091910858432895,0.27064784121846114,0.5384330501972099
0.35765341228496444,0.26104743595325125,0.3812991517617844
0.2929441614655642,0.1926399766670017,0.5144158618674342
0.18152894406499462,0.31751570682824815,0.5009553491067572
0.3851820430566298,0.32172986308565904,0.2930880938577111
0.2865690643750706,0.263120777496877,0.4503101581280523
0.1845095572364237,0.24465633221278993,0.5708341105507864
0.2303876012458113,0.2339767179351339,0.5356356808190548
0.28034039430013596,0.26596606677405327,0.45369353892581077
0.341259463842634,0.22692010541909427,0.43182043073827175
0.23954393470045746,0.26502955974921694,0.49542650555032564
0.2503666694940449,0.34166989385358665,0.4079634366523684
0.10671665924184733,0.1780103834746484,0.7152729572835044
0.19787988489935607,0.3394173591594151,0.46270275594122884
0.3502619519636483,0.20756818008319275,0.44216986795315905
0.1895701077198537,0.3309725406518055,0.4794573516283407
0.2629090041203788,0.31761273306590637,0.4194782628137148
0.3571489490241679,0.1514316949306087,0.4914193560452234
0.12347379078526163,0.14213838499086393,0.7343878242238744
0.18458569017338855,0.2824522243242473,0.5329620855023641
0.19360962600626244,0.27066098198917904,0.5357293920045585
0.32733700548288874,0.21750432591872473,0.45515866859838655
0.42020330822512186,0.32736054098714834,0.25243615078772974
0.6214314284036956,0.18657546695382793,0.1919931046424764
0.1296110752762461,0.3119878846995675,0.5584010400241863
0.27226379184211225,0.4822959043803792,0.24544030377750842
0.46724938427506263,0.16281908708113016,0.3699315286438073
0.36967085222378976,0.2847799919600507,0.3455491558161596
0.23790052992199384,0.1699625725312404,0.5921368975467658
0.22583293560081044,0.24842449202296202,0.5257425723762276
0.19853297721502766,0.21392556518436717,0.5875414576006052
0.196010214451646,0.18083618712983066,0.6231535984185232
0.32029434287896014,0.288270729516551,0.39143492760448895
0.23094326765109333,0.2636244839391305,0.5054322484097762
0.2328201290670558,0.24084945474475644,0.5263304161881878
0.40418350563182764,0.29540674411395484,0.30040975025421746
0.17651730041761773,0.2355960079114505,0.5878866916709318
0.09808063552716284,0.17306489614733706,0.7288544683255002
0.2849450928267968,0.29410868331223233,0.42094622386097097
0.2087388005867448,0.310515257247959,0.4807459421652963
0.28981412041447485,0.25218333031541257,0.4580025492701125
0.15981917533661374,0.5907092840516357,0.2494715406117506
0.2589368362260631,0.24111993356738795,0.49994323020654896
0.5155141545456949,0.22984649242385952,0.2546393530304456
0.2681247642996258,0.2970651753347325,0.4348100603656417
0.280983410460781,0.236246217330577,0.482770372208642
0.11402637537181777,0.11747706452896611,0.7684965600992161
0.1973153319222182,0.3371478975642235,0.46553677051355835
0.2294254265141693,0.2231835060490372,0.5473910674367936
0.21139825051248248,0.26448202489296097,0.5241197245945566
0.3224874078758966,0.28692533216053207,0.3905872599635714
0.4687761469713393,0.29146709450346137,0.2397567585251992
0.36542772159832254,0.29207072582135857,0.3425015525803189
0.2521007429041061,0.24826182418450157,0.49963743291139245
0.1389681694749811,0.2668665969436519,0.5941652335813669
0.19703434800270853,0.31628492684184917,0.4866807251554423
0.11966866269263489,0.11343632204631003,0.7668950152610551
0.28960941165163856,0.29031539030780534,0.4200751980405561
0.46306874331138975,0.2472476200144569,0.28968363667415337
0.23443831354303596,0.1889158247459705,0.5766458617109935
0.3766364362203481,0.26953236426597643,0.3538311995136755
0.36266941645972245,0.3175251256388385,0.3198054579014391
0.1802994068515872,0.25358665011343634,0.5661139430349764
0.22183039372595378,0.12252854942919124,0.655641056844855
0.26402098993231593,0.22767177792351193,0.5083072321441722
0.17468875917616786,0.28835884628956926,0.5369523945342629
0.2414501512390705,0.32676152086052646,0.43178832790040295
0.1013744701976596,0.1987362959711682,0.6998892338311722
0.34366547355279725,0.32450352215399414,0.33183100429320855
0.07827521013038079,0.11795062048041957,0.8037741693891997
0.2482490579558878,0.18921035913360734,0.5625405829105049
0.25248704383836273,0.4073566612214184,0.3401562949402189
0.3790048339524619,0.25407935783067054,0.36691580821686753
0.2980574420563107,0.48300732394728757,0.2189352339964018
0.31988355303055205,0.2973226283671471,0.3827938186023008
0.521963367739502,0.2730363448234461,0.2050002874370519
0.303346792052254,0.23438429257145696,0.462268915376289
0.35936839568866275,0.277847459617274,0.3627841446940632
0.15887876144549234,0.18133949711240305,0.6597817414421046
0.3844075018173879,0.20571882508549494,0.40987367309711703
0.42530455179612314,0.26763521370383203,0.3070602345000449
0.31247149545013153,0.1737861048093177,0.5137423997405508
0.31517195705146084,0.28437878380428727,0.4004492591442519
0.3259748181355083,0.2938014335992263,0.3802237482652653
0.432643131290463,0.17803842648979362,0.3893184422197433
0.17916328268078946,0.2351368065292572,0.5856999107899533
0.3090407034813154,0.3806982616653421,0.31026103485334244
0.4807633810622689,0.2494519470423411,0.2697846718953899
0.24663186617379035,0.28252208473006246,0.47084604909614725
0.3108912104308091,0.3580863244397377,0.33102246512945327
0.12644240182217273,0.2536565714588014,0.6199010267190259
0.1355134464931325,0.1907695065686035,0.6737170469382641
0.33533683445056184,0.3505535198665434,0.3141096456828948
0.329765700097406,0.1796214798013113,0.49061282010128254
0.4003381204693875,0.26551376363179263,0.3341481158988199
0.2786592251259118,0.27330013311425466,0.4480406417598335
0.10580358936133052,0.24330925480918347,0.650887155829486
0.3293590805144151,0.40443884200080055,0.2662020774847844
0.24920401189570834,0.24357097154865529,0.5072250165556363
0.37495090434666845,0.3098331829552062,0.31521591269812527
0.2330466540842191,0.3524828400347752,0.4144705058810057
0.23516186653299412,0.31422854184999816,0.4506095916170077
0.5663224608277121,0.17471638909367576,0.25896115007861215
0.3779805452403569,0.25363876803367164,0.3683806867259715
0.3170237671238384,0.30729836416926726,0.3756778687068943
0.12765913649781113,0.31900572118926124,0.5533351423129276
0.1829937226996784,0.2013728391974157,0.6156334381029059
0.4411814808639971,0.20871688202151553,0.3501016371144872
0.23009065908176293,0.41334210126228255,0.35656723965595455
0.304748480799389,0.2015012315298552,0.4937502876707559
0.2687195353730059,0.3100887585599687,0.4211917060670254
0.38868328314630907,0.36393347822497735,0.2473832386287136
0.33042321018319365,0.210103264984502,0.4594735248323044
0.41046238291696513,0.3505670082316902,0.23897060885134483
0.3208271667005061,0.218659244146334,0.4605135891531599
0.3038379506685329,0.17508090145740643,0.5210811478740607
0.25417232904430936,0.2076531099904955,0.5381745609651952
0.46561279937947203,0.3018606750815728,0.2325265255389552
0.5772378706668362,0.21927528061398577,0.20348684871917808
0.11509957948914717,0.17960338519898353,0.7052970353118694
0.48691691335060183,0.16807390249091064,0.34500918415848764
0.5339677584460407,0.29101346725301924,0.17501877430093996
0.380140678210036,0.2769429797715968,0.3429163420183671
0.22768854388764714,0.24673000070689388,0.525581455405459
0.1039159443368071,0.2552572785125423,0.6408267771506505
0.4801194644154637,0.2605651471462875,0.25931538843824875
0.1166971299465067,0.14845379641548598,0.7348490736380074
0.39674214314908657,0.24124156682745504,0.3620162900234583
0.34373096450287816,0.22130188266478715,0.43496715283233467
0.3776853285283467,0.24976634104235676,0.3725483304292966
0.17844211263786822,0.25658451269027516,0.5649733746718567
0.4834521279369794,0.29022618827129476,0.22632168379172585
0.25728486627299607,0.26654518191060406,0.47616995181639976
0.2527885505077246,0.22186316001306902,0.5253482894792064
0.15741247433869632,0.2511030739082019,0.5914844517531018
0.23393211686883633,0.29038991711010903,0.4756779660210546
0.1748864654050611,0.31212812350592783,0.5129854110890111
0.24378612728245708,0.24110091076197204,0.5151129619555709
0.38736181141835385,0.2543632535607608,0.3582749350208854
0.3938570048454538,0.23825122774577395,0.3678917674087724
0.4186297334963131,0.2653629329234806,0.3160073335802062
0.20422428323176248,0.2203222961320751,0.5754534206361624
0.22860733951939946,0.26756333796497767,0.503829322515623
0.5410389951486174,0.16844713016051155,0.2905138746908711
0.13537400831172272,0.23694468033806365,0.6276813113502137
0.5130101248135748,0.2656432014699651,0.22134667371646008
0.22667442015724007,0.3951551869939001,0.37817039284885984
0.4178353714318536,0.17540455504309574,0.4067600735250506
0.4427732572642031,0.24185201466263254,0.3153747280731644
0.20290397278193104,0.35178453679222893,0.4453114904258401
0.42048647876553147,0.2806655695997102,0.29884795163475847
0.49494331788986995,0.29517005363846044,0.2098866284716696
0.17202490942395363,0.2066759029049084,0.621299187671138
0.30304327644617024,0.3626111318611497,0.33434559169268013
0.3743551271857831,0.17689088195257427,0.4487539908616425
0.3686980583814543,0.3106942794874106,0.3206076621311352
0.24888393455700364,0.30030930683059687,0.45080675861239955
0.4940180728642424,0.2702664042894409,0.23571552284631678
0.24046032962530953,0.13496203411704874,0.6245776362576417
0.5435224202743163,0.2518500136517397,0.20462756607394417
0.6132711367228012,0.21132531846144706,0.17540354481575177
0.3913634888829202,0.21466227153425252,0.39397423958282723
0.13585878334383855,0.2570136547280009,0.6071275619281606
0.29980905137619784,0.27373207329620436,0.4264588753275977
0.4582741630581215,0.37492953614421204,0.1667963007976663
0.3440043789473253,0.22370370865378122,0.43229191239889353
0.2562512219294929,0.2535377381937503,0.49021103987675674
0.3499864330013155,0.383761985893923,0.2662515811047616
0.16418050022187208,0.1610770248830005,0.6747424748951274
0.2561739516154115,0.5003841443698409,0.2434419040147475
0.4199281490335315,0.2453066626893295,0.334765188277139
0.3411170872172568,0.3448852422485563,0.3139976705341869
0.246768005282561,0.3021344538612668,0.4510975408561722
0.1595876783981489,0.18071249946673612,0.6596998221351149
0.3678252214157871,0.30927094849925807,0.32290383008495477
0.05562368403008215,0.09369373680278119,0.8506825791671365
0.08211427288916191,0.16859319637250428,0.7492925307383338
0.33067320040552994,0.3415922915877125,0.3277345080067575
0.1800578473229579,0.28627101746094935,0.5336711352160928
0.4850782067114103,0.2499824228627339,0.2649393704258558
0.17564667578539486,0.24748721480674216,0.576866109407863
0.11043176292045422,0.3574485927193417,0.5321196443602041
0.5871353857357752,0.20057929830599902,0.21228531595822567
0.5734950855741153,0.19248215716724681,0.23402275725863797
0.5040383129990124,0.23780616762907714,0.25815551937191056
0.2818363325787487,0.21827654144823075,0.49988712597302065
0.24021233094540673,0.30358374370516267,0.4562039253494307
0.1174866947528393,0.18667396682654136,0.6958393384206193
0.08683136747066447,0.1959842106077519,0.7171844219215836
0.23589859268436245,0.22055266272379917,0.5435487445918383
0.24904541101070518,0.23000678425283255,0.5209478047364622
0.2087334234115322,0.21430754866905719,0.5769590279194107
0.23392312894772155,0.3071826449348654,0.458894226117413
0.21214717769029012,0.2111514012248245,0.5767014210848854
0.289630776301343,0.19723784921976398,0.513131374478893
0.0849022656467905,0.1297642033623182,0.7853335309908913
0.1670781386962042,0.29483475531663705,0.5380871059871587
0.25561189512046206,0.21896186548322322,0.5254262393963147
0.260676261514528,0.2565758441362444,0.4827478943492276
0.22139782537124048,0.3272307037758323,0.4513714708529272
0.10791378155820311,0.3559263665819318,0.5361598518598651
0.25453713303594594,0.3550021088939937,0.39046075807006037
0.20997539991500624,0.36500646234754275,0.42501813773745095
0.2883218649317355,0.34418493449185616,0.3674932005764084
0.4767493412583616,0.23398335591975095,0.28926730282188745
0.31153952643743016,0.20231509485883087,0.486145378703739
0.15724597026790765,0.31067919803191524,0.5320748317001771
0.323679288671437,0.23053643478035715,0.4457842765482057
0.18254796395372325,0.2461006804432859,0.5713513556029909
0.3753262936891327,0.19979006004078426,0.42488364627008307
0.18542437915813106,0.2806861486750924,0.5338894721667765
0.3935948512728776,0.2979713720196363,0.3084337767074861
0.4161094867210496,0.2845379621203491,0.2993525511586015
0.2051935414409053,0.34762279333734486,0.4471836652217498
0.17219828591060124,0.1626462476340416,0.6651554664553572
0.31597026201968964,0.30378741332744924,0.3802423246528611
0.1285990888971457,0.32886613605325205,0.5425347750496023
0.45996605783514355,0.34612916719089665,0.19390477497395975
0.17512417501906674,0.3078277984217376,0.5170480265591957
0.45247121685327596,0.22022708034264368,0.3273017028040805
0.24235085087537467,0.3610616733152781,0.3965874758093473
0.25765652569878544,0.3094357208465781,0.43290775345463645
0.3227819593031698,0.3266397365832833,0.3505783041135469
0.3203327789470029,0.3282309995739958,0.3514362214790013
0.2985167682683619,0.2955174558211014,0.4059657759105366
0.5450915224538724,0.2314285749115526,0.223479902634575
0.4872095653796172,0.16620790227806476,0.346582532342318
0.368468942045627,0.2452210949398388,0.38630996301453413
0.19885028631411578,0.3989837784380403,0.4021659352478439
0.35079029575277704,0.32037670993409484,0.3288329943131282
0.5604713830210903,0.2443987527738024,0.19512986420510725
0.4055393510067998,0.29145431021452733,0.3030063387786729
0.33907212331320724,0.2650607289892033,0.3958671476975894
0.12808344921699202,0.31972762453896963,0.5521889262440384
0.2748865329969795,0.3654371719940536,0.35967629500896703
0.30077771290364314,0.20156659886592593,0.49765568823043094
0.252836898905573,0.27618310640271765,0.4709799946917095
0.2628262797696795,0.35722826928458906,0.37994545094573146
0.1944620122536867,0.20326209628063882,0.6022758914656745
0.4724961807431741,0.2529217254043321,0.27458209385249377
0.16849604096856477,0.23315897167869992,0.5983449873527352
0.2407197475122743,0.33938012471299295,0.41990012777473273
0.5317907181290625,0.28482739470610446,0.18338188716483306
0.34901545399009276,0.21176641277063296,0.4392181332392743
0.3626603913297163,0.25959814891947725,0.3777414597508064
0.1507417913209316,0.2173449597058448,0.6319132489732237
0.3673911141138606,0.2942097496998589,0.3383991361862805
0.2551171265713774,0.19669237443618576,0.5481904989924368
0.41714491077385973,0.3013512982255323,0.28150379100060796
0.3572813082608768,0.3580051016287263,0.284713590110397
0.22720579016450698,0.3033522385903313,0.46944197124516157
0.33030822015036093,0.3050398855758654,0.3646518942737736
0.23249954268490042,0.2048507794312098,0.5626496778838898
0.2501140969038672,0.24097639944067764,0.5089095036554552
0.07047138932253975,0.10148509649259937,0.828043514184861
0.3106129825335567,0.2434454088509835,0.4459416086154598
0.1903968894202509,0.2197403908021303,0.5898627197776187
0.2325922053050688,0.2771768484593776,0.49023094623555363
0.42517638874179503,0.31806994490938567,0.2567536663488193
0.2293165954341753,0.3175296082315146,0.45315379633431013
0.41582705348811494,0.19876286954615827,0.3854100769657269
0.15589544911387357,0.1811298994584437,0.6629746514276826
0.14271300595773526,0.31215499149672876,0.5451320025455361
0.1356411693297295,0.21819892937732707,0.6461599012929434
0.22678910021843557,0.3795634592480743,0.39364744053349016
0.17663797061325212,0.4154918192688671,0.4078702101178808
0.260223423990404,0.3915759289462881,0.3482006470633079
0.3605503727345265,0.2039866024508631,0.43546302481461047
0.4547362176122648,0.3016087650829878,0.2436550173047476
0.24623261908112526,0.24094773598792554,0.5128196449309492
0.48603268641428,0.23291537931017098,0.2810519342755491
0.2595982982884975,0.3271025395170447,0.4132991621944579
0.605307104839204,0.2475508193611074,0.14714207579968866
0.06647826383665352,0.20943179610645687,0.7240899400568896
0.2521798322947277,0.28038329416337987,0.4674368735418924
0.29816651423822493,0.24340403252557333,0.4584294532362018
0.3520529634445265,0.24463290569517432,0.40331413086029916
0.23805537476965144,0.24249865124122055,0.519445973989128
0.09830026182876643,0.28479190781537517,0.6169078303558585
0.12391854780593531,0.32840416947721446,0.5476772827168503
0.34652837137585457,0.2189767056397168,0.4344949229844287
0.17990031169958673,0.32551744598354615,0.49458224231686715
0.3177051897703743,0.23353470222436223,0.4487601080052635
0.1302279022392266,0.4679347836858761,0.40183731407489737
0.2179056807506571,0.33299961352005175,0.44909470572929105
0.26810883485345666,0.1713577621899932,0.5605334029565501
0.302965443446015,0.24902273355388102,0.44801182300010406
0.17126738377080297,0.18295243090600122,0.6457801853231958
0.23600502726950062,0.4153491709119711,0.3486458018185283
0.321122025008753,0.43979009832816146,0.23908787666308562
0.25084094084930386,0.24452076306272919,0.504638296087967
0.18129340450705037,0.38051607554098893,0.4381905199519607
0.09628353832640739,0.1388703891795752,0.7648460724940174
0.24384893064559585,0.24959482614761727,0.5065562432067868
0.22135803423198833,0.24117497051756606,0.5374669952504456
0.39009551601572673,0.33422886303696697,0.27567562094730635
0.2217298165119757,0.4301310267289342,0.34813915675909013
0.41645460384381894,0.23300997928623213,0.35053541686994893
0.18603983029935295,0.24465561822722143,0.5693045514734256
0.39029067131929635,0.370003520720672,0.2397058079600316
0.21122902812932548,0.14605898566233094,0.6427119862083437
0.20658547976823508,0.3021099140343924,0.49130460619737265
0.23435600728973935,0.3480001538864513,0.41764383882380945
0.31680239017749434,0.3008038165097918,0.3823937933127137
0.29671933726291,0.44991214813767044,0.25336851459941956
0.23072970281804725,0.44778653815982805,0.32148375902212467
0.112860437510987,0.25262992954859065,0.6345096329404224
0.2814873425671385,0.1874441397840826,0.5310685176487789
0.21203246782695928,0.34028340651406214,0.4476841256589785
0.19723489906518457,0.2813331060234834,0.521431994911332
0.3318293042435524,0.35989895688494056,0.30827173887150694
0.33954521733771836,0.22198159958040464,0.438473183081877
0.12545567378170847,0.4142571016699386,0.4602872245483529
0.22731770900917606,0.20644133892068284,0.5662409520701411
0.22330526201260273,0.2514926937806177,0.5252020442067796
0.16264857437925673,0.20383337652927777,0.6335180490914655
0.21226720597452498,0.1660465791298924,0.6216862148955825
0.34510495119908724,0.24437229043656997,0.4105227583643428
0.15139293881407428,0.228804738212227,0.6198023229736987
0.31339943146155447,0.30747143147667255,0.3791291370617729
0.24759273454538297,0.4134274549072392,0.33897981054737786
0.14166919815711826,0.16008294059000724,0.6982478612528745
0.48285837044568153,0.3312301943473437,0.1859114352069747
0.4339705016044771,0.3348468909018557,0.23118260749366717
0.10592422721306816,0.31006138790820237,0.5840143848787295
0.4768604386360845,0.21277715096872946,0.31036241039518603
0.2578750555475053,0.3673244527360647,0.37480049171643
0.3680769705282438,0.2994432965219193,0.33247973294983674
0.27603010695102864,0.33107569310621837,0.39289419994275293
0.5727954476578411,0.21939788795382031,0.2078066643883385
0.2778604158110637,0.30176441397890924,0.4203751702100271
0.24198178237949877,0.2029951820795011,0.5550230355410002
0.1933446302741935,0.28332648825567963,0.5233288814701268
0.1887574392677617,0.2104940290861684,0.6007485316460699
0.27999035233991865,0.2001269899395807,0.5198826577205007
0.1523097419396639,0.25804473135840483,0.5896455267019313
0.332616166225564,0.4300820951052052,0.23730173866923074
0.20309298752867752,0.24806594520995603,0.5488410672613665
0.16302534290909218,0.14745927998874966,0.689515377102158
0.2772980267281262,0.28453633917798815,0.4381656340938857
0.14441384805509455,0.2047605454905415,0.6508256064543639
0.1991023640434955,0.15438103212896337,0.6465166038275412
0.1256896506239612,0.1147960071695613,0.7595143422064776
0.4708490944692122,0.29936278285109275,0.2297881226796951
0.29142484431308796,0.3045639292317889,0.40401122645512305
0.08038819446396162,0.14892740955742276,0.7706843959786156
0.4517346273100945,0.30204821200555626,0.2462171606843492
0.37008843437296507,0.30873941956258955,0.3211721460644454
0.13409389092991467,0.3266375945349045,0.5392685145351809
0.1690761001486151,0.24273514428033605,0.5881887555710488
0.24225347614058584,0.21970183418238232,0.5380446896770318
0.253168196960927,0.17969592209359517,0.5671358809454778
0.4559417274870861,0.218846112563459,0.3252121599494549
0.2626715499592612,0.38693965982287437,0.3503887902178645
0.2266648876310166,0.37278831558865083,0.40054679678033256
0.25642249648320575,0.24871610183820705,0.4948614016785872
0.15215113859843094,0.17720452401399586,0.6706443373875732
0.2531357761359104,0.2666727611199375,0.4801914627441523
0.4728650841836231,0.22173534518072452,0.3053995706356525
0.5735248683086568,0.18368756831838284,0.24278756337296045
0.361351591328104,0.2009617183041385,0.4376866903677575
0.22693727736612218,0.23984509790293165,0.5332176247309462
0.3201243803742561,0.19092316551897603,0.48895245410676785
0.2331644078818639,0.29808565866692194,0.4687499334512141
0.4852558530156052,0.22743028846806987,0.2873138585163249
0.21879963282007597,0.203387181477322,0.577813185702602
0.12963104694359867,0.17647120434294097,0.6938977487134604
0.31094390659221266,0.3266851680501001,0.36237092535768717
0.23268612180438092,0.3309132773730242,0.43640060082259496
0.14652210711226885,0.12099149426702287,0.7324863986207082
0.30948768983186065,0.3369166819135942,0.3535956282545452
0.4658883062846713,0.18664846553125103,0.34746322818407754
0.38725519647123435,0.4071857534211283,0.2055590501076373
0.2436562852635719,0.1962155570067879,0.5601281577296402
0.3140848247758887,0.21108144932706152,0.47483372589704975
0.11499348623380092,0.2803817184552937,0.6046247953109054
0.4234174715701264,0.3033444172298926,0.2732381111999809
0.23225445778298864,0.3598985159731398,0.4078470262438715
0.39561295085325276,0.2899958100108572,0.3143912391358899
0.3001650785081741,0.2725741142879926,0.4272608072038334
0.09053731623343274,0.15642546684720565,0.7530372169193617
0.4710583003820032,0.16699490168388534,0.36194679793411144
0.1318331922267412,0.20557643451570365,0.6625903732575551
0.35882971138626957,0.3294546055385679,0.31171568307516256
0.4560235036773261,0.20173221458076343,0.3422442817419104
0.41094755813561457,0.2626092765982428,0.32644316526614264
0.46423252433596773,0.28273805890190085,0.2530294167621313
0.40609233977998027,0.30696943343339805,0.2869382267866218
0.35120124303969336,0.26057960083473153,0.38821915612557517
0.21123791220820695,0.3395582299862391,0.449203857805554
0.5356742587621746,0.26253923053328343,0.20178651070454198
0.3351805048247574,0.23290964925954,0.4319098459157027
0.0866648735120939,0.10534131031785693,0.8079938161700492
0.20148362722111476,0.3090393528915878,0.4894770198872975
0.2633138535402321,0.37210607867489054,0.3645800677848774
0.12028715874661976,0.17601915652439656,0.7036936847289836
0.19399853710490605,0.21992324370693847,0.5860782191881555
0.5128948027561836,0.2653977102650281,0.22170748697878817
0.280086468338703,0.3088603991466167,0.41105313251468034
0.33958453390017657,0.3971446003081934,0.2632708657916301
0.54899923302888,0.21900761123126095,0.23199315573985899
0.24734728579572168,0.37503229331425764,0.37762042089002057
0.449369282689086,0.17733216670530128,0.3732985506056127
0.23455919777378095,0.22912634522079184,0.5363144570054271
0.6192656507554789,0.19687619581897553,0.18385815342554568
0.4147025773001403,0.29336833596634765,0.2919290867335121
0.35488502100042857,0.32476228969997967,0.32035268929959176
0.46480182168533274,0.2762951336664079,0.2589030446482593
0.08898358945206918,0.16537129512122817,0.7456451154267028
0.2524420102828044,0.2694883518104832,0.47806963790671236
0.09557238557994975,0.2568642479248876,0.6475633664951626
0.6926513606792352,0.125686058087886,0.18166258123287876
0.15702719938021942,0.25683609701878746,0.5861367036009931
0.2528682790747972,0.3295402980630626,0.41759142286214007
0.11458758820912197,0.15434855475949866,0.7310638570313792
0.1971865479476213,0.2974045178936111,0.5054089341587676
0.21657296036365511,0.2777560647692917,0.5056709748670533
0.4307586262850068,0.2373458522750207,0.3318955214399724
0.18582150362116226,0.18096323766131384,0.6332152587175239
0.41700164472208445,0.2619173336739392,0.3210810216039763
0.3800551090082422,0.18675770254715,0.43318718844460785
0.13398858290892363,0.26481436494529004,0.6011970521457862
0.20624902285648314,0.19378298732079244,0.5999679898227244
0.3656492182353501,0.19862431758266166,0.4357264641819882
0.12944190936797292,0.16221832650181803,0.708339764130209
0.19743118891377764,0.46203565048492223,0.34053316060130023
0.39154890764311545,0.28205132868839883,0.32639976366848567
0.23265946832566098,0.27193837328988996,0.495402158384449
0.10457945805182599,0.11861614412495787,0.7768043978232162
0.26284777608836996,0.2639241583016177,0.47322806561001235
0.23665037572060837,0.28845244287060684,0.4748971814087848
0.4282546410390607,0.24503898938826493,0.32670636957267446
0.3877839403877856,0.25704460844619453,0.3551714511660199
0.28308461411415337,0.20728708282178354,0.5096283030640631
0.13333994988791373,0.6313847824711585,0.23527526764092768
0.44448723913377425,0.2574356672188067,0.2980770936474191
0.1773155060748731,0.18982199094909805,0.6328625029760289
0.5748105492269128,0.23184615438337708,0.19334329638971018
0.24201821341427407,0.27102867435340733,0.48695311223231863
0.20173256047652285,0.39732317739708223,0.40094426212639495
0.3548515705254106,0.18185947971929037,0.463288949755299
0.2990197379324338,0.2781888640490953,0.4227913980184709
0.1813603981554154,0.19625058714593957,0.622389014698645
0.25282053835478235,0.3362541671716036,0.4109252944736141
0.3571835254938066,0.2245800769002958,0.4182363976058975
0.28676043827787523,0.21376133982006223,0.4994782219020624
0.21132199070708882,0.25499110001033554,0.5336869092825757
0.2666907276494173,0.19478870078289526,0.5385205715676874
0.23985576745307374,0.3488647238396293,0.41127950870729685
0.11043184135267231,0.18137613101750577,0.708192027629822
0.08212445957501203,0.22347945904906863,0.6943960813759192
0.3425497272522526,0.3603539302265408,0.29709634252120665
0.13741332059010636,0.3524731836958741,0.5101134957140195
0.4104811618231623,0.32791335611383154,0.26160548206300616
0.3950825786201104,0.29592423910930354,0.308993182270586
0.32068671560585876,0.18057372335065636,0.4987395610434849
0.5403217244367047,0.1891941018923252,0.2704841736709702
0.34439174829599756,0.35579673036096554,0.2998115213430369
0.31675743854126986,0.273984957861054,0.40925760359767616
0.25788636912761986,0.3451960658886341,0.39691756498374603
0.16857910017510563,0.1930403401517687,0.6383805596731257
0.22067479848178426,0.36352817899763257,0.4157970225205832
0.49161918321631637,0.3022296015578258,0.20615121522585783
0.23126380293974852,0.3153386677784587,0.4533975292817929
0.05563885507988972,0.054663559428923925,0.8896975854911863
0.3079358232229121,0.31877119871191356,0.3732929780651744
0.5330558643778048,0.20921874889120984,0.25772538673098544
0.2892869407869368,0.3719858803790407,0.3387271788340226
0.5781043318875253,0.22210204212012197,0.19979362599235287
0.15854235770224198,0.1898598774785618,0.6515977648191963
0.7157147160676562,0.1431382058410923,0.14114707809125152
0.1652890885824916,0.19278141719723008,0.6419294942202785
0.1800697261643312,0.27511768140798704,0.5448125924276818
0.2457026006645297,0.24920492683761478,0.5050924724978555
0.37890111262413956,0.28022313333717286,0.34087575403868764
0.2161123070901457,0.3564953260107936,0.42739236689906074
0.23225152209727223,0.3557798725384993,0.41196860536422847
0.49314546396601194,0.2786213409934438,0.2282331950405443
0.394448729950589,0.19706285253312705,0.40848841751628384
0.15782775993376047,0.3171686158910225,0.525003624175217
0.3118050127606958,0.44577138497455493,0.24242360226474935
0.3135539129456131,0.2723275008796282,0.4141185861747586
0.35673761260938164,0.18881860778334522,0.45444377960727306
0.4693025843698928,0.25174527375367217,0.278952141876435
0.36112521783398177,0.38401552862239424,0.25485925354362404
0.48612458320635255,0.3125333739725871,0.20134204282106036
0.16047895823824482,0.3079408706660788,0.5315801710956765
0.23737517990792062,0.2739476815452884,0.4886771385467909
0.2818952666502108,0.30227045990422363,0.4158342734455655
0.41725340401648753,0.22433530356430434,0.35841129241920805
0.20008083588888795,0.24524420114186138,0.5546749629692507
0.4882995415269687,0.2009834336356574,0.3107170248373739
0.2713950487323749,0.29830999311447354,0.4302949581531516
0.32333878334617244,0.28133274476135156,0.395328471892476
0.3673579716603791,0.3413814356023271,0.29126059273729393
0.42970788541056903,0.3362461336577384,0.23404598093169257
0.3053179003914357,0.3255303139021086,0.36915178570645557
0.15709203061124064,0.26251898338907026,0.5803889859996891
0.2965531924337131,0.31307559676963836,0.39037121079664855
0.6027460301618041,0.16862219992503266,0.22863176991316325
0.30461181132790116,0.2058575496194698,0.48953063905262895
0.2520605913163456,0.23683710947437595,0.5111022992092784
0.10441012517529451,0.18363323648531757,0.7119566383393878
0.22765415913430484,0.3904748518699952,0.38187098899569993
0.5727270146701496,0.13829454807866026,0.2889784372511901
0.5005824453053642,0.24540646747551464,0.2540110872191211
0.35447055526225557,0.2500005228407814,0.39552892189696304
0.342654003160024,0.2522856527588759,0.40506034408110014
0.13708578459744356,0.47740924624722125,0.3855049691553351
0.335412754367549,0.1816338377804098,0.4829534078520412
0.20777436838239777,0.15009871496165755,0.6421269166559447
0.18163436916929857,0.18633014907234038,0.632035481758361
0.4134423985611492,0.2401584249236178,0.3463991765152329
0.3545737068321458,0.26906230760296507,0.37636398556488926
0.1678042553083914,0.3696041724948061,0.46259157219680247
0.11870944139862788,0.15622859207068213,0.72506196653069
0.21141744575878402,0.2607225563420033,0.5278599978992127
0.3606978202469077,0.1937614698307871,0.4455407099223051
0.25712117029149584,0.19525830521932744,0.5476205244891768
0.2626880389941652,0.2805851127282941,0.45672684827754056
0.17101134031494972,0.13111375598478442,0.6978749037002658
0.19866589119015304,0.24431513196857868,0.5570189768412683
0.36316854723097197,0.2922701390253814,0.3445613137436466
0.30024632709926385,0.30492787104603863,0.3948258018546975
0.1468493418542345,0.1701142764460878,0.6830363816996777
0.316791022512072,0.3576819955392324,0.32552698194869556
0.12332466119695212,0.20156838395040438,0.6751069548526434
0.23905766580066948,0.28895359264696,0.47198874155237047
0.2825128057610561,0.24821977932108374,0.4692674149178601
0.36415588524998793,0.3777501066630344,0.2580940080869776
0.23541982284152674,0.17865249481102444,0.5859276823474489
0.21906382887648237,0.2503408107306525,0.5305953603928651
0.41675994253799453,0.22636272481041358,0.3568773326515917
0.11456048816950488,0.27545898701670685,0.6099805248137883
0.16108385505237727,0.19268781364252688,0.6462283313050958
0.2671358236384453,0.20963018569110864,0.5232339906704461
0.1759897832389527,0.31955789373813975,0.5044523230229075
0.20867137038105035,0.5270951275017801,0.2642335021171695
0.2985532050267484,0.2954144217800761,0.4060323731931754
0.1886942018185092,0.19218162208250297,0.6191241760989878
0.33285298359916293,0.2869655744489635,0.38018144195187364
0.2758734556021468,0.29140537256673715,0.4327211718311161
0.2271325695997178,0.19946123511984967,0.5734061952804325
0.34014922589927976,0.34767532708008614,0.3121754470206341
0.2670557894569552,0.19060667296277864,0.5423375375802661
0.33940840675635875,0.2923330390622301,0.36825855418141124
0.08972001912773485,0.19552131719854962,0.7147586636737154
0.25777381339330596,0.1885337468120156,0.5536924397946784
0.20644891860606118,0.3443177294895363,0.44923335190440256
0.09640656370586141,0.26408468854411116,0.6395087477500274
0.57158453770514,0.22920875824527462,0.1992067040495854
0.18551229877466618,0.2429914840069116,0.5714962172184223
0.16347999724973294,0.2094278164679519,0.6270921862823152
0.14162482956509226,0.1606427907782793,0.6977323796566284
0.3389067590921881,0.26677987195517616,0.39431336895263575
0.09991125595523342,0.10218877019401504,0.7978999738507514
0.21635924859516742,0.23827847279034728,0.5453622786144853
0.37137378704039725,0.2759899111621559,0.35263630179744687
0.4391602405159758,0.26409567516189775,0.2967440843221264
0.2076925922427775,0.247365299869431,0.5449421078877915
0.5529694879911319,0.23357022312123824,0.21346028888762986
0.17420220554513113,0.5191122939414337,0.3066855005134353
0.27311732877542333,0.3580676859709077,0.3688149852536689
0.2082698009631461,0.2543824242130465,0.5373477748238074
0.26094309316769204,0.353332832575482,0.385724074256826
0.37177539065171544,0.28874133310034666,0.339483276247938
0.3520423458873882,0.18060184932223586,0.4673558047903758
0.21919132985683243,0.3938920534695228,0.38691661667364474
0.494729187891179,0.2809707783546394,0.22430003375418167
0.1230909356151338,0.14432741776110783,0.7325816466237584
0.2335977978098214,0.1960988019858265,0.5703034002043521
0.11277878842570997,0.33354057023992345,0.5536806413343666
0.24262592996288282,0.18815721795290305,0.5692168520842141
0.21985097379335514,0.3657720650192592,0.41437696118738576
0.3574599833421643,0.2760365962958892,0.36650342036194655
0.4842732331410362,0.1662785487418589,0.3494482181171049
0.2871526138105649,0.3934236798245482,0.319423706364887
0.28657830734048184,0.3126083571165802,0.40081333554293785
0.1484829961359701,0.18891159820334258,0.6626054056606873
0.3941898116252649,0.16229926016039053,0.4435109282143447
0.273384729290086,0.3565400459268771,0.3700752247830369
0.32604016824413096,0.2372553086209614,0.43670452313490776
0.16317355574195325,0.13404599325453767,0.702780451003509
0.3445269376541213,0.33187106052431775,0.3236020018215609
0.18877354121813858,0.41338517137372377,0.39784128740813757
0.19075862132786212,0.5812545067613738,0.22798687191076422
0.21243969625904618,0.30783638225489873,0.4797239214860552
0.2545356060706927,0.30652018781035656,0.4389442061189507
0.20380344775483017,0.20762122366433236,0.5885753285808375
0.11413575910135379,0.18001688213726208,0.7058473587613842
0.3039901205626212,0.3284398501001071,0.3675700293372717
0.30931027419966095,0.21477600458597143,0.47591372121436765
0.39196952120516404,0.2319863175461027,0.37604416124873324
0.09662947771623485,0.2800729716836684,0.6232975506000966
0.21584088064234078,0.23964796985363992,0.5445111495040192
0.2666451506915804,0.29892160173814303,0.4344332475702766
0.30151275634395425,0.4518623841293222,0.24662485952672344
0.4572598968167237,0.2254620089626699,0.31727809422060643
0.27943586610323795,0.3401115229515193,0.3804526109452428
0.14182290484485477,0.21550841974491924,0.6426686754102259
0.36067660919484984,0.2321972240001389,0.4071261668050111
0.19820355975354842,0.421630268660571,0.3801661715858807
0.1792059849934571,0.3407029330441237,0.48009108196241934
0.1810506980376349,0.3787237359108351,0.44022556605153007
0.6146952460268998,0.18052674507597613,0.20477800889712391
0.2512270074911385,0.18516993198216675,0.5636030605266947
0.39552874296792684,0.35204285335527535,0.25242840367679786
0.198588355406541,0.3211858039688447,0.48022584062461443
0.34074845882304344,0.26364456000495373,0.3956069811720027
0.34294147671338665,0.17302017147233303,0.4840383518142804
0.4409957723451935,0.225719660339832,0.3332845673149745
0.4701646705861421,0.2869472580406325,0.2428880713732255
0.2780127575679459,0.255394209786544,0.46659303264551016
0.2313854237022447,0.21025496942810953,0.5583596068696457
0.302271965187735,0.28197080228770804,0.415757232524557
0.3616957070471582,0.3098625396633852,0.3284417532894567
0.3015236079145365,0.3398765607028972,0.3585998313825664
0.44356732188627457,0.23479458812214474,0.32163808999158067
0.17306268268170394,0.18361837303732725,0.6433189442809688
0.1077943809523025,0.35022132767307085,0.5419842913746266
0.1897023153606503,0.2095947107418335,0.6007029738975161
0.28218164233195603,0.2471867730258126,0.4706315846422313
0.19039404452872066,0.2167530928981294,0.59285286257315
0.6660570343293568,0.1779924706653711,0.15595049500527206
0.1874647559691138,0.15693222730300993,0.6556030167278764
0.12570665963394773,0.2260559519489938,0.6482373884170586
0.28448879509803915,0.22698632671663418,0.4885248781853268
0.2514292298033342,0.3598057667398003,0.3887650034568655
0.37086969810760184,0.30099169947309307,0.32813860241930504
0.24188973156823024,0.2364218057680928,0.521688462663677
0.1714020310777017,0.36749790038594654,0.46110006853635177
0.32707079745893913,0.26980785074335784,0.403121351797703
0.19234320486683695,0.4377476022739932,0.36990919285916984
0.2573336017644696,0.138137684072751,0.6045287141627794
0.37273151590365594,0.283043461308872,0.34422502278747213
0.1597943533998989,0.23549287039592628,0.6047127762041747
0.36546391859909616,0.2841491740234987,0.3503869073774052
0.18306839129561622,0.18966345750646338,0.6272681511979203
0.4098071287030747,0.28729647320371116,0.3028963980932142
0.39478698972543724,0.2724003025466683,0.3328127077278945
0.4043862441953573,0.3347488945234908,0.26086486128115194
0.25579055896787284,0.22603565275080045,0.5181737882813267
0.2911346357240296,0.26070583460330893,0.4481595296726614
0.34757792047021685,0.32640560578517164,0.3260164737446116
0.21210928447073374,0.43361132657083645,0.3542793889584299
0.35209544065498044,0.2155337496543792,0.4323708096906405
0.3543276287856577,0.2691392738298815,0.3765330973844607
0.12150221380909818,0.27998981481525204,0.5985079713756498
0.17829657083159411,0.22951582940379991,0.592187599764606
0.47956856456867536,0.2735721344776825,0.24685930095364214
0.3319364309740211,0.23918514735384983,0.42887842167212914
0.31354382458737634,0.2491772963583382,0.4372788790542854
0.2754118337602094,0.29604014879310986,0.42854801744668086
0.45846595363018644,0.2000007810231111,0.34153326534670236
0.22320632550718747,0.2905213449046746,0.48627232958813793
0.10237464476583064,0.17259163819904605,0.7250337170351233
0.5448453677294263,0.19201098188499527,0.2631436503855785
0.32637755961428133,0.39280069054105293,0.28082174984466574
0.0972474554026299,0.11691574953583275,0.7858367950615374
0.43229993701113023,0.3696963367189638,0.19800372626990598
0.2757798995789125,0.30585745685854265,0.4183626435625448
0.09390289255264327,0.23603646343871298,0.6700606440086437
0.38355265847863784,0.36457750998397986,0.2518698315373824
0.22623654621762887,0.37485836298245373,0.3989050907999174
0.3805896566574368,0.31649364695378107,0.3029166963887821
0.3626384461807318,0.25419944251542637,0.38316211130384176
0.20922821488089527,0.21685673620143023,0.5739150489176745
0.511990331576135,0.2914977292923439,0.19651193913152104
0.22983822303997634,0.24116874942481162,0.528993027535212
0.4949884378411918,0.25863635302796245,0.2463752091308458
0.3945833255865895,0.3338919366403242,0.2715247377730864
0.5850770883160192,0.19628295772645354,0.21863995395752725
0.29135915066324364,0.18482007775533768,0.5238207715814187
0.2602198747879613,0.3582309439182695,0.3815491812937693
0.2903165730484174,0.31129592584322946,0.39838750110835314
0.39659672526631207,0.26033129600383836,0.34307197872984957
0.26033681665412656,0.349152686641815,0.39051049670405846
0.14231536415603918,0.12695207816536713,0.7307325576785937
0.26527866214869983,0.1706456807196805,0.5640756571316197
0.17725595559357718,0.22745271366377817,0.5952913307426446
0.3608645232918813,0.21692017721983706,0.4222152994882816
0.28300910080673,0.31032639599933176,0.4066645031939382
0.3128650010893389,0.24159369451161522,0.445541304399046
0.21951479957136788,0.2699293304642158,0.5105558699644164
0.4820422638775669,0.24468209794604565,0.2732756381763875
0.3318820674133641,0.26446787698864654,0.40365005559798944
0.40239397750883804,0.25040022392725253,0.3472057985639094
0.24626802970946304,0.31995054952664365,0.4337814207638932
0.32990953231039905,0.3990293295353389,0.27106113815426197
0.20224831780857133,0.12842877201885786,0.669322910172571
0.11048387923055089,0.18566503531757308,0.703851085451876
0.2572827536532839,0.36193398023944223,0.38078326610727387
0.27214102611195484,0.1682108254808896,0.5596481484071556
0.296856364571183,0.4736866510704462,0.22945698435837084
0.3700375635058653,0.30916778313256066,0.3207946533615739
0.19466435732932616,0.4132966501286038,0.3920389925420701
0.2248561915814577,0.25010276896582445,0.5250410394527179
0.4216470233030775,0.24658939698008336,0.3317635797168391
0.22956140507872538,0.35772461736609057,0.41271397755518413
0.3352400233170869,0.17288662307659758,0.49187335360631546
0.20809545109478575,0.30417241746092755,0.4877321314442868
0.11759193747791985,0.47202325797597067,0.4103848045461096
0.4113608708539705,0.2563795950588736,0.33225953408715586
0.40996048397357865,0.272024109184539,0.3180154068418823
0.28045063424052474,0.241822807410784,0.47772655834869115
0.3383101306341729,0.35098826733819544,0.3107016020276316
0.3146184343910819,0.15166217889562095,0.5337193867132971
0.1309793601112081,0.5455988518508315,0.32342178803796046
0.19092249312160597,0.24721643232069232,0.5618610745577017
0.5270732503309279,0.17527213424752044,0.2976546154215517
0.20801782440710895,0.46522524370676716,0.32675693188612404
0.3540561083331438,0.2603934710874476,0.3855504205794085
0.17162850259901222,0.3478675193330399,0.48050397806794787
0.4338954730186298,0.31290969414596626,0.253194832835404
0.37010919271712694,0.2821803090279539,0.3477104982549193
0.25278548388120575,0.2668202416317828,0.4803942744870115
0.4297418600700791,0.3077252673912048,0.26253287253871593
0.0641979293788151,0.12030932380410392,0.8154927468170811
0.23525862242250814,0.29579777912719285,0.4689435984502989
0.39087937382430993,0.2139649193310055,0.3951557068446846
0.1728996181792268,0.14815773104495567,0.6789426507758175
0.33672827385836646,0.3494348967163519,0.3138368294252816
0.19774304134945608,0.18699346925247354,0.6152634893980704
0.2706424525732197,0.2118156057649391,0.5175419416618412
0.11432448576842051,0.17133430286352577,0.7143412113680538
0.19097998304714112,0.17438816875747146,0.6346318481953874
0.4219388310103828,0.20677677691801286,0.3712843920716043
0.2349975351966958,0.2269609352239185,0.5380415295793858
0.17598271280531685,0.15018562117498804,0.6738316660196951
0.10670584147664905,0.18387781990910637,0.7094163386142446
0.33473173036597853,0.22762046623586782,0.43764780339815357
0.33853383711994006,0.2871596398796775,0.3743065230003824
0.2589267757361581,0.2428348128898825,0.49823841137395947
0.27632275644477494,0.14743750481401968,0.5762397387412054
0.4190740618434863,0.2677940364778385,0.31313190167867533
0.18692335596184703,0.19174064684697537,0.6213359971911776
0.3802863047597679,0.2827224364688848,0.3369912587713474
0.2696367952928973,0.4284294888009601,0.30193371590614265
0.16483970007581605,0.3172120169797836,0.5179482829444003
0.21797302776769387,0.16595399060448993,0.6160729816278163
0.11979816426252243,0.3084684376633043,0.5717333980741732
0.3313351401764338,0.26927082910919725,0.39939403071436896
0.3246903893011321,0.24126884969820667,0.4340407610006612
0.3292126090342399,0.2535841054684294,0.41720328549733066
0.143998189527621,0.16809468941812908,0.6879071210542499
0.2881769900604796,0.4489199190604714,0.2629030908790489
0.17199251230635826,0.17380348040716606,0.6542040072864758
0.18598339697608818,0.22321436106034465,0.5908022419635672
0.13748813885786168,0.26855786350507843,0.5939539976370599
0.2491235063103615,0.34790245178401774,0.40297404190562086
0.3494927821591771,0.3195231396203907,0.33098407822043213
0.35941933457335024,0.25692163033009596,0.38365903509655375
0.3053218209047236,0.1988834977516713,0.4957946813436051
0.08512837232991516,0.10457949502602129,0.8102921326440634
0.4829889271868375,0.23814605720947132,0.2788650156036913
0.22095199355662978,0.3900705103857473,0.388977496057623
0.6598471474370549,0.17537607744157654,0.16477677512136857
0.43335260542499815,0.18610526332554608,0.38054213124945574
0.32321798402453333,0.2576941595073047,0.41908785646816205
0.43589932768082,0.3351307348023414,0.22896993751683842
0.216687503303161,0.4132106766457091,0.37010182005112996
0.13004616928201454,0.2082642022083237,0.6616896285096617
0.20008246936205756,0.2609575655241091,0.5389599651138333
0.22855342925070893,0.32612145995225195,0.44532511079703907
0.2559076843752387,0.288305997440684,0.4557863181840772
0.1376515313558366,0.25054463490392265,0.6118038337402408
0.26061666569921915,0.2337998062796453,0.5055835280211356
0.29909990653144475,0.26564666934119663,0.43525342412735857
0.31125602293505455,0.33628134145409405,0.35246263561085145
0.2065877916809093,0.2320861804100539,0.5613260279090367
0.08626632220000942,0.2528046277431442,0.6609290500568463
0.1487165372900229,0.3153896227496988,0.5358938399602783
0.17870131983843507,0.21281475475994371,0.6084839254016213
0.4172137384556196,0.23610977130591956,0.34667649023846087
0.27855893616318583,0.2807128752146737,0.4407281886221403
0.38995737658843327,0.29823160722939407,0.3118110161821727
0.3360074053099808,0.4104199203048476,0.25357267438517167
0.3446369058866463,0.28017724697710594,0.3751858471362478
0.2538207331274867,0.33070781601742844,0.41547145085508475
0.2556127938552042,0.31933989205468316,0.4250473140901127
0.20486268907891383,0.45617881782380654,0.33895849309727966
0.22202959240877967,0.20962298216421443,0.5683474254270058
0.13849713024769555,0.2580445583165219,0.6034583114357825
0.3004737265383786,0.41772663978495855,0.28179963367666283
0.08444304272632268,0.20435987913719228,0.7111970781364849
0.35907851985627637,0.2132934186529293,0.42762806149079424
0.17208561912505488,0.31844104276829643,0.5094733381066487
0.31816555166622906,0.2532960468276694,0.42853840150610156
0.19612491001823845,0.19403431226846013,0.6098407777133015
0.31697118213121106,0.22006963459805193,0.4629591832707371
0.28321593884007856,0.29073490984347833,0.42604915131644305
0.2872091182971624,0.36096172387361447,0.35182915782922314
0.47487405162115526,0.19757710482223292,0.3275488435566118
0.25541468720509436,0.23879442186959496,0.5057908909253106
0.17330397958784394,0.16286361514026929,0.6638324052718868
0.2210328217984694,0.34030680310685635,0.43866037509467415
0.286918879570658,0.20961681555098444,0.5034643048783576
0.22910854204483597,0.3166909543797915,0.4542005035753724
0.25152464164568084,0.28051431797740295,0.4679610403769163
0.11657842303706835,0.2463651201820289,0.6370564567809027
0.21802294412868295,0.32690214124244,0.455074914628877
0.36135610767426657,0.26766725062970137,0.370976641696032
0.3431295710274063,0.37806892810095,0.2788015008716438
0.4151887285818848,0.28885645925486964,0.2959548121632455
0.19497017097945363,0.2435674000170785,0.5614624290034679
0.36596361198853544,0.27377160508654164,0.36026478292492287
0.25645768548723574,0.3188852304810212,0.4246570840317431
0.35632000687502435,0.20612243035815625,0.4375575627668195
0.3645335803296373,0.29684027548843406,0.33862614418192855
0.1315467923885967,0.30504323597824085,0.5634099716331624
0.43057149347508994,0.38697610033724716,0.1824524061876628
0.2947585313233285,0.2941777581143555,0.41106371056231605
0.30715961273766834,0.21806712989133475,0.474773257370997
0.2621706872340065,0.34803118695892415,0.38979812580706935
0.32263521639879034,0.32510093696624187,0.35226384663496774
0.24354860962383829,0.21912411189216469,0.5373272784839971
0.43740793124414495,0.2984122068958645,0.2641798618599905
0.13466625728554507,0.5708477656500933,0.29448597706436175
0.4663999123844131,0.2542909639118737,0.2793091237037133
0.18777112831648005,0.2324014477677675,0.5798274239157525
0.09494088199472953,0.19740013089853178,0.7076589871067387
0.18920244771985395,0.24209577020225137,0.5687017820778947
0.33856758007071247,0.28599302235207397,0.37543939757721356
0.20423341366111566,0.2016359822881937,0.5941306040506906
0.199366580982116,0.17901921813139796,0.621614200886486
0.43257552778204195,0.21408445621473127,0.3533400160032268
0.3522633007877311,0.37881202679032433,0.2689246724219447
0.1956507753645922,0.37852550632426,0.42582371831114785
0.2950390477962931,0.19735491502607636,0.5076060371776305
0.2995459013687584,0.21981566476458864,0.480638433866653
0.1347281221987732,0.2237372646857835,0.6415346131154434
0.27322647315725324,0.2148754991611869,0.5118980276815599
0.2838184336186904,0.3534024789204863,0.3627790874608233
0.11321681565654944,0.3897017430356204,0.49708144130783016
0.1788570758361537,0.1619476848528878,0.6591952393109586
0.32594465772113623,0.1736491913831398,0.5004061508957239
0.23538708632632196,0.25583668665007386,0.5087762270236041
0.37920239201752864,0.22448024270749758,0.39631736527497374
0.19930630097569862,0.22108102473605884,0.5796126742882426
0.23864553835411736,0.3579902698459796,0.403364191799903
0.20481762806654347,0.3271392702076212,0.46804310172583535
0.23362990517063772,0.26426544110219186,0.5021046537271705
0.13942208369115372,0.22071539178562793,0.6398625245232183
0.3687206209414555,0.2582750162897524,0.373004362768792
0.20087121466401836,0.32495663236636496,0.4741721529696166
0.41614531606909755,0.2180026222037585,0.3658520617271439
0.1733358804943632,0.1904045453390794,0.6362595741665573
0.3117856464018591,0.3317464707571787,0.3564678828409622
0.13097253028131595,0.5333056581412546,0.3357218115774294
0.2913137454021781,0.3061414443472611,0.40254481025056077
0.38497512351006624,0.27215577266619534,0.3428691038237383
0.16658448657420963,0.2962587110739838,0.5371568023518065
0.23140870718296452,0.21180915321019622,0.5567821396068393
0.2522201650523161,0.3347174306289018,0.41306240431878205
0.34945498510650225,0.2993749545138594,0.3511700603796383
0.2619483934022765,0.3650484779608119,0.37300312863691165
0.2976393967968466,0.2519937286699832,0.45036687453317015
0.2559377524540196,0.21643329042389012,0.5276289571220902
0.2664404163992897,0.49592979101224666,0.23762979258846367
0.2597876311816144,0.25806556708674144,0.4821468017316441
0.18081399269378848,0.34350704605306664,0.47567896125314485
0.5308730167744199,0.2712395899751933,0.1978873932503868
0.2298446921839048,0.1840051460012505,0.5861501618148446
0.20730431142959949,0.25163392787300615,0.5410617606973944
0.20077051698966544,0.18250460494312262,0.616724878067212
0.19329994740638873,0.556624685830737,0.25007536676287423
0.44607920069694273,0.26807737840958534,0.2858434208934719
0.2743319119061036,0.2314175774533342,0.4942505106405621
0.32337345764418485,0.15974028238359425,0.5168862599722208
0.13206841420432092,0.2371757834130454,0.6307558023826336
0.32075673215895173,0.21107244554698748,0.4681708222940608
0.21329480073973384,0.36606756000092966,0.4206376392593365
0.10910406514120176,0.34729739362572837,0.5435985412330698
0.21318564945503451,0.23819015904847435,0.5486241914964911
0.187659442409238,0.22773788681006807,0.5846026707806941
0.14723929388001955,0.23202415434090046,0.6207365517790799
0.34478183192545053,0.3482121388900239,0.3070060291845256
0.3363816767960973,0.3503930868449717,0.313225236358931
0.14211427696133253,0.323386031198254,0.5344996918404135
0.41814877286937674,0.23516182454424317,0.3466894025863801
0.374526910913522,0.398010904558545,0.22746218452793296
0.4785294597529118,0.27581025735755094,0.24566028288953715
0.30950836223107697,0.24625720157208886,0.4442344361968341
0.14546789843682428,0.20051740532004222,0.6540146962431335
0.24908351079322613,0.18906555972321915,0.5618509294835546
0.3167965839848294,0.22673910838601366,0.4564643076291569
0.12245440864548257,0.18815728981583693,0.6893883015386805
0.34634305098200546,0.3744631981353225,0.27919375088267206
0.3471594436762342,0.25673782315433497,0.3961027331694308
0.4080480894186288,0.17784408584524225,0.41410782473612895
0.2181051790531815,0.27036810185616655,0.511526719090652
0.2554559184641875,0.20048709796473896,0.5440569835710736
0.33281199296908376,0.3269802713152483,0.340207735715668
0.33050794906970565,0.2749615638214494,0.39453048710884486
0.1283893114978324,0.44450152548960065,0.427109163012567
0.37531104988184044,0.32296727035820655,0.30172167975995295
0.2222744326686682,0.5036136078582295,0.27411195947310235
0.3167201629295013,0.17728510905253286,0.5059947280179659
0.28427561750375735,0.354485565864915,0.3612388166313277
0.12550019229458104,0.23913945719798255,0.6353603505074363
0.2631924612741389,0.20438221781858443,0.5324253209072766
0.2947806882403974,0.33618635225042554,0.3690329595091771
0.15157161442597164,0.23740012119407786,0.6110282643799505
0.2975682555981624,0.4044999695630007,0.2979317748388368
0.39755930078092966,0.23095938033616925,0.3714813188829011
0.16044317733487717,0.18637442468315618,0.6531823979819666
0.27163637070324476,0.240015978313825,0.48834765098293015
0.4143820643592402,0.28033590514735945,0.30528203049340025
0.3997357811480204,0.3337443429423145,0.26651987590966514
0.31984515238320876,0.31028977947341624,0.36986506814337494
0.10646157851743604,0.34098396343089393,0.55255445805167
0.3153176899904437,0.3470418769956379,0.3376404330139185
0.2931307120955184,0.41601481010025,0.29085447780423157
0.30829487696545277,0.22733982475112172,0.4643652982834255
0.21866753408426443,0.24756863494598091,0.5337638309697547
0.33995575228159913,0.2713824511344127,0.3886617965839882
0.37224015910985103,0.3015112896430124,0.32624855124713653
0.13678205046151412,0.1234073071259488,0.7398106424125371
0.31831810627692353,0.35459450100169965,0.3270873927213768
0.2294032696456896,0.2673754609500594,0.503221269404251
0.2100340439669368,0.3131331777162969,0.47683277831676624
0.0899237564787676,0.21093434721509433,0.6991418963061381
0.37976839458866696,0.29575752308402464,0.3244740823273084
0.2818358502748851,0.3872317790318552,0.3309323706932596
0.20609612015689924,0.21057633648123075,0.58332754336187
0.1913696702457878,0.2879678663761459,0.5206624633780663
0.25213451648935187,0.2380341816637211,0.509831301846927
0.1559333367178448,0.2731233821998671,0.5709432810822881
0.2843536934183009,0.3429041755279095,0.3727421310537895
0.4987344559662612,0.24901445157015287,0.25225109246358607
0.2912761644693926,0.2062150845699747,0.5025087509606327
0.3315271460720077,0.25870804836648026,0.4097648055615121
0.3126242854064822,0.3099365611347862,0.37743915345873164
0.46743484902675864,0.21014747383813437,0.32241767713510694
0.23906504565763217,0.2747204413939939,0.4862145129483739
0.26007975590796845,0.19053545252585533,0.5493847915661763
0.1943178493883834,0.2874159934056402,0.5182661572059764
0.49761150311108454,0.2764950039389314,0.22589349294998406
0.16485438792118068,0.23034505049991263,0.6048005615789066
0.31076633266256654,0.3558521832887858,0.33338148404864765
0.42984849226462357,0.25600459193300373,0.31414691580237275
0.19229365516381278,0.1587081972689719,0.6489981475672153
0.4341280077127578,0.2475311879806122,0.3183408043066299
0.20142502654422942,0.308833669038673,0.4897413044170977
0.3468963330005477,0.28687422853623523,0.36622943846321704
0.16332772399990458,0.15650793176300534,0.6801643442370902
0.09698393504652084,0.21184517132513542,0.6911708936283437
0.3415873698710773,0.1826398899520871,0.47577274017683546
0.15152900372967557,0.13497495506124405,0.7134960412090804
0.18938987104673938,0.2689757997471669,0.5416343292060938
0.22130510950122284,0.317825818862558,0.46086907163621926
0.1810662226030671,0.19890260706317262,0.6200311703337602
0.24133790330355617,0.302472503406029,0.4561895932904148
0.4422657832885187,0.23931538177639136,0.31841883493508993
0.4360875794927101,0.25395814185761406,0.30995427864967595
0.14916513636774556,0.2642764291830769,0.5865584344491774
0.1906219105335318,0.2785135122592102,0.5308645772072579
0.42783438834017323,0.1992883951249476,0.3728772165348791
0.3673383962673378,0.26512141121559163,0.36754019251707054
0.3592452782777073,0.36071893134318106,0.2800357903791117
0.16964306235819676,0.2672880494535917,0.5630688881882115
0.22130901421433713,0.21199765636606133,0.5666933294196016
0.1677513799859212,0.17695532100133532,0.6552932990127435
0.2600399488619207,0.34799567372239143,0.39196437741568774
0.35927746006862804,0.23893328781625325,0.4017892521151188
0.17695493064997062,0.3426997980555239,0.48034527129450544
0.21955761910338936,0.3965992269392922,0.38384315395731833
0.23881016148126694,0.28955056862982365,0.4716392698889094
0.29079294074800566,0.22933582139603428,0.4798712378559601
0.30653463920914353,0.19349073814818613,0.4999746226426704
0.14603910069712972,0.41278373287342224,0.4411771664294481
0.3508396328297115,0.2525042900402759,0.39665607713001255
0.2195969653388797,0.17826546892303172,0.6021375657380885
0.17260847494434745,0.2614418841280428,0.5659496409276097
0.4059230995877242,0.22720886770114096,0.36686803271113483
0.31152108260462574,0.3194898660336239,0.3689890513617503
0.3787150655458384,0.28125016745608994,0.3400347669980717
0.4563008001663527,0.27668777049846066,0.2670114293351866
0.30599016860104544,0.25472480148641674,0.43928502991253776
0.3064496176453596,0.3042481581900963,0.38930222416454396
0.6705875510992815,0.17694208754672971,0.1524703613539889
0.20833919307119836,0.3354833877587897,0.45617741917001187
0.5124190024120011,0.17559056416509686,0.31199043342290195
0.22170006830381153,0.23405334481975518,0.5442465868764333
0.15141743935604435,0.1999530372562745,0.6486295233876812
0.16447149480082499,0.31482989749976736,0.5206986076994077
0.34849957900119727,0.19107800445749398,0.4604224165413086
0.1760118050587341,0.20367872741427107,0.6203094675269949
0.24401724533874725,0.291780284170364,0.46420247049088875
0.13400723981360693,0.2712525204561498,0.5947402397302433
0.1647746805387592,0.2964804742902675,0.5387448451709733
0.2670349529012826,0.2447398470688425,0.48822520002987496
0.18134504819149502,0.3283726977699215,0.4902822540385835
0.3768363660143368,0.34691503259565154,0.27624860139001167
0.35537585234728286,0.17402361239253078,0.4706005352601864
0.1964961149776336,0.5752774116198596,0.22822647340250685
0.27173376235505425,0.28757786503408567,0.4406883726108602
0.49416934689684905,0.24948376835401398,0.25634688474913686
0.2525146986359074,0.158024641553722,0.5894606598103705
0.3802141152705243,0.3083013352218203,0.3114845495076555
0.2602261396531065,0.3546021705158991,0.3851716898309945
0.41044694831048173,0.19032475494139367,0.39922829674812454
0.29555047056284955,0.22748222643575944,0.4769673030013909
0.252243094665729,0.41631218609109916,0.3314447192431718
0.24003994665110928,0.23778367329872388,0.5221763800501669
0.31937048063768647,0.3278890401400273,0.3527404792222862
0.25689259715013435,0.19646088606675519,0.5466465167831105
0.6312653453752397,0.1794996993995929,0.18923495522516737
0.2866009280666541,0.3646193432626407,0.3487797286707051
0.31296314931197106,0.29525837909829356,0.39177847158973533
0.5293229729424359,0.2586923651159635,0.21198466194160048
0.4105287219638604,0.26368468915352755,0.3257865888826121
0.24481062670215023,0.2545848747123778,0.500604498585472
0.14271881981513337,0.21522383731218397,0.6420573428726827
0.33829212213806065,0.36672402592414405,0.29498385193779536
0.28974141614668997,0.23713955190749467,0.47311903194581534
0.38084692428089745,0.2159789305749495,0.40317414514415295
0.15928940685941476,0.20319400262030612,0.6375165905202791
0.5175768122641058,0.22648577474006304,0.2559374129958311
0.4036537410523544,0.2584614566736119,0.3378848022740336
0.2530681872479004,0.3433692139981363,0.40356259875396333
0.16426920100346049,0.2432009200585825,0.592529878937957
0.32349556256445994,0.29458417120280384,0.3819202662327362
0.2098452004356705,0.4315411637319589,0.3586136358323707
0.32097880436722487,0.25487872509207976,0.4241424705406953
0.25140224842466524,0.2188796131463007,0.529718138429034
0.2142188072682239,0.31411603855391523,0.471665154177861
0.22309052900816614,0.33828303133098436,0.43862643966084947
0.254605001067314,0.3487213506532813,0.39667364827940477
0.33976598171486333,0.22336083112117247,0.4368731871639642
0.3121534564938637,0.2959301991932957,0.3919163443128406
0.3114308770916093,0.3186451730374861,0.36992394987090454
0.5002839509383489,0.2520248619601133,0.24769118710153784
0.18037007306695094,0.18730303964406841,0.6323268872889806
0.24677802752143244,0.2991917478362665,0.4540302246423011
0.18845388858481407,0.19452025589803568,0.6170258555171502
0.22552529171423705,0.27037694076488683,0.5040977675208761
0.27134099795536293,0.26914774734802704,0.45951125469660997
0.16057810831645553,0.29417683544207884,0.5452450562414656
0.34338810090261696,0.23889701639743297,0.41771488269995016
0.2343221328965,0.37443939663110815,0.3912384704723919
0.09652392680288532,0.22501406521806283,0.6784620079790518
0.2908528807463146,0.42618198034690863,0.28296513890677677
0.2636006118297683,0.24241772585897153,0.4939816623112601
0.22081483742377156,0.27243646657940895,0.5067486959968195
0.36629868368262253,0.34940400520128906,0.2842973111160884
0.17691536965659105,0.2227974797842556,0.6002871505591534
0.21151998662312557,0.2804428463186883,0.5080371670581861
0.17749384582545302,0.19127892900923124,0.6312272251653157
0.3084165188820721,0.23338614988858253,0.4581973312293454
0.3989238897030987,0.15941938208199158,0.44165672821490953
0.3416673033697961,0.21767979476227112,0.4406529018679328
0.20738345877046052,0.18550316556789226,0.6071133756616472
0.24196401431132514,0.2757590297379695,0.4822769559507052
0.25678894528466545,0.31893431460266136,0.42427674011267313
0.18411733603299738,0.3009059471826935,0.5149767167843092
0.37620136208192806,0.296445907365021,0.327352730553051
0.34667832143265986,0.26048864421583623,0.3928330343515039
0.38975397114542876,0.3420232662468205,0.2682227626077508
0.3203042794079114,0.20582483426961068,0.473870886322478
0.42731345262513504,0.21732422824001968,0.35536231913484534
0.2969259736356545,0.23811514708722456,0.464958879277121
0.11415978465316003,0.1840123223777348,0.7018278929691051
0.2384484441950249,0.2770269904311688,0.4845245653738064
0.42329668811298443,0.22415139516980206,0.35255191671721353
0.41712423308368884,0.2530998192393779,0.3297759476769333
0.26654745611786484,0.3024723281313567,0.4309802157507785
0.30079633298826786,0.238790120723058,0.4604135462886741
0.528148924366746,0.31505555706006894,0.15679551857318513
0.14118651805822033,0.366805366549575,0.49200811539220457
0.4527812236516028,0.1877328299005085,0.35948594644788884
0.201000770348349,0.17490107602865507,0.624098153622996
0.3064308526313809,0.4509833706478566,0.2425857767207624
0.2115846202173676,0.2994991857340004,0.4889161940486319
0.10836237582873764,0.12259563213578632,0.7690419920354762
0.2721175546660716,0.2368577145632869,0.4910247307706415
0.35288755222021767,0.2690627445652425,0.37804970321453985
0.36504561528667906,0.2956845037319199,0.3392698809814011
0.4850414692733215,0.2692284827181964,0.245730048008482
0.2509807006089373,0.24402553381806172,0.504993765573001
0.21091175613486365,0.33169624801091846,0.45739199585421797
0.3524307138961904,0.2048156288817483,0.4427536572220612
0.24450740160126924,0.1470778928853505,0.6084147055133802
0.24751779460721485,0.24774502566531184,0.5047371797274733
0.2962595626249345,0.31173711381098923,0.3920033235640762
0.09956127562860535,0.22864851353163315,0.6717902108397614
0.24538866763579262,0.22093638538063054,0.5336749469835769
0.18044616300442165,0.30275545924862945,0.5167983777469488
0.14646067351179531,0.3205838518699522,0.5329554746182525
0.33150880693981155,0.39605707628790254,0.27243411677228596
0.2675787461512834,0.35172139524831864,0.38069985860039796
0.24829689546161768,0.3017352987987133,0.449967805739669
0.27026511212041215,0.22696324964102702,0.5027716382385607
0.18319013392627226,0.3575959383161844,0.45921392775754344
0.2130857320205055,0.40677514594106357,0.380139122038431
0.24355106140410984,0.2584859589120528,0.49796297968383735
0.3366539425258589,0.3246219383034477,0.33872411917069345
0.3095495061994866,0.2942053780379692,0.3962451157625442
0.0809754177622217,0.15298389559662698,0.7660406866411512
0.28883929662666635,0.18143368542836796,0.5297270179449657
0.541523686752104,0.2149820809352148,0.24349423231268108
0.36703357583729773,0.24453521195055217,0.38843121221215005
0.6415290505768626,0.20365048805612748,0.15482046136700986
0.1871021929182271,0.20479951070140878,0.6080982963803641
0.1491288406997038,0.22676547564839214,0.624105683651904
0.34158898570931556,0.25276848000080543,0.405642534289879
0.22086716658539327,0.31706541525777815,0.46206741815682867
0.5504400721683012,0.20643188176643212,0.2431280460652667
0.33518245520134754,0.2745597437802665,0.39025780101838603
0.3061437782025675,0.1909965220256605,0.502859699771772
0.14292099714869388,0.1738583872846922,0.683220615566614
0.5036336909906606,0.2373278166511766,0.25903849235816284
0.32936736914156184,0.27997297201413673,0.3906596588443014
0.5856136507006847,0.20320759842224376,0.21117875087707147
0.39272060428194855,0.3474509247181858,0.25982847099986556
0.3183837267646865,0.4202625973295473,0.2613536759057662
0.23603932682307996,0.2666313870616001,0.49732928611531996
0.19253515725637516,0.21649099485316567,0.5909738478904591
0.2447518078173416,0.3017755026344794,0.4534726895481791
0.3608004829092916,0.2602430435786625,0.37895647351204587
0.42250675340968263,0.31848195985000977,0.2590112867403077
0.26459214373623396,0.37646914663323783,0.35893870963052826
0.34769634708791636,0.27932340454134885,0.37298024837073473
0.2983359827982379,0.27139470538988614,0.43026931181187594
0.17952428651461277,0.375538704026678,0.44493700945870934
0.18763490634664678,0.4026190893341861,0.40974600431916725
0.14265375589535575,0.19729539308865854,0.6600508510159857
0.21705165167823096,0.246123139249173,0.536825209072596
0.23342987261884265,0.18380485947789843,0.582765267903259
0.07058909894690736,0.1434070219040931,0.7860038791489995
0.2891536144762185,0.27003956311827526,0.44080682240550617
0.4394936880180331,0.2747694649567741,0.28573684702519275
0.17014187718588294,0.15590264917438135,0.6739554736397356
0.15562235374612363,0.225670109636209,0.6187075366176674
0.40614288418867467,0.270491968512712,0.32336514729861326
0.46181086297861834,0.3114667061422204,0.22672243087916122
0.4043132157125367,0.18922442890190413,0.4064623553855592
0.5141307935136029,0.254232207608932,0.23163699887746514
0.5144337996950973,0.2796585133179453,0.2059076869869575
0.2649962372757201,0.16857092198976942,0.5664328407345105
0.31924471140926675,0.2211298853911045,0.45962540319962875
0.3604220953506002,0.29904346526868764,0.34053443938071204
0.08668100151855852,0.2561093915330612,0.6572096069483803
0.27565920045227915,0.3134986770572423,0.4108421224904786
0.1617391818435449,0.26052412774764716,0.5777366904088079
0.2931757958700332,0.2869140912829079,0.4199101128470589
0.26326229233726833,0.4060004683293322,0.33073723933339966
0.14996393801448057,0.17541902381118477,0.6746170381743347
0.23491415874754032,0.15598168316439906,0.6091041580880606
0.04250456488257641,0.05267097821716678,0.9048244569002568
0.22299004331723418,0.327743616961215,0.44926633972155083
0.3362268350338768,0.3378521150845408,0.32592104988158227
0.10589451220659728,0.24135981748587804,0.6527456703075246
0.23436391823035668,0.2926607941560582,0.4729752876135851
0.4095426410219523,0.30848987183167687,0.2819674871463708
0.4082861377902881,0.28587088007163247,0.3058429821380794
0.47185670418144554,0.24110134898096353,0.2870419468375909
0.30453374608106354,0.2858815055090347,0.4095847484099018
0.4202374053634379,0.22735101780080869,0.3524115768357534
0.2715849464809284,0.17671663170857727,0.5516984218104943
0.1877599879948362,0.42766115593084436,0.3845788560743194
0.15516015857535156,0.18227314878126818,0.6625666926433803
0.3153214869623953,0.24803881020268242,0.4366397028349222
0.36191374250504493,0.18825519238175759,0.4498310651131975
0.6054814299637274,0.20423014952940097,0.19028842050687148
0.30726805902729176,0.4065017300047725,0.2862302109679357
0.12478778693034204,0.17850062502044423,0.6967115880492137
0.3315598104723216,0.29818085651349463,0.37025933301418373
0.14610667498675964,0.2026079583219153,0.6512853666913251
0.19263824897810836,0.24412370942093914,0.5632380416009525
0.2419567059405181,0.2515536855589542,0.5064896085005277
0.1542722365494193,0.13143453444756092,0.7142932290030197
0.19930916063362974,0.26395790324621077,0.5367329361201595
0.2799296598399514,0.3867010733882609,0.3333692667717878
0.454898214560928,0.38044746301112436,0.16465432242794767
0.2580318860392109,0.2763273760291293,0.46564073793165983
0.30111578282478235,0.23839751829759556,0.46048669887762206
0.21012763832151915,0.20526622709421435,0.5846061345842666
0.3019203596487826,0.4474269088940192,0.25065273145719813
0.12456858778088868,0.25815682309427385,0.6172745891248373
0.3033791228781732,0.2922587235609099,0.40436215356091687
0.20740212025269955,0.3579585246119866,0.4346393551353139
0.24920741764053858,0.2455635905735617,0.5052289917858996
0.30699745446840865,0.24093504216064035,0.4520675033709509
0.3072774589511895,0.2667876622656108,0.42593487878319963
0.17925553233638467,0.22863148962791907,0.5921129780356963
0.5305109826040412,0.24320118341209931,0.2262878339838595
0.24458808688063585,0.1773035872423229,0.5781083258770412
0.24616644204871496,0.3371619638546422,0.4166715940966429
0.1810451745472089,0.3127769220628926,0.5061779033898985
0.13654014441760917,0.21609725555836998,0.6473626000240209
0.22935034831792278,0.22255234992059467,0.5480973017614825
0.3088710663312213,0.31866721923844005,0.37246171443033865
0.40543407424409117,0.3159150981281582,0.27865082762775056
0.23245592808131652,0.2225933965231541,0.5449506753955293
0.2344694631429506,0.34972367560895956,0.41580686124808985
0.2194644899072889,0.23372843281502978,0.5468070772776813
0.27032575373899936,0.36475983384629457,0.36491441241470607
0.26050795810161237,0.2862020983979913,0.4532899435003962
0.18662799284955464,0.23402544276659504,0.5793465643838503
0.3985445273955101,0.24004054938425906,0.3614149232202309
0.13686066079329628,0.1841463345614849,0.6789930046452188
0.25152624591135514,0.24163151898336188,0.5068422351052829
0.16429077947880757,0.2676346894909104,0.568074531030282
0.5255777168721696,0.19452805383227942,0.279894229295551
0.42205573784830824,0.31587483100816,0.2620694311435317
0.1018273628329517,0.15156574982507612,0.7466068873419721
0.5998204386807137,0.23642376781530874,0.1637557935039777
0.11724529940159215,0.21186589787858937,0.6708888027198185
0.30438274706869395,0.41503400227721665,0.2805832506540894
0.12974061146442092,0.39695000363283,0.47330938490274904
0.18454023501783817,0.2231840727915634,0.5922756921905985
0.2230800890139811,0.27237079097031325,0.5045491200157056
0.35444844315279844,0.26721632646975,0.3783352303774515
0.24785480915960445,0.2466330921407789,0.5055120986996168
0.19130638541839037,0.2739130383012261,0.5347805762803836
0.27794816965358665,0.26099099309756923,0.4610608372488441
0.19125039802029256,0.42261796846418764,0.3861316335155197
0.3779275385136255,0.2569939257908114,0.36507853569556314
0.29772702269228557,0.3217329210230546,0.38054005628465976
0.36809415183815336,0.3776448519330536,0.25426099622879317
0.5743260423564756,0.23224507575375902,0.19342888188976554
0.3233597145049139,0.2720469772909107,0.4045933082041755
0.3213476995588292,0.2892022352218265,0.38945006521934433
0.2775860346303626,0.2911251047029977,0.43128886066663974
0.27609696189420646,0.41159149427949193,0.3123115438263017
0.28895879666684143,0.38304623065826715,0.3279949726748913
0.19618893800257564,0.20580121233612547,0.5980098496612989
0.26875785090309773,0.2926332969293087,0.43860885216759354
0.1289210425639471,0.2265915767643262,0.6444873806717267
0.3839012316863159,0.25633573550857935,0.35976303280510463
0.2400842085032424,0.13270638686383576,0.6272094046329219
0.17797697089249323,0.3645679886676939,0.4574550404398128
0.2526068497977824,0.3277217565016811,0.41967139370053647
0.48236105881614905,0.24383006336902918,0.27380887781482166
0.3139218280377881,0.24036365943512777,0.445714512527084
0.19238397117584036,0.3597433323572491,0.44787269646691047
0.25205228123391243,0.2717403553221514,0.47620736344393605
0.292622407249575,0.2520471726470936,0.45533042010333147
0.29469506117945715,0.3034396320927817,0.4018653067277611
0.2143905271905203,0.23553571427386047,0.5500737585356192
0.2691681954546494,0.36104284432169975,0.36978896022365093
0.2669031409764832,0.36528290137948527,0.36781395764403146
0.39011625284971957,0.35378740533956043,0.25609634181072
0.1714921948828374,0.32520292903650105,0.5033048760806615
0.15670535316843173,0.2938749793662506,0.5494196674653177
0.3360045319680156,0.2040713547322992,0.45992411329968524
0.3139215327961625,0.24782818624399605,0.4382502809598416
0.405796275318159,0.21564862611886315,0.37855509856297787
0.12491747148301179,0.18692241398326384,0.6881601145337244
0.3520242017831726,0.2842349831076311,0.36374081510919637
0.24378980839882824,0.236519977409498,0.5196902141916738
0.42013454330031974,0.31416677487524053,0.2656986818244398
0.39850027911178304,0.3603917889021142,0.24110793198610278
0.2814840416180999,0.43625970786583407,0.2822562505160661
0.47165304745529707,0.22408594371034152,0.30426100883436136
0.1681299972697842,0.45075049178442694,0.3811195109457888
0.23854397081886208,0.22204789805978614,0.5394081311213518
0.3624551623585512,0.2441536165377343,0.3933912211037144
0.26468787244368985,0.21504389558257417,0.520268231973736
0.3047239785511614,0.32260656805708404,0.3726694533917545
0.08603517817947248,0.25733701670921316,0.6566278051113145
0.21920280186630864,0.3075761613595895,0.473221036774102
0.1517125468869012,0.16217222612075935,0.6861152269923395
0.3458518056320527,0.2402010916337732,0.41394710273417407
0.2825200840120859,0.27583970571304384,0.4416402102748703
0.40301580309196516,0.3184238187526393,0.2785603781553956
0.2348551203490699,0.37599705763190056,0.38914782201902953
0.33512481766602586,0.3178325853394868,0.3470425969944874
0.1045903431908745,0.11491291994120917,0.7804967368679164
0.2889786915380152,0.23770643339052294,0.47331487507146175
0.22169993154981263,0.17317498646239257,0.6051250819877948
0.4438400808934461,0.1903403290349252,0.3658195900716286
0.21727228010828273,0.18771600610344394,0.5950117137882733
0.38274107678331093,0.37394612237745845,0.24331280083923068
0.2662867446702205,0.3930838194053516,0.34062943592442796
0.26100510647306413,0.31526977425958524,0.42372511926735074
0.2660290582163817,0.2566908158288219,0.4772801259547965
0.34898196937268294,0.2701453385933687,0.3808726920339484
0.5120867145680589,0.29813864658417377,0.18977463884776735
0.20123500530638586,0.5757437811887594,0.22302121350485482
0.12989997946008927,0.2076732297289233,0.6624267908109873
0.32871818173154155,0.3425468940225016,0.3287349242459568
0.1372356075029645,0.15200236148990265,0.7107620310071328
0.16739501537594625,0.15231139648709677,0.680293588136957
0.23013465758925702,0.30960591561351275,0.46025942679723025
0.4975773340660207,0.27021433261863625,0.232208333315343
0.4334313769580619,0.32723185986133685,0.23933676318060113
0.5038663725204051,0.2545820838392378,0.24155154364035702
0.39700748644016565,0.28555375879486966,0.3174387547649647
0.3127894933759871,0.3096854695951936,0.37752503702881934
0.22325423944527445,0.26443527898397434,0.5123104815707512
0.4757528323789944,0.165047835460558,0.35919933216044747
0.2980074637014894,0.2572939065817533,0.44469862971675733
0.21608758460871616,0.23499043339867237,0.5489219819926116
0.5107226216596195,0.230651645841015,0.2586257324993656
0.5285104245981808,0.23497330804184494,0.23651626735997427
0.2323083345897228,0.2261592859393833,0.5415323794708939
0.14794869017318538,0.20582175789025767,0.646229551936557
0.1413156876476443,0.2517123681790322,0.6069719441733235
0.4345703792636854,0.30721631734811394,0.2582133033882007
0.3105959248408681,0.38551632567174815,0.30388774948738384
0.220672312796671,0.40295460472619726,0.37637308247713175
0.21027343801330675,0.23609231443871806,0.5536342475479752
0.19608243337974834,0.25860477492470996,0.5453127916955418
0.23375848840018346,0.2370345059965522,0.5292070056032643
0.32759936811515983,0.27485390907748475,0.3975467228073554
0.489008931324287,0.31554902798896195,0.19544204068675097
0.21730457934013156,0.20191022992089377,0.5807851907389747
0.2667101780256018,0.45281970248952,0.28047011948487827
0.1742589442444595,0.3235228144666154,0.502218241288925
0.2934183467280908,0.43945911181567393,0.2671225414562354
0.16614554282478688,0.2965044181625477,0.5373500390126654
0.491863659553075,0.3010429801768172,0.20709336027010766
0.23633374336938076,0.3380552165702219,0.4256110400603973
0.15855953591357103,0.1627538386531881,0.6786866254332409
0.13770830594809474,0.2630351498195644,0.5992565442323408
0.33128537311672135,0.38677277560468354,0.2819418512785951
0.31111793133395244,0.31752243468029834,0.3713596339857492
0.16416077557766962,0.14042098518564639,0.695418239236684
0.2108402666026539,0.300317067267266,0.48884266613008015
0.25154818219987995,0.2854580727269741,0.4629937450731458
0.27409721939084963,0.37496495434062643,0.350937826268524
0.2004671887497519,0.2679740107292905,0.5315588005209577
0.3096226493059038,0.24708098461646905,0.4432963660776272
0.18303946623366144,0.19027831998180367,0.626682213784535
0.42343748526716557,0.20213904766678206,0.3744234670660523
0.3445145268747939,0.16777929731169142,0.4877061758135147
0.2815707920315032,0.29045125044427217,0.4279779575242246
0.11762471259442163,0.3989478445453262,0.483427442860252
0.5031916815856923,0.21275436704138204,0.2840539513729257
0.31067155437732097,0.252715132740763,0.43661331288191596
0.4397644604883722,0.22083046590363528,0.33940507360799244
0.10952356445605435,0.1909987429117358,0.6994776926322098
0.27815580534948886,0.30260470459228533,0.4192394900582257
0.3686022960141154,0.2801035633793812,0.3512941406065033
0.14675716798620891,0.12434531824835729,0.7288975137654338
0.3014650549140105,0.2725645154101941,0.42597042967579535
0.33027981849982657,0.4402324989326259,0.22948768256754756
0.1623087386577633,0.23681618808647378,0.600875073255763
0.3032166941389744,0.2890554992033422,0.4077278066576834
0.2969023873059141,0.17502930787969948,0.5280683048143864
0.2599815964212388,0.3110738851364742,0.4289445184422869
0.20736914581745655,0.22875696379835678,0.5638738903841867
0.4134469719298301,0.13100901966199105,0.45554400840817877
0.2673409957418244,0.18931050439350094,0.5433484998646747
0.3983672129079999,0.2898965681897992,0.31173621890220093
0.16975600577582525,0.19851587926294423,0.6317281149612305
0.2701609395806415,0.2765571681722451,0.4532818922471133
0.3215881038573342,0.19856124174360756,0.4798506543990582
0.11501709675680111,0.20613279055780018,0.6788501126853987
0.6129494261870768,0.18943118769180717,0.19761938612111607
0.3174561967382232,0.2672523811834031,0.4152914220783737
0.15604989453902027,0.2792178743347299,0.5647322311262498
0.22454868124521127,0.26442379923453263,0.5110275195202562
0.39317965421867723,0.24742716531033523,0.35939318047098756
0.16255257057675068,0.2308681672477823,0.606579262175467
0.25704519557173533,0.2940441286648521,0.4489106757634126
0.2706213318601506,0.18296232770907542,0.546416340430774
0.14189177305215311,0.4225741616460998,0.43553406530174704
0.28310395926539,0.39391634341298326,0.3229796973216267
0.19443351608919435,0.22131122100814823,0.5842552629026574
0.4435021752399235,0.2589880031738966,0.29750982158617983
0.1794543412845466,0.26330257561945697,0.5572430830959965
0.2642882770411713,0.28005731105422055,0.45565441190460815
0.11198218727208044,0.22784087488005128,0.6601769378478682
0.18667548002292628,0.42527754566468423,0.3880469743123895
0.10453248054929754,0.16754732203388875,0.7279201974168137
0.14256519831322417,0.23314317911312588,0.6242916225736499
0.3536841984664723,0.27032162242611146,0.37599417910741617
0.11476860098893736,0.2669316709671476,0.6182997280439151
0.21265025320123984,0.2595493864576966,0.5278003603410635
0.38312780922017725,0.33447604143510923,0.28239614934471347
0.20591176550937404,0.519469962348032,0.2746182721425941
0.0814370433194185,0.21683523551911763,0.701727721161464
0.31892875128282766,0.3009119001100011,0.3801593486071712
0.2625455289262796,0.16214062576781746,0.575313845305903
0.45576386436111976,0.18748549114279633,0.35675064449608385
0.4747278107815749,0.2145771510250761,0.3106950381933489
0.24112321119106517,0.462127614745732,0.29674917406320284
0.24433063037277541,0.23928346043720672,0.5163859091900179
0.11549360334836026,0.19652621187183783,0.687980184779802
0.40451991711436275,0.23348321481187606,0.3619968680737612
0.11953427258607177,0.5585299004874201,0.321935826926508
0.16938089897742475,0.4076656256087937,0.42295347541378153
0.40879393991651863,0.3095611349926251,0.28164492509085615
0.3886926408224339,0.2783908028435957,0.3329165563339704
0.2829115865862386,0.317331423763563,0.39975698965019835
0.4589848312362197,0.2501017778194129,0.29091339094436747
0.19999118882218975,0.22353037658679714,0.5764784345910131
0.2386557676179646,0.2127322362158305,0.5486119961662049
0.13005512737386396,0.18561441657338273,0.6843304560527532
0.3687981538547346,0.2343902897285513,0.3968115564167141
0.16982532610895926,0.36194192301726846,0.4682327508737724
0.2881987847414919,0.25152745359415496,0.46027376166435313
0.5331256045392989,0.2789875040080356,0.1878868914526654
0.304644060155943,0.32346291011197736,0.37189302973207977
0.2057459445417226,0.4135090667164479,0.38074498874182955
0.4494937650288001,0.3302022757461634,0.22030395922503648
0.4346349759724367,0.2897405256233183,0.275624498404245
0.13423899909102574,0.19401567702997993,0.6717453238789944
0.49725903454223475,0.27894308884315716,0.2237978766146082
0.3794539693475026,0.22872926571045596,0.3918167649420414
0.34643781858879596,0.36617618126614365,0.28738600014506044
0.4887438498736162,0.29720338390721734,0.2140527662191664
0.47254199531813823,0.21993120266114494,0.3075268020207167
0.30214769349871307,0.3644276064080115,0.33342470009327535
0.1722378047542987,0.3279487912575153,0.49981340398818597
0.2869009695536544,0.26945013053269923,0.4436488999136463
0.33882236804345045,0.22333286315639664,0.437844768800153
0.34287199360507337,0.2914076272516471,0.36572037914327965
0.40567194342307383,0.2427291500541324,0.3515989065227937
0.20783435867152342,0.35191091472712094,0.44025472660135573
0.34696398578676146,0.28488599242635737,0.36815002178688117
0.30989085129548777,0.3596930920519868,0.33041605665252555
0.13348868960675558,0.3006791986548884,0.565832111738356
0.22615791317962158,0.27267266785420297,0.5011694189661755
0.38984358319337403,0.3753649723371012,0.2347914444695247
0.3446976414792675,0.2276495031555415,0.42765285536519104
0.44377281256817974,0.25331435724296275,0.3029128301888575
0.2027592901539475,0.2155865691864992,0.5816541406595533
0.23169425710277605,0.3226575127684695,0.4456482301287545
0.19043208337577788,0.12759262536032018,0.681975291263902
0.34306295659231384,0.27875496356051954,0.37818207984716656
0.5387670879806847,0.28121836419923785,0.1800145478200774
0.24025216082879294,0.2142124821821491,0.545535356989058
0.25084089212169275,0.20619986923085992,0.5429592386474473
0.44009448080065106,0.3246460547425484,0.23525946445680054
0.39195773636500847,0.26687494000891143,0.34116732362608015
0.274923510501533,0.3825962333843939,0.34248025611407307
0.22175703114112444,0.354369708681324,0.4238732601775516
0.4061764958011192,0.30701640653948276,0.28680709765939816
0.32344882204178793,0.2836708135454846,0.3928803644127274
0.2996608802498225,0.3092278180557222,0.3911113016944553
0.22396579107071368,0.33965326928432316,0.4363809396449632
0.09385839419987364,0.24796796968809803,0.6581736361120283
0.21284352787751726,0.3528830467118941,0.4342734254105886
0.14238042102903953,0.15277639343027902,0.7048431855406815
0.3049754450393138,0.33911644043827294,0.3559081145224133
0.2120200721486324,0.26281154839465154,0.5251683794567161
0.06820803728379461,0.1257306645752307,0.8060612981409747
0.4761609318413996,0.2053574094033546,0.3184816587552458
0.21981818511089318,0.1700736535352501,0.6101081613538566
0.09589548195183006,0.28674551960517913,0.6173589984429908
0.11344898797933389,0.3655342684151287,0.5210167436055373
0.18347027911306318,0.26946177306145785,0.547067947825479
0.250413874477611,0.2808264071880806,0.46875971833430835
0.27896767235624714,0.273617363440482,0.44741496420327087
0.11894226619434514,0.5021136066788235,0.3789441271268314
0.15809600218150427,0.292423390985853,0.5494806068326427
0.29526861651149994,0.4312021307039034,0.2735292527845967
0.24830951831453466,0.2552947951222495,0.4963956865632158
0.3092166964039196,0.29648454690250076,0.39429875669357967
0.17447940714953042,0.22852995708330898,0.5969906357671606
0.12635297823489397,0.3663615716493279,0.5072854501157781
0.3067410925345667,0.2254334866800575,0.46782542078537565
0.09561791690488558,0.2796058379701826,0.6247762451249319
0.17159794594222005,0.3044757555918863,0.5239262984658937
0.4114399035017581,0.3377254028007336,0.25083469369750816
0.22890765915698644,0.2720237562149407,0.4990685846280729
0.40668718896461226,0.1587225190541925,0.4345902919811952
0.3816720759365132,0.2786095997575654,0.3397183243059214
0.2225134277693617,0.1686010921782295,0.6088854800524088
0.1471274478899385,0.1361525456375594,0.7167200064725021
0.2439259375531585,0.2352226194661025,0.5208514429807389
0.3207179389876112,0.25487393455921353,0.42440812645317516
0.46537082554193915,0.3440758762552297,0.1905532982028313
0.6143356204343917,0.21048059344602282,0.17518378611958546
0.1460851983118171,0.2418179966249082,0.6120968050632747
0.3147418582288164,0.29251621786605225,0.3927419239051314
0.1795763076021663,0.3499529213774866,0.47047077102034707
0.33670391014311907,0.25696883671691817,0.4063272531399628
0.16774103248917116,0.23338469135346948,0.5988742761573593
0.31875085062310826,0.4197721622526349,0.26147698712425677
0.3105092203856108,0.3107623365442188,0.3787284430701704
0.17750829893481743,0.16804888581589514,0.6544428152492874
0.3459802439078471,0.2997947781992349,0.35422497789291796
0.4298590265461085,0.2699254267476647,0.30021554670622674
0.13904159823433745,0.24927737363721283,0.6116810281284497
0.2896646052491437,0.29366263332684256,0.41667276142401366
0.20473951756920836,0.5331076247809318,0.26215285764986
0.2030140602225973,0.3983286879030916,0.39865725187431117
0.1936052566212674,0.22561443108595966,0.580780312292773
0.2841928392773646,0.4036839716092016,0.3121231891134338
0.2773089375646311,0.2477814265039512,0.4749096359314177
0.1806417862539897,0.3096826308379764,0.5096755829080339
0.1963332360593221,0.18429914844550163,0.6193676154951763
0.4775454015311384,0.26931727486984286,0.25313732359901886
0.18603182162188184,0.2665573420803299,0.5474108362977883
0.17398195299089544,0.40169967120079114,0.42431837580831355
0.4925660880676115,0.19230120451252006,0.31513270741986843
0.1940970226584708,0.4601601459248823,0.34574283141664697
0.3102829292577326,0.21155049177834062,0.47816657896392684
0.42823514866743584,0.2827846128177169,0.28898023851484733
0.14206074466916996,0.1930033013830231,0.6649359539478069
0.18993047298961724,0.2713917452741955,0.5386777817361872
0.1581654724679274,0.16486999410075134,0.6769645334313213
0.4673809327229855,0.264080630041081,0.26853843723593357
0.40586594919937724,0.25329779306659467,0.34083625773402815
0.484887387729919,0.25402977497597445,0.26108283729410636
0.3531689211690453,0.308573448795112,0.33825763003584264
0.18907510626417426,0.23952212484432003,0.5714027688915058
0.3084930419945747,0.28174861934588075,0.40975833865954453
0.425406254414748,0.2288196083296976,0.34577413725555434
0.11811333446714666,0.2588794572800386,0.6230072082528147
0.2119732621600735,0.4303258680713324,0.35770086976859417
0.33387876013979295,0.2594461523281617,0.4066750875320454
0.28469323206696345,0.33931108580452235,0.3759956821285142
0.25961020795482026,0.45867668297877784,0.281713109066402
0.44459698465605046,0.24040075080606368,0.31500226453788593
0.16180369058943406,0.27440111092919645,0.5637951984813695
0.15785511444553735,0.26948369321013105,0.5726611923443317
0.3226777324178381,0.22639435890479398,0.45092790867736793
0.3360571652202802,0.321103162744326,0.3428396720353939
0.22748737914638867,0.19041725813672766,0.5820953627168837
0.22507124127325706,0.2399265725961938,0.5350021861305492
0.399172360200291,0.27817445465923535,0.3226531851404737
0.39793780128387285,0.3258596719238227,0.27620252679230445
0.274507309060678,0.18646995060115337,0.5390227403381687
0.39055923491057637,0.1544435711104382,0.45499719397898547
0.2685893476900676,0.3733497513721113,0.3580609009378212
0.2955523491636845,0.46250413302608406,0.24194351781023146
0.35035207500832766,0.22106575400207915,0.42858217098959317
0.10465124502741188,0.36961303989230854,0.5257357150802796
0.3885642812555573,0.21156491008073303,0.39987080866370955
0.4309751194584058,0.1620659300035152,0.40695895053807896
0.31446049519352914,0.34275376975264776,0.34278573505382304
0.2201068989259181,0.3124225739218346,0.46747052715224735
0.24224931904638372,0.32928424174500376,0.4284664392086125
0.33886153585629447,0.31149560376967217,0.3496428603740334
0.15686110096693145,0.28103362082018385,0.5621052782128847
0.1395714634904783,0.2059261220378633,0.6545024144716585
0.5217554280060103,0.2528285491067703,0.22541602288721932
0.40654612511400956,0.2661268556936169,0.32732701919237367
0.2014097279984363,0.18260232021338152,0.6159879517881822
0.48343207263094895,0.23980009892655788,0.2767678284424931
0.30409821217830446,0.22718482234228068,0.46871696547941494
0.461813118653301,0.3208880938613471,0.21729878748535186
0.15871551357145236,0.28115856868975286,0.5601259177387947
0.28995128484674076,0.22979139033327142,0.4802573248199879
0.17825252919895515,0.1643028398805249,0.6574446309205201
0.5058568362145828,0.2346053069963776,0.25953785678903957
0.4028712235653776,0.3178399912090446,0.2792887852255778
